nguon,tep,so_trang,phan_loai,ti_le_dau,producer,moi_font_co_tounicode,so_hieu_ten_tep,loai_ten_tep
van-ban-tong-hop,ngoai-2cac1ddad6.pdf,34,QUET,,HP Scan Extended Application; modified using iText® Core 7.2,,,
van-ban-tong-hop,ngoai-9aa4842003.pdf,1,LOP CHU TOT,0.2981,Microsoft® Word 2019; modified using iTextSharp™ 5.5.9 ©2000,False,,
van-ban-tong-hop,ngoai-101d6da6a9.pdf,2,LOP CHU TOT,0.2857,Microsoft® Word 2019; modified using iTextSharp™ 5.5.9 ©2000,False,,
van-ban-tong-hop,ngoai-a1e8c0a68a.pdf,3,LOP CHU TOT,0.2872,Microsoft® Word 2019; modified using iTextSharp™ 5.5.9 ©2000,False,,
van-ban-tong-hop,ngoai-506ebdb13a.pdf,2,QUET,,HP Scan Extended Application; modified using iText® Core 7.2,,,
van-ban-tong-hop,ngoai-15552f60d9.pdf,2,QUET,,HP Scan Extended Application; modified using iText® Core 7.2,,,
van-ban-tong-hop,ngoai-c9c41adbfa.pdf,1,LOP CHU TOT,0.3114,Microsoft® Word 2019,False,,
van-ban-tong-hop,4898_UNK_2025_NA.pdf,2,QUET,,PFU PDF Library 1.4.2,,4898,UNK
van-ban-tong-hop,ngoai-844d326660.pdf,11,LOP CHU TOT,0.1667,HP Scan Extended Application; modified using iTextSharp™ 5.5,,,
van-ban-tong-hop,ngoai-88e7d804a3.pdf,30,LOP CHU TOT,0.2848,Microsoft® Word 2019; modified using iTextSharp™ 5.5.9 ©2000,False,,
van-ban-tong-hop,ngoai-a8cc80b322.pdf,14,QUET,,RICOH MP 2555,,,
van-ban-tong-hop,ngoai-a6c6ebbafb.pdf,11,LOP CHU HONG,0.0007,PDFium,False,,
van-ban-tong-hop,ngoai-f55c9a1fee.pdf,1,LOP CHU HONG,0.0000,DPE Build 5656,True,,
van-ban-tong-hop,ngoai-115b2b4a6d.pdf,9,QUET,,PDFium,,,
van-ban-tong-hop,ngoai-d24437c6f1.pdf,33,LOP CHU TOT,0.2836,Microsoft: Print To PDF,True,,
van-ban-tong-hop,ngoai-1d662e2d23.pdf,115,LOP CHU HONG,0.0007,OmniPageCSDK18; modified using iTextSharp™ 5.5.9 ©2000-2016 ,False,,
van-ban-tong-hop,ngoai-f9a5adc4d3.pdf,109,LOP CHU TOT,0.3364,Microsoft® Word for Microsoft 365,False,,
van-ban-tong-hop,ngoai-3ad20f65f0.pdf,32,LOP CHU TOT,0.2977,Adobe PDF Library 21.1.177,True,,
van-ban-tong-hop,ngoai-b64dcb5fbf.pdf,31,LOP CHU TOT,0.2968,Microsoft® Word for Microsoft 365,False,,
van-ban-tong-hop,ngoai-34c6f42a2a.pdf,12,QUET,,RICOH Aficio MP 9002,,,
van-ban-tong-hop,ngoai-dbcfc61f99.pdf,20,LOP CHU TOT,0.3115,Mac OS X 10.12.6 Quartz PDFContext,False,,
van-ban-tong-hop,ngoai-b989521a02.pdf,21,QUET,,HP Scan Extended Application; modified using iTextSharp™ 5.5,,,
van-ban-tong-hop,ngoai-659856257d.pdf,24,LOP CHU TOT,0.3018,Microsoft® Word for Microsoft 365,False,,
van-ban-tong-hop,ngoai-a202958015.pdf,34,LOP CHU TOT,0.1771,PDFium,,,
van-ban-tong-hop,ngoai-c3285eab27.pdf,30,LOP CHU TOT,0.2929,Microsoft® Word for Microsoft 365,False,,
van-ban-tong-hop,ngoai-3d0cf82244.pdf,18,QUET,,Epson Scan 2,,,
van-ban-tong-hop,ngoai-5401cdcf12.pdf,149,LOP CHU TOT,0.3261,Microsoft® Word for Microsoft 365,False,,
van-ban-tong-hop,ngoai-6a7be8418c.pdf,10,QUET,,PDFium,,,
van-ban-tong-hop,ngoai-466eee66fc.pdf,10,LOP CHU TOT,0.3077,Microsoft® Word for Microsoft 365,False,,
van-ban-tong-hop,ngoai-07ca8ef168.pdf,16,LOP CHU TOT,0.2981,Microsoft® Word for Microsoft 365,False,,
van-ban-tong-hop,ngoai-558a92a5bb.pdf,31,LOP CHU TOT,0.2910,Microsoft® Word for Microsoft 365,False,,
van-ban-tong-hop,ngoai-0435d63183.pdf,52,LOP CHU TOT,0.3174,Microsoft® Word for Microsoft 365,False,,
van-ban-tong-hop,ngoai-7cc2a4c58e.pdf,25,LOP CHU TOT,0.3221,Microsoft® Word for Microsoft 365,False,,
van-ban-tong-hop,ngoai-836052ebdf.pdf,6,LOP CHU TOT,0.3231,Microsoft® Word for Microsoft 365,False,,
van-ban-tong-hop,ngoai-6721ffcb17.pdf,13,LOP CHU TOT,0.3026,Skia/PDF m152 Google Docs Renderer,True,,
van-ban-tong-hop,ngoai-ff29196818.pdf,8,LOP CHU TOT,0.2981,Microsoft® Word for Microsoft 365,False,,
van-ban-tong-hop,ngoai-98f40e3c9c.pdf,15,QUET,,HP Scan Extended Application; modified using iText® Core 7.2,,,
van-ban-tong-hop,ngoai-d672ffa2cb.pdf,7,QUET,,HP Scan Extended Application; modified using iText® Core 7.2,,,
van-ban-tong-hop,ngoai-ba7b5197f1.pdf,32,LOP CHU TOT,0.1771,Kodak Alaris Inc.     ; modified using iTextSharp™ 5.5.5 ©20,,,
van-ban-tong-hop,ngoai-77929be9fd.pdf,46,QUET,,HP Scan Extended Application; modified using iText® Core 7.2,,,
van-ban-tong-hop,ngoai-890ec8c684.pdf,24,QUET,,HP Scan Extended Application; modified using iText® Core 7.2,,,
van-ban-tong-hop,ngoai-f1693086d0.pdf,7,LOP CHU TOT,0.1667,HP Scan Extended Application; modified using iTextSharp™ 5.5,,,
van-ban-tong-hop,ngoai-0fe7c90879.pdf,14,LOP CHU HONG,0.0004,OmniPageCSDK18; modified using iText® Core 7.2.3 (AGPL versi,False,,
van-ban-tong-hop,ngoai-72789971fb.pdf,73,LOP CHU TOT,0.2777,Microsoft® Word for Microsoft 365,False,,
van-ban-tong-hop,ngoai-a4d6660308.pdf,9,LOP CHU TOT,0.1771,PDFium,,,
van-ban-tong-hop,ngoai-fbdec9f0bf.pdf,67,LOP CHU TOT,0.1702,PDFium,,,
van-ban-tong-hop,ngoai-d0f7fce686.pdf,6,QUET,,PDFScanLib v1.2.2 in Adobe Acrobat 7.0,,,
van-ban-tong-hop,ngoai-11f352ca21.pdf,11,LOP CHU TOT,0.1702,PDFium,,,
van-ban-tong-hop,ngoai-e65b48c127.pdf,25,QUET,,PDFium,,,
van-ban-tong-hop,ngoai-337c6ee1aa.pdf,29,LOP CHU TOT,0.3111,Microsoft® Word for Microsoft 365,False,,
van-ban-tong-hop,ngoai-c68e5de4af.pdf,16,LOP CHU TOT,0.3026,Microsoft® Word for Microsoft 365,False,,
van-ban-tong-hop,ngoai-d54aa8b592.pdf,13,LOP CHU TOT,0.2984,Microsoft® Word for Microsoft 365,False,,
van-ban-tong-hop,ngoai-dddbf78cee.pdf,15,QUET,,PDFium,,,
van-ban-tong-hop,ngoai-004b788124.pdf,14,QUET,,PDFium,,,
van-ban-tong-hop,0006_BC_2026_DHKTDN.pdf,10,QUET,,PFU PDF Library 1.4.2,,6,BC
van-ban-tong-hop,0029_BC_2026_DHKTDN.pdf,9,QUET,,PFU PDF Library 1.4.2,,29,BC
van-ban-tong-hop,0035_BC_2017_NA.pdf,7,QUET,,,,35,BC
van-ban-tong-hop,0041_BC_2026_DHKTDN.pdf,8,QUET,,PFU PDF Library 1.4.2,,41,BC
van-ban-tong-hop,0048_BC_2025_NA.pdf,8,QUET,,PFU PDF Library 1.4.2,,48,BC
van-ban-tong-hop,0060_BC_2016_NA.pdf,15,QUET,,,,60,BC
van-ban-tong-hop,0063_BC_2026_DHKTDN.pdf,8,QUET,,PFU PDF Library 1.4.2,,63,BC
van-ban-tong-hop,0075_BC_2025_NA.pdf,7,QUET,,PFU PDF Library 1.4.2,,75,BC
van-ban-tong-hop,0092_BC_2026_DHKTDN.pdf,9,QUET,,PFU PDF Library 1.4.2,,92,BC
van-ban-tong-hop,0100_BC_2013_DHKT_24-10.pdf,4,QUET,,,,100,BC
van-ban-tong-hop,0117_BC_2026_DHKTDN.pdf,10,QUET,,Epson Scan 2,,117,BC
van-ban-tong-hop,0210_BC_2025_NA.pdf,8,QUET,,PFU PDF Library 1.4.2,,210,BC
van-ban-tong-hop,0222_BC_2023_NA.pdf,2,QUET,,PFU PDF Library 2.0.1,,222,BC
van-ban-tong-hop,0233_BC_0000_DHKTDN.pdf,9,QUET,,PFU PDF Library 1.4.2,,233,BC
van-ban-tong-hop,0311_BC_2025_NA.pdf,10,QUET,,PFU PDF Library 1.4.2,,311,BC
van-ban-tong-hop,0326_BC_2024_NA.pdf,8,QUET,,PFU PDF Library 1.4.2,,326,BC
van-ban-tong-hop,0350_BC_2025_NA.pdf,10,QUET,,PFUPDF Engine 1.2.0,,350,BC
van-ban-tong-hop,0393_BC_2025_DHKTDN.pdf,10,QUET,,PFU PDF Library 1.4.2,,393,BC
van-ban-tong-hop,ngoai-ed925b9635.pdf,7,LOP CHU TOT,0.2853,Microsoft® Word 2013,False,,
van-ban-tong-hop,ngoai-40b0f40550.pdf,9,QUET,,PFU PDF Library 1.4.2,,,
van-ban-tong-hop,0001_CV_2018_NA.pdf,2,QUET,,,,1,CV
van-ban-tong-hop,0004_CV_0000_DHKT.pdf,1,LOP CHU HONG,0.0000,DPE Build 5656,True,4,CV
van-ban-tong-hop,0006_CV_0000_DHKT.pdf,1,LOP CHU HONG,0.0000,DPE Build 5656,True,6,CV
van-ban-tong-hop,0007_CV_0000_DHKT.pdf,4,LOP CHU HONG,0.0000,DPE Build 5656,True,7,CV
van-ban-tong-hop,0008_CV_2016_NA.pdf,2,LOP CHU HONG,0.0000,DPE Build 5656,True,8,CV
van-ban-tong-hop,0011_CV_0000_DHKT.pdf,1,LOP CHU HONG,0.0000,DPE Build 5656,True,11,CV
van-ban-tong-hop,0011_CV_2013_DHKT_14-01.pdf,1,QUET,,,,11,CV
van-ban-tong-hop,0012_CV_0000_DHKT.pdf,1,LOP CHU HONG,0.0000,DPE Build 5656,True,12,CV
van-ban-tong-hop,0013_CV_0000_DHKT.pdf,2,LOP CHU HONG,0.0000,DPE Build 5656,True,13,CV
van-ban-tong-hop,0015_CV_2013_DHKT_24-01.pdf,1,QUET,,,,15,CV
van-ban-tong-hop,0026_CV_2016_NA.pdf,5,LOP CHU HONG,0.0000,DPE Build 5656,True,26,CV
van-ban-tong-hop,0026_CV_2016_NA-2.pdf,3,QUET,,,,26,CV
van-ban-tong-hop,0027_CV_2024_NA.pdf,2,QUET,,PFUPDF Engine 1.2.0,,27,CV
van-ban-tong-hop,0028_CV_0000_NA.pdf,2,QUET,,PFU PDF Library 1.4.2,,28,CV
van-ban-tong-hop,0029_CV_2016_NA.pdf,1,LOP CHU HONG,0.0000,DPE Build 5656,True,29,CV
van-ban-tong-hop,0031_CV_0000_DHKT.pdf,5,LOP CHU HONG,0.0000,DPE Build 5656,True,31,CV
van-ban-tong-hop,0031_CV_2017_NA.pdf,1,QUET,,,,31,CV
van-ban-tong-hop,0032_CV_2016_NA.pdf,1,LOP CHU HONG,0.0000,DPE Build 5656,True,32,CV
van-ban-tong-hop,0032_CV_2017_NA.pdf,1,QUET,,,,32,CV
van-ban-tong-hop,0037_CV_2013_DHKT_10-04.pdf,17,QUET,,,,37,CV
van-ban-tong-hop,0039_CV_0000_DHKT.pdf,3,LOP CHU HONG,0.0000,DPE Build 5656,True,39,CV
van-ban-tong-hop,0039_CV_2016_NA.pdf,1,LOP CHU HONG,0.0000,DPE Build 5656,True,39,CV
van-ban-tong-hop,0040_CV_0000_DHKT.pdf,1,LOP CHU HONG,0.0000,DPE Build 5656,True,40,CV
van-ban-tong-hop,0040_CV_2016_NA.pdf,1,LOP CHU HONG,0.0000,DPE Build 5656,True,40,CV
van-ban-tong-hop,0041_CV_2013_DHKT_04-05.pdf,1,QUET,,,,41,CV
van-ban-tong-hop,0042_CV_0000_DHKT.pdf,1,LOP CHU HONG,0.0000,DPE Build 5656,True,42,CV
van-ban-tong-hop,0044_CV_0000_DHKT.pdf,2,QUET,,,,44,CV
van-ban-tong-hop,0044_CV_2016_NA.pdf,5,LOP CHU HONG,0.0000,DPE Build 5656,True,44,CV
van-ban-tong-hop,0045_CV_0000_DHKT.pdf,1,LOP CHU HONG,0.0000,DPE Build 5656,True,45,CV
van-ban-tong-hop,0046_CV_2021_NA.pdf,1,QUET,,PFU PDF Library 1.4.2,,46,CV
van-ban-tong-hop,0050_CV_0000_DHKT.pdf,2,LOP CHU HONG,0.0000,DPE Build 5656,True,50,CV
van-ban-tong-hop,0056_CV_2013_DHKT_24-06.pdf,1,QUET,,,,56,CV
van-ban-tong-hop,0058_CV_2016_NA.pdf,4,QUET,,,,58,CV
van-ban-tong-hop,0061_CV_2022_NA.pdf,2,QUET,,PFU PDF Library 1.4.2,,61,CV
van-ban-tong-hop,0062_CV_0000_DHKT.pdf,1,LOP CHU HONG,0.0000,DPE Build 5656,True,62,CV
van-ban-tong-hop,0062_CV_0000_DHKT-2.pdf,8,LOP CHU HONG,0.0000,DPE Build 5656,True,62,CV
van-ban-tong-hop,0063_CV_0000_DHKT.pdf,6,LOP CHU HONG,0.0000,DPE Build 5656,True,63,CV
van-ban-tong-hop,0065_CV_0000_DHKT.pdf,2,QUET,,,,65,CV
van-ban-tong-hop,0071_CV_0000_DHKT.pdf,1,LOP CHU HONG,0.0000,DPE Build 5656,True,71,CV
van-ban-tong-hop,0072_CV_2016_NA.pdf,1,QUET,,,,72,CV
van-ban-tong-hop,0072_CV_2017_NA.pdf,1,QUET,,,,72,CV
van-ban-tong-hop,0075_CV_0000_DHKT.pdf,1,LOP CHU HONG,0.0000,DPE Build 5656,True,75,CV
van-ban-tong-hop,0077_CV_2023_NA.pdf,1,QUET,,PFU PDF Library 1.4.2,,77,CV
van-ban-tong-hop,0078_CV_2017_NA.pdf,1,QUET,,,,78,CV
van-ban-tong-hop,0078_CV_2021_NA.pdf,1,QUET,,PFU PDF Library 1.4.2,,78,CV
van-ban-tong-hop,0079_CV_2024_NA.pdf,2,QUET,,PFU PDF Library 1.4.2,,79,CV
van-ban-tong-hop,0080_CV_0000_DHKT.pdf,2,QUET,,,,80,CV
van-ban-tong-hop,0082_CV_0000_DHKT.pdf,7,QUET,,,,82,CV
van-ban-tong-hop,0083_CV_0000_DHKT.pdf,4,QUET,,,,83,CV
van-ban-tong-hop,0083_CV_0000_DHKT-2.pdf,1,LOP CHU HONG,0.0000,DPE Build 5656,True,83,CV
van-ban-tong-hop,0085_CV_0000_DHKT.pdf,2,LOP CHU HONG,0.0000,DPE Build 5656,True,85,CV
van-ban-tong-hop,0085_CV_0000_DHKT-2.pdf,6,LOP CHU HONG,0.0000,DPE Build 5656,True,85,CV
van-ban-tong-hop,0087_CV_2016_NA.pdf,4,QUET,,,,87,CV
van-ban-tong-hop,0090_CV_2023_NA.pdf,2,QUET,,PFU PDF Library 1.4.2,,90,CV
van-ban-tong-hop,0092_CV_0000_DHKT.pdf,2,LOP CHU HONG,0.0000,DPE Build 5656,True,92,CV
van-ban-tong-hop,0093_CV_0000_DHKT.pdf,2,QUET,,PFUPDF Engine 1.2.0,,93,CV
van-ban-tong-hop,0097_CV_0000_DHKT.pdf,3,LOP CHU HONG,0.0000,DPE Build 5656,True,97,CV
van-ban-tong-hop,0097_CV_2020_NA.pdf,1,QUET,,PFU PDF Library 1.4.2,,97,CV
van-ban-tong-hop,0099_CV_0000_DHKT.pdf,11,QUET,,,,99,CV
van-ban-tong-hop,0103_CV_2015_NA.pdf,2,QUET,,,,103,CV
van-ban-tong-hop,0103_CV_2020_NA.pdf,1,QUET,,PFU PDF Library 1.4.2,,103,CV
van-ban-tong-hop,0105_CV_0000_DHKT.pdf,3,LOP CHU HONG,0.0000,DPE Build 5656,True,105,CV
van-ban-tong-hop,0106_CV_0000_DHKT.pdf,2,LOP CHU HONG,0.0000,DPE Build 5656,True,106,CV
van-ban-tong-hop,0106_CV_2016_NA.pdf,1,QUET,,,,106,CV
van-ban-tong-hop,0107_CV_2017_NA.pdf,4,QUET,,,,107,CV
van-ban-tong-hop,0108_CV_0000_DHKT.pdf,4,QUET,,,,108,CV
van-ban-tong-hop,0112_CV_2016_NA.pdf,4,QUET,,,,112,CV
van-ban-tong-hop,0113_CV_2016_NA.pdf,7,QUET,,,,113,CV
van-ban-tong-hop,0113_CV_2017_NA.pdf,7,QUET,,,,113,CV
van-ban-tong-hop,0114_CV_2022_NA.pdf,1,QUET,,PFU PDF Library 1.4.2,,114,CV
van-ban-tong-hop,0116_CV_2013_DHKT_25-12.pdf,1,QUET,,,,116,CV
van-ban-tong-hop,0119_CV_2017_NA.pdf,1,QUET,,,,119,CV
van-ban-tong-hop,0120_CV_0000_DHKT.pdf,13,QUET,,,,120,CV
van-ban-tong-hop,0120_CV_0000_NA.pdf,2,QUET,,,,120,CV
van-ban-tong-hop,0122_CV_0000_DHKT.pdf,4,LOP CHU HONG,0.0000,DPE Build 5656,True,122,CV
van-ban-tong-hop,0123_CV_0000_DHKT.pdf,1,LOP CHU HONG,0.0000,DPE Build 5656,True,123,CV
van-ban-tong-hop,0124_CV_0000_DHKT.pdf,2,QUET,,,,124,CV
van-ban-tong-hop,0124_CV_2017_NA.pdf,2,QUET,,,,124,CV
van-ban-tong-hop,0128_CV_0000_DHKT.pdf,1,LOP CHU HONG,0.0000,DPE Build 5656,True,128,CV
van-ban-tong-hop,0129_CV_2019_NA.pdf,2,QUET,,PFU PDF Library 1.2.1,,129,CV
van-ban-tong-hop,0130_CV_2017_NA.pdf,1,QUET,,,,130,CV
van-ban-tong-hop,0131_CV_2017_NA.pdf,1,QUET,,,,131,CV
van-ban-tong-hop,0132_CV_2020_NA.pdf,1,QUET,,PFU PDF Library 1.4.2,,132,CV
van-ban-tong-hop,0141_CV_2016_NA.pdf,6,QUET,,,,141,CV
van-ban-tong-hop,0142_CV_2016_NA.pdf,1,QUET,,,,142,CV
van-ban-tong-hop,0144_CV_0000_DHKT.pdf,1,LOP CHU HONG,0.0000,DPE Build 5656,True,144,CV
van-ban-tong-hop,0145_CV_2019_NA.pdf,2,QUET,,PFU PDF Library 1.2.1,,145,CV
van-ban-tong-hop,0151_CV_0000_NA.pdf,1,LOP CHU HONG,0.0000,DPE Build 5656,True,151,CV
van-ban-tong-hop,0152_CV_2017_NA.pdf,1,QUET,,,,152,CV
van-ban-tong-hop,0154_CV_0000_NA.pdf,1,LOP CHU HONG,0.0000,DPE Build 5656,True,154,CV
van-ban-tong-hop,0157_CV_2018_NA.pdf,2,QUET,,,,157,CV
van-ban-tong-hop,0159_CV_0000_NA.pdf,1,LOP CHU HONG,0.0000,DPE Build 5656,True,159,CV
van-ban-tong-hop,0161_CV_2019_NA.pdf,1,QUET,,PFU PDF Library 1.2.1,,161,CV
van-ban-tong-hop,0167_CV_0000_NA.pdf,1,LOP CHU HONG,0.0000,DPE Build 5656,True,167,CV
van-ban-tong-hop,0168_CV_2022_NA.pdf,2,QUET,,PFU PDF Library 1.4.2,,168,CV
van-ban-tong-hop,0169_CV_2017_NA.pdf,2,QUET,,,,169,CV
van-ban-tong-hop,0172_CV_0000_NA.pdf,2,LOP CHU HONG,0.0000,DPE Build 5656,True,172,CV
van-ban-tong-hop,0175_CV_0000_NA.pdf,4,LOP CHU HONG,0.0000,DPE Build 5656,True,175,CV
van-ban-tong-hop,0176_CV_2017_NA.pdf,2,QUET,,,,176,CV
van-ban-tong-hop,0177_CV_2018_NA.pdf,1,QUET,,,,177,CV
van-ban-tong-hop,0178_CV_2017_NA.pdf,1,QUET,,,,178,CV
van-ban-tong-hop,0185_CV_2018_NA.pdf,10,QUET,,,,185,CV
van-ban-tong-hop,0189_CV_2023_NA.pdf,10,QUET,,PFU PDF Library 1.4.2,,189,CV
van-ban-tong-hop,0195_CV_2023_NA.pdf,1,QUET,,PFU PDF Library 1.4.2,,195,CV
van-ban-tong-hop,0198_CV_2018_NA.pdf,4,QUET,,,,198,CV
van-ban-tong-hop,0200_CV_2018_NA.pdf,1,QUET,,,,200,CV
van-ban-tong-hop,0210_CV_2017_NA.pdf,2,QUET,,,,210,CV
van-ban-tong-hop,0215_CV_2018_NA.pdf,1,QUET,,,,215,CV
van-ban-tong-hop,0216_CV_2019_NA.pdf,1,QUET,,PFU PDF Library 1.4.2,,216,CV
van-ban-tong-hop,0224_CV_2021_NA.pdf,2,QUET,,PFU PDF Library 1.4.2,,224,CV
van-ban-tong-hop,0228_CV_2020_NA.pdf,2,QUET,,PFU PDF Library 1.4.2,,228,CV
van-ban-tong-hop,0229_CV_0000_DHKTDN.pdf,2,QUET,,PFU PDF Library 1.4.2,,229,CV
van-ban-tong-hop,0230_CV_0000_DHKTDN.pdf,3,QUET,,PFU PDF Library 1.4.2,,230,CV
van-ban-tong-hop,0232_CV_0000_DHKTDN.pdf,1,QUET,,PFU PDF Library 1.4.2,,232,CV
van-ban-tong-hop,0233_CV_2020_NA.pdf,1,QUET,,PFU PDF Library 1.4.2,,233,CV
van-ban-tong-hop,0258_CV_2022_NA.pdf,1,QUET,,PFU PDF Library 2.0.1,,258,CV
van-ban-tong-hop,0273_CV_2025_NA.pdf,1,QUET,,Epson Scan 2,,273,CV
van-ban-tong-hop,0274_CV_0000_DHKTDN.pdf,2,QUET,,PFU PDF Library 2.0.1,,274,CV
van-ban-tong-hop,0278_CV_2023_NA.pdf,25,QUET,,PFU PDF Library 1.4.2,,278,CV
van-ban-tong-hop,0310_CV_0000_NA.pdf,2,QUET,,PFU PDF Library 1.4.2,,310,CV
van-ban-tong-hop,0320_CV_2025_NA.pdf,2,QUET,,PFUPDF Engine 1.2.0,,320,CV
van-ban-tong-hop,0324_CV_2024_NA.pdf,2,QUET,,PFUPDF Engine 1.2.0,,324,CV
van-ban-tong-hop,0369_CV_0000_DHKT.pdf,1,LOP CHU HONG,0.0000,DPE Build 5656,True,369,CV
van-ban-tong-hop,0854_CV_2013_DHKT_28-11.pdf,1,QUET,,,,854,CV
van-ban-tong-hop,ngoai-bfea6ef29a.pdf,1,QUET,,PFU PDF Library 1.4.2,,,
van-ban-tong-hop,ngoai-68793cabde.pdf,1,QUET,,,,,
van-ban-tong-hop,ngoai-007fb978fe.pdf,3,QUET,,,,,
van-ban-tong-hop,ngoai-bf65079096.pdf,13,QUET,,,,,
van-ban-tong-hop,ngoai-efbea79b6d.pdf,4,QUET,,,,,
van-ban-tong-hop,ngoai-20f42e5d0a.pdf,1,QUET,,,,,
van-ban-tong-hop,ngoai-d1abc01c45.pdf,1,QUET,,,,,
van-ban-tong-hop,ngoai-992657b5af.pdf,21,QUET,,,,,
van-ban-tong-hop,ngoai-532f14f2aa.pdf,7,QUET,,,,,
van-ban-tong-hop,ngoai-8cd8a65bb3.pdf,1,QUET,,,,,
van-ban-tong-hop,ngoai-3123101cbd.pdf,2,QUET,,,,,
van-ban-tong-hop,ngoai-c8b17b9f07.pdf,1,QUET,,,,,
van-ban-tong-hop,ngoai-6c5f52eeb9.pdf,1,QUET,,,,,
van-ban-tong-hop,ngoai-d7362c954a.pdf,2,QUET,,,,,
van-ban-tong-hop,ngoai-770b63ddd3.pdf,10,QUET,,,,,
van-ban-tong-hop,ngoai-ee560d7e86.pdf,1,QUET,,PFU PDF Library 1.4.2,,,
van-ban-tong-hop,ngoai-d4ddbf2abc.pdf,2,QUET,,PFU PDF Library 1.4.2,,,
van-ban-tong-hop,ngoai-348315c738.pdf,6,LOP CHU HONG,0.0000,DPE Build 5656,True,,
van-ban-tong-hop,ngoai-730088af73.pdf,1,QUET,,Microsoft® Word 2013,False,,
van-ban-tong-hop,ngoai-b6a158858c.pdf,2,LOP CHU TOT,0.2837,Microsoft® Word 2013,False,,
van-ban-tong-hop,ngoai-593147b4c1.pdf,26,QUET,,iText® 5.5.8 ©2000-2015 iText Group NV (ONLINE PDF SERVICES;,False,,
van-ban-tong-hop,ngoai-3ac392d0e5.pdf,21,QUET,,iText® 5.5.8 ©2000-2015 iText Group NV (ONLINE PDF SERVICES;,False,,
van-ban-tong-hop,ngoai-e3fc3ace15.pdf,21,LOP CHU TOT,0.2956,Microsoft® Word 2013,,,
van-ban-tong-hop,ngoai-a86f7be45d.pdf,12,LOP CHU TOT,0.2848,Microsoft® Word 2013,,,
van-ban-tong-hop,ngoai-e80a84142a.pdf,5,LOP CHU TOT,0.2699,Microsoft® Word 2013,,,
van-ban-tong-hop,ngoai-94bec8e0d7.pdf,5,LOP CHU TOT,0.2752,Microsoft® Word 2013,False,,
van-ban-tong-hop,ngoai-76927639f0.pdf,6,LOP CHU TOT,0.2803,Microsoft® Word 2013,False,,
van-ban-tong-hop,ngoai-cde7e78c39.pdf,6,LOP CHU TOT,0.2763,Microsoft® Word 2013,False,,
van-ban-tong-hop,ngoai-54b57f626a.pdf,5,LOP CHU TOT,0.2678,Microsoft® Word 2013,False,,
van-ban-tong-hop,ngoai-5644d8997e.pdf,7,LOP CHU TOT,0.2880,Microsoft® Word 2013,False,,
van-ban-tong-hop,ngoai-5b88cfcb49.pdf,14,LOP CHU TOT,0.3104,Microsoft® Word 2013,,,
van-ban-tong-hop,ngoai-ed444b705e.pdf,13,LOP CHU TOT,0.2829,Microsoft® Word 2013,,,
van-ban-tong-hop,ngoai-b92b5e4112.pdf,7,LOP CHU TOT,0.2954,Microsoft® Word 2013,False,,
van-ban-tong-hop,ngoai-fa3ffa8c2b.pdf,7,LOP CHU TOT,0.3071,Microsoft® Word 2013,,,
van-ban-tong-hop,ngoai-08ce795f43.pdf,8,LOP CHU TOT,0.2884,Microsoft® Word 2013,,,
van-ban-tong-hop,ngoai-f275425873.pdf,5,LOP CHU TOT,0.2892,Microsoft® Word 2013,,,
van-ban-tong-hop,ngoai-a0b445307f.pdf,7,LOP CHU TOT,0.2925,Microsoft® Word 2013,,,
van-ban-tong-hop,ngoai-48ae39c9d4.pdf,8,LOP CHU TOT,0.2808,Microsoft® Word 2013,False,,
van-ban-tong-hop,ngoai-ec578e76ce.pdf,7,LOP CHU TOT,0.2888,Microsoft® Word 2013,False,,
van-ban-tong-hop,ngoai-ecd6c95bcb.pdf,6,LOP CHU TOT,0.2964,Microsoft® Word 2013,False,,
van-ban-tong-hop,ngoai-175b453380.pdf,9,LOP CHU TOT,0.2818,Microsoft® Word 2013,,,
van-ban-tong-hop,ngoai-3fc414047a.pdf,8,LOP CHU TOT,0.2908,Microsoft® Word 2013,False,,
van-ban-tong-hop,ngoai-45bc7f55c6.pdf,8,LOP CHU TOT,0.2880,Microsoft® Word 2013,False,,
van-ban-tong-hop,ngoai-817baf0871.pdf,8,LOP CHU TOT,0.2943,Microsoft® Word 2013,False,,
van-ban-tong-hop,ngoai-674d806771.pdf,7,LOP CHU TOT,0.3087,Microsoft® Word 2013,False,,
van-ban-tong-hop,ngoai-b32019de3e.pdf,7,LOP CHU TOT,0.2867,Microsoft® Word 2013,,,
van-ban-tong-hop,ngoai-12c5aaec0e.pdf,17,LOP CHU TOT,0.2947,Microsoft® Word 2013,,,
van-ban-tong-hop,ngoai-0e9aee5f39.pdf,16,LOP CHU TOT,0.2831,Microsoft® Word 2013,,,
van-ban-tong-hop,ngoai-90b3b0c2be.pdf,6,LOP CHU TOT,0.2802,Microsoft® Word 2013,False,,
van-ban-tong-hop,ngoai-6e8303c969.pdf,6,LOP CHU TOT,0.2874,Microsoft® Word 2013,False,,
van-ban-tong-hop,ngoai-b04c619c78.pdf,6,LOP CHU TOT,0.2830,Microsoft® Word 2013,False,,
van-ban-tong-hop,ngoai-ae25004477.pdf,6,LOP CHU TOT,0.2819,Microsoft® Word 2013,False,,
van-ban-tong-hop,ngoai-c6ef3cad41.pdf,7,LOP CHU TOT,0.2847,Microsoft® Word 2013,False,,
van-ban-tong-hop,ngoai-996cfca8b8.pdf,9,LOP CHU TOT,0.2559,Microsoft® Word 2013,False,,
van-ban-tong-hop,ngoai-a1d441f4c3.pdf,8,LOP CHU TOT,0.2529,Microsoft® Word 2013,False,,
van-ban-tong-hop,ngoai-f0a5f9aba3.pdf,7,LOP CHU TOT,0.2829,Microsoft® Word 2013,,,
van-ban-tong-hop,ngoai-1307db5101.pdf,11,LOP CHU TOT,0.2703,Microsoft® Word 2013,,,
van-ban-tong-hop,ngoai-94abaf93c0.pdf,5,LOP CHU TOT,0.2916,Microsoft® Word 2013,,,
van-ban-tong-hop,ngoai-1543784e93.pdf,5,LOP CHU TOT,0.2922,Microsoft® Word 2013,,,
van-ban-tong-hop,ngoai-b51392937a.pdf,9,LOP CHU TOT,0.2920,Microsoft® Word 2013,,,
van-ban-tong-hop,ngoai-00a3d90ad4.pdf,6,LOP CHU TOT,0.2793,Microsoft® Word 2013,,,
van-ban-tong-hop,ngoai-ada1bea27b.pdf,8,LOP CHU TOT,0.2889,Microsoft® Word 2013,,,
van-ban-tong-hop,ngoai-0fedf69548.pdf,7,LOP CHU TOT,0.2714,Microsoft® Word 2013,,,
van-ban-tong-hop,ngoai-8caee27f60.pdf,6,LOP CHU TOT,0.2784,Microsoft® Word 2013,,,
van-ban-tong-hop,ngoai-83182d5213.pdf,5,LOP CHU TOT,0.2837,Microsoft® Word 2013,,,
van-ban-tong-hop,ngoai-8856a21b1a.pdf,6,LOP CHU TOT,0.2778,Microsoft® Word 2013,,,
van-ban-tong-hop,ngoai-329e087ebf.pdf,15,LOP CHU TOT,0.2789,Microsoft® Word 2013,,,
van-ban-tong-hop,ngoai-7a7ee8085a.pdf,9,LOP CHU TOT,0.2715,Microsoft® Word 2013,,,
van-ban-tong-hop,ngoai-ece6935f37.pdf,8,LOP CHU TOT,0.2713,Microsoft® Word 2013,,,
van-ban-tong-hop,ngoai-381f093b29.pdf,4,LOP CHU TOT,0.2674,Microsoft® Word 2013,,,
van-ban-tong-hop,ngoai-623ec0e973.pdf,11,LOP CHU TOT,0.2975,Microsoft® Word 2013,,,
van-ban-tong-hop,ngoai-ca2c9b01f7.pdf,7,LOP CHU TOT,0.2588,Microsoft® Word 2013,,,
van-ban-tong-hop,ngoai-2c1bcc7005.pdf,4,LOP CHU TOT,0.2828,Microsoft® Word 2013,,,
van-ban-tong-hop,ngoai-c1d53c09aa.pdf,32,LOP CHU TOT,0.3037,Microsoft® Word 2013,False,,
van-ban-tong-hop,ngoai-22dea144b3.pdf,5,QUET,,macOS Version 10.15.7 (Build 19H15) Quartz PDFContext,,,
van-ban-tong-hop,ngoai-f5effa0d24.pdf,6,QUET,,PDFium,,,
van-ban-tong-hop,ngoai-0ce35e118b.pdf,13,QUET,,Epson Scan 2,,,
van-ban-tong-hop,0039_HD_2016_NA.pdf,2,LOP CHU HONG,0.0000,DPE Build 5656,True,39,HD
van-ban-tong-hop,0044_HD_2013_DHKT_20-05.pdf,3,QUET,,,,44,HD
van-ban-tong-hop,0047_HD_0000_DHKT.pdf,4,QUET,,,,47,HD
van-ban-tong-hop,0048_HD_2017_DHKT.pdf,4,QUET,,,,48,HD
van-ban-tong-hop,0055_HD_2013_DHKT_18-06.pdf,2,QUET,,,,55,HD
van-ban-tong-hop,0062_HD_2016_NA.pdf,2,QUET,,,,62,HD
van-ban-tong-hop,0064_HD_0000_DHKTDN.pdf,5,QUET,,PFU PDF Library 1.4.2,,64,HD
van-ban-tong-hop,0066_HD_2022_NA.pdf,2,QUET,,PFU PDF Library 1.4.2,,66,HD
van-ban-tong-hop,0068_HD_2025_DHKTDN.pdf,5,QUET,,PFU PDF Library 1.4.2,,68,HD
van-ban-tong-hop,0070_HD_0000_DHKT.pdf,5,QUET,,PFU PDF Library 1.4.2,,70,HD
van-ban-tong-hop,0076_HD_2017_NA.pdf,2,QUET,,,,76,HD
van-ban-tong-hop,0077_HD_0000_DHKT.pdf,5,QUET,,,,77,HD
van-ban-tong-hop,0077_HD_0000_DHKT-2.pdf,5,QUET,,,,77,HD
van-ban-tong-hop,0079_HD_0000_DHKT.pdf,4,QUET,,,,79,HD
van-ban-tong-hop,0083_HD_2013_DHKT_10-09.pdf,1,QUET,,,,83,HD
van-ban-tong-hop,0084_HD_2019_NA.pdf,2,QUET,,PFU PDF Library 1.2.1,,84,HD
van-ban-tong-hop,0088_HD_0000_DHKT.pdf,3,LOP CHU HONG,0.0000,DPE Build 5656,True,88,HD
van-ban-tong-hop,0096_HD_0000_DHKT.pdf,4,LOP CHU HONG,0.0000,DPE Build 5656,True,96,HD
van-ban-tong-hop,0097_HD_0000_DHKT.pdf,9,QUET,,,,97,HD
van-ban-tong-hop,0099_HD_2013_DHKT_25-10.pdf,3,QUET,,,,99,HD
van-ban-tong-hop,0100_HD_2024_NA.pdf,2,QUET,,PFUPDF Engine 1.2.0,,100,HD
van-ban-tong-hop,0101_HD_0000_DHKT.pdf,2,QUET,,,,101,HD
van-ban-tong-hop,0107_HD_2021_NA.pdf,6,QUET,,PFU PDF Library 1.4.2,,107,HD
van-ban-tong-hop,0109_HD_2018_NA.pdf,2,QUET,,,,109,HD
van-ban-tong-hop,0116_HD_2024_NA.pdf,5,QUET,,PFU PDF Library 1.4.2,,116,HD
van-ban-tong-hop,0120_HD_2023_NA.pdf,5,QUET,,PFU PDF Library 1.4.2,,120,HD
van-ban-tong-hop,0121_HD_0000_DHKT.pdf,6,LOP CHU HONG,0.0000,DPE Build 5656,True,121,HD
van-ban-tong-hop,0122_HD_2020_NA.pdf,4,QUET,,PFU PDF Library 1.4.2,,122,HD
van-ban-tong-hop,0149_HD_2017_NA.pdf,6,QUET,,,,149,HD
van-ban-tong-hop,0152_HD_0000_NA.pdf,6,LOP CHU HONG,0.0000,DPE Build 5656,True,152,HD
van-ban-tong-hop,0153_HD_0000_NA.pdf,6,QUET,,,,153,HD
van-ban-tong-hop,0161_HD_2021_NA.pdf,10,QUET,,PFU PDF Library 1.4.2,,161,HD
van-ban-tong-hop,0164_HD_2019_NA.pdf,6,QUET,,PFU PDF Library 1.4.2,,164,HD
van-ban-tong-hop,0182_HD_2018_NA.pdf,5,QUET,,,,182,HD
van-ban-tong-hop,0188_HD_2021_NA.pdf,5,QUET,,PFU PDF Library 1.4.2,,188,HD
van-ban-tong-hop,0214_HD_2023_NA.pdf,2,QUET,,PFU PDF Library 1.4.2,,214,HD
van-ban-tong-hop,0217_HD_2022_NA.pdf,2,QUET,,PFU PDF Library 1.4.2,,217,HD
van-ban-tong-hop,0218_HD_2023_NA.pdf,12,QUET,,PFU PDF Library 1.4.2,,218,HD
van-ban-tong-hop,0221_HD_2022_NA.pdf,6,QUET,,PFU PDF Library 1.4.2,,221,HD
van-ban-tong-hop,0241_HD_0000_DHKT.pdf,5,QUET,,PFU PDF Library 1.4.2,,241,HD
van-ban-tong-hop,0257_HD_2024_NA.pdf,36,QUET,,PFU PDF Library 1.4.2,,257,HD
van-ban-tong-hop,0275_HD_2023_NA.pdf,6,QUET,,PFU PDF Library 1.4.2,,275,HD
van-ban-tong-hop,0290_HD_2025_NA.pdf,3,QUET,,PFU PDF Library 1.4.2,,290,HD
van-ban-tong-hop,0388_HD_0000_DHKTDN.pdf,6,QUET,,PFUPDF Engine 1.2.0,,388,HD
van-ban-tong-hop,ngoai-31201bfa01.pdf,5,QUET,,,,,
van-ban-tong-hop,ngoai-a18fb5fbcb.pdf,5,QUET,,,,,
van-ban-tong-hop,ngoai-88039459df.pdf,3,QUET,,,,,
van-ban-tong-hop,ngoai-b127401447.pdf,1,QUET,,,,,
van-ban-tong-hop,ngoai-9d4e1bc946.pdf,2,QUET,,,,,
van-ban-tong-hop,ngoai-2d093a8ad5.pdf,5,QUET,,,,,
van-ban-tong-hop,ngoai-ba238ecb89.pdf,16,QUET,,PFU PDF Library 1.4.2,,,
van-ban-tong-hop,ngoai-1ca12b3102.pdf,6,QUET,,,,,
van-ban-tong-hop,0012_KH_2023_NA.pdf,4,QUET,,PFUPDF Engine 1.2.0,,12,KH
van-ban-tong-hop,0014_KH_0000_DHKTDN.pdf,3,QUET,,PFU PDF Library 1.4.2,,14,KH
van-ban-tong-hop,0015_KH_2017_NA.pdf,4,QUET,,,,15,KH
van-ban-tong-hop,0016_KH_2016_NA.pdf,1,LOP CHU HONG,0.0000,DPE Build 5656,True,16,KH
van-ban-tong-hop,0016_KH_2021_NA.pdf,3,QUET,,PFU PDF Library 1.4.2,,16,KH
van-ban-tong-hop,0017_KH_2022_NA.pdf,2,QUET,,PFU PDF Library 1.4.2,,17,KH
van-ban-tong-hop,0019_KH_2023_NA.pdf,3,QUET,,PFU PDF Library 1.4.2,,19,KH
van-ban-tong-hop,0020_KH_2021_NA.pdf,4,QUET,,PFU PDF Library 1.4.2,,20,KH
van-ban-tong-hop,0022_KH_0000_DHKT.pdf,6,QUET,,,,22,KH
van-ban-tong-hop,0025_KH_2022_NA.pdf,3,QUET,,PFU PDF Library 1.4.2,,25,KH
van-ban-tong-hop,0025_KH_2023_NA.pdf,4,QUET,,PFUPDF Engine 1.2.0,,25,KH
van-ban-tong-hop,0027_KH_2016_NA.pdf,8,QUET,,,,27,KH
van-ban-tong-hop,0027_KH_2016_NA-2.pdf,4,QUET,,,,27,KH
van-ban-tong-hop,0028_KH_2022_NA.pdf,6,QUET,,PFU PDF Library 1.4.2,,28,KH
van-ban-tong-hop,0028_KH_2025_NA.pdf,18,QUET,,PFU PDF Library 1.4.2,,28,KH
van-ban-tong-hop,0029_KH_2022_NA.pdf,10,QUET,,PFU PDF Library 1.4.2,,29,KH
van-ban-tong-hop,0031_KH_2013_DHKT_26-03.pdf,2,QUET,,,,31,KH
van-ban-tong-hop,0033_KH_0000_DHKT.pdf,6,LOP CHU HONG,0.0000,DPE Build 5656,True,33,KH
van-ban-tong-hop,0033_KH_2022_NA.pdf,4,QUET,,PFU PDF Library 1.4.2,,33,KH
van-ban-tong-hop,0034_KH_0000_DHKTDN.pdf,5,QUET,,PFU PDF Library 2.0.1,,34,KH
van-ban-tong-hop,0036_KH_0000_DHKTDN.pdf,2,QUET,,PFU PDF Library 2.0.1,,36,KH
van-ban-tong-hop,0036_KH_2023_NA.pdf,2,QUET,,PFU PDF Library 1.4.2,,36,KH
van-ban-tong-hop,0037_KH_0000_DHKTDN.pdf,4,QUET,,PFU PDF Library 2.0.0,,37,KH
van-ban-tong-hop,0040_KH_0000_DHKTDN.pdf,6,QUET,,PFU PDF Library 2.0.0,,40,KH
van-ban-tong-hop,0041_KH_0000_DHKTDN.pdf,5,QUET,,PFU PDF Library 2.0.0,,41,KH
van-ban-tong-hop,0042_KH_0000_DHKTDN.pdf,5,QUET,,PFU PDF Library 2.0.0,,42,KH
van-ban-tong-hop,0047_KH_2016_NA.pdf,2,LOP CHU HONG,0.0000,DPE Build 5656,True,47,KH
van-ban-tong-hop,0049_KH_2021_NA.pdf,7,QUET,,PFU PDF Library 1.4.2,,49,KH
van-ban-tong-hop,0051_KH_0000_DHKT.pdf,2,QUET,,,,51,KH
van-ban-tong-hop,0052_KH_2025_DHKTDN.pdf,3,QUET,,PFU PDF Library 1.4.2,,52,KH
van-ban-tong-hop,0055_KH_2024_NA.pdf,3,QUET,,PFU PDF Library 1.4.2,,55,KH
van-ban-tong-hop,0056_KH_2021_NA.pdf,2,QUET,,PFU PDF Library 1.4.2,,56,KH
van-ban-tong-hop,0060_KH_2018_NA.pdf,6,QUET,,,,60,KH
van-ban-tong-hop,0063_KH_2021_NA.pdf,3,QUET,,PFU PDF Library 1.4.2,,63,KH
van-ban-tong-hop,0066_KH_0000_DHKT.pdf,23,QUET,,,,66,KH
van-ban-tong-hop,0066_KH_0000_DHKTDN.pdf,11,QUET,,PFU PDF Library 2.0.1,,66,KH
van-ban-tong-hop,0068_KH_0000_DHKT.pdf,6,QUET,,PFUPDF Engine 1.2.0,,68,KH
van-ban-tong-hop,0069_KH_2013_DHKT_12-08.pdf,8,QUET,,,,69,KH
van-ban-tong-hop,0074_KH_0000_DHKT.pdf,5,LOP CHU HONG,0.0000,DPE Build 5656,True,74,KH
van-ban-tong-hop,0075_KH_2026_DHKTDN.pdf,2,QUET,,PFU PDF Library 1.4.2,,75,KH
van-ban-tong-hop,0077_KH_2013_DHKT_30-08.pdf,4,QUET,,,,77,KH
van-ban-tong-hop,0078_KH_2018_NA.pdf,2,QUET,,,,78,KH
van-ban-tong-hop,0081_KH_0000_DHKT.pdf,2,QUET,,,,81,KH
van-ban-tong-hop,0081_KH_0000_DHKT-2.pdf,5,QUET,,PFUPDF Engine 1.2.0,,81,KH
van-ban-tong-hop,0081_KH_2013_DHKT_09-09.pdf,4,QUET,,,,81,KH
van-ban-tong-hop,0087_KH_2023_NA.pdf,2,QUET,,PFU PDF Library 1.4.2,,87,KH
van-ban-tong-hop,0087_KH_2024_NA.pdf,3,QUET,,PFUPDF Engine 1.2.0,,87,KH
van-ban-tong-hop,0093_KH_2018_NA.pdf,2,QUET,,,,93,KH
van-ban-tong-hop,0094_KH_2025_NA.pdf,4,QUET,,PFU PDF Library 1.4.2,,94,KH
van-ban-tong-hop,0095_KH_0000_DHKT.pdf,6,LOP CHU HONG,0.0000,DPE Build 5656,True,95,KH
van-ban-tong-hop,0098_KH_0000_NA.pdf,4,QUET,,PFU PDF Library 1.4.2,,98,KH
van-ban-tong-hop,0100_KH_0000_DHKT.pdf,9,LOP CHU HONG,0.0000,DPE Build 5656,True,100,KH
van-ban-tong-hop,0101_KH_2024_NA.pdf,2,QUET,,PFUPDF Engine 1.2.0,,101,KH
van-ban-tong-hop,0102_KH_2023_NA.pdf,3,QUET,,PFU PDF Library 1.4.2,,102,KH
van-ban-tong-hop,0104_KH_0000_DHKT.pdf,10,QUET,,,,104,KH
van-ban-tong-hop,0104_KH_2017_NA.pdf,10,QUET,,,,104,KH
van-ban-tong-hop,0106_KH_2023_NA.pdf,2,QUET,,PFU PDF Library 1.4.2,,106,KH
van-ban-tong-hop,0111_KH_2013_DHKT_11-12.pdf,2,QUET,,,,111,KH
van-ban-tong-hop,0111_KH_2017_NA.pdf,6,QUET,,,,111,KH
van-ban-tong-hop,0113_KH_0000_DHKT.pdf,2,LOP CHU HONG,0.0000,DPE Build 5656,True,113,KH
van-ban-tong-hop,0114_KH_0000_NA.pdf,6,QUET,,,,114,KH
van-ban-tong-hop,0115_KH_0000_NA.pdf,10,QUET,,PFU PDF Library 1.2.1,,115,KH
van-ban-tong-hop,0115_KH_2025_NA.pdf,2,QUET,,PFU PDF Library 1.4.2,,115,KH
van-ban-tong-hop,0116_KH_2022_NA.pdf,2,QUET,,PFU PDF Library 1.4.2,,116,KH
van-ban-tong-hop,0116_KH_2025_NA.pdf,2,QUET,,PFU PDF Library 1.4.2,,116,KH
van-ban-tong-hop,0116_KH_2026_DHKTDN.pdf,2,QUET,,Epson Scan 2,,116,KH
van-ban-tong-hop,0118_KH_2016_NA.pdf,2,QUET,,,,118,KH
van-ban-tong-hop,0119_KH_0000_DHKT.pdf,2,QUET,,,,119,KH
van-ban-tong-hop,0129_KH_2023_NA.pdf,2,QUET,,PFU PDF Library 1.4.2,,129,KH
van-ban-tong-hop,0130_KH_2021_NA.pdf,3,QUET,,PFU PDF Library 1.4.2,,130,KH
van-ban-tong-hop,0131_KH_2025_NA.pdf,2,QUET,,PFU PDF Library 1.4.2,,131,KH
van-ban-tong-hop,0136_KH_2019_NA.pdf,2,QUET,,PFU PDF Library 1.2.1,,136,KH
van-ban-tong-hop,0141_KH_0000_DHKTDN.pdf,2,QUET,,PFUPDF Engine 1.2.0,,141,KH
van-ban-tong-hop,0143_KH_0000_DHKT.pdf,19,LOP CHU HONG,0.0000,DPE Build 5656,True,143,KH
van-ban-tong-hop,0143_KH_2018_NA.pdf,5,QUET,,,,143,KH
van-ban-tong-hop,0148_KH_2021_NA.pdf,6,QUET,,PFU PDF Library 1.4.2,,148,KH
van-ban-tong-hop,0157_KH_2019_NA.pdf,3,QUET,,PFU PDF Library 1.2.1,,157,KH
van-ban-tong-hop,0162_KH_2021_NA.pdf,9,QUET,,PFU PDF Library 1.4.2,,162,KH
van-ban-tong-hop,0163_KH_2019_NA.pdf,5,QUET,,PFU PDF Library 1.4.2,,163,KH
van-ban-tong-hop,0168_KH_2019_NA.pdf,1,QUET,,PFU PDF Library 1.4.2,,168,KH
van-ban-tong-hop,0172_KH_0000_DHKTDN.pdf,5,QUET,,Microsoft: Print To PDF,,172,KH
van-ban-tong-hop,0173_KH_0000_NA.pdf,2,LOP CHU HONG,0.0000,DPE Build 5656,True,173,KH
van-ban-tong-hop,0174_KH_2018_NA.pdf,4,QUET,,,,174,KH
van-ban-tong-hop,0180_KH_2022_NA.pdf,3,QUET,,PFU PDF Library 1.4.2,,180,KH
van-ban-tong-hop,0181_KH_2017_NA.pdf,4,QUET,,,,181,KH
van-ban-tong-hop,0182_KH_2017_NA.pdf,5,QUET,,,,182,KH
van-ban-tong-hop,0182_KH_2024_NA.pdf,3,QUET,,PFU PDF Library 1.4.2,,182,KH
van-ban-tong-hop,0183_KH_2018_NA.pdf,4,QUET,,,,183,KH
van-ban-tong-hop,0183_KH_2020_NA.pdf,6,QUET,,PFU PDF Library 1.4.2,,183,KH
van-ban-tong-hop,0185_KH_2022_NA.pdf,3,QUET,,PFU PDF Library 1.4.2,,185,KH
van-ban-tong-hop,0185_KH_2024_NA.pdf,6,QUET,,PFU PDF Library 1.4.2,,185,KH
van-ban-tong-hop,0191_KH_2021_NA.pdf,2,QUET,,PFU PDF Library 1.4.2,,191,KH
van-ban-tong-hop,0192_KH_2022_NA.pdf,6,QUET,,PFU PDF Library 1.4.2,,192,KH
van-ban-tong-hop,0192_KH_2023_NA.pdf,3,QUET,,PFU PDF Library 1.4.2,,192,KH
van-ban-tong-hop,0194_KH_2023_NA.pdf,6,QUET,,PFU PDF Library 1.4.2,,194,KH
van-ban-tong-hop,0205_KH_2020_NA.pdf,3,QUET,,PFU PDF Library 1.4.2,,205,KH
van-ban-tong-hop,0207_KH_2020_NA.pdf,5,QUET,,PFU PDF Library 1.4.2,,207,KH
van-ban-tong-hop,0211_KH_2021_NA.pdf,4,QUET,,PFU PDF Library 1.4.2,,211,KH
van-ban-tong-hop,0216_KH_0000_DHKTDN.pdf,3,QUET,,PFU PDF Library 2.0.1,,216,KH
van-ban-tong-hop,0216_KH_2023_NA.pdf,6,QUET,,PFU PDF Library 1.4.2,,216,KH
van-ban-tong-hop,0218_KH_2022_NA.pdf,2,QUET,,PFU PDF Library 1.4.2,,218,KH
van-ban-tong-hop,0219_KH_0000_DHKTDN.pdf,2,QUET,,PFU PDF Library 1.4.2,,219,KH
van-ban-tong-hop,0219_KH_2024_NA.pdf,2,QUET,,PFU PDF Library 1.4.2,,219,KH
van-ban-tong-hop,0220_KH_2023_NA.pdf,2,QUET,,PFU PDF Library 2.0.1,,220,KH
van-ban-tong-hop,0223_KH_2023_NA.pdf,5,QUET,,PFU PDF Library 2.0.1,,223,KH
van-ban-tong-hop,0225_KH_2022_NA.pdf,2,QUET,,PFU PDF Library 1.4.2,,225,KH
van-ban-tong-hop,0229_KH_2024_NA.pdf,5,QUET,,PFU PDF Library 1.4.2,,229,KH
van-ban-tong-hop,0238_KH_2022_NA.pdf,5,QUET,,PFU PDF Library 1.4.2,,238,KH
van-ban-tong-hop,0252_KH_2024_NA.pdf,2,QUET,,PFU PDF Library 1.4.2,,252,KH
van-ban-tong-hop,0258_KH_2024_NA.pdf,2,QUET,,PFU PDF Library 1.4.2,,258,KH
van-ban-tong-hop,0268_KH_2024_NA.pdf,3,QUET,,PFUPDF Engine 1.2.0,,268,KH
van-ban-tong-hop,0271_KH_2025_NA.pdf,4,QUET,,Epson Scan 2,,271,KH
van-ban-tong-hop,0272_KH_2025_NA.pdf,3,QUET,,Epson Scan 2,,272,KH
van-ban-tong-hop,0285_KH_2023_NA.pdf,2,QUET,,PFUPDF Engine 1.2.0,,285,KH
van-ban-tong-hop,0287_KH_2025_NA.pdf,2,QUET,,PFU PDF Library 1.4.2,,287,KH
van-ban-tong-hop,0311_KH_2023_NA.pdf,2,QUET,,PFUPDF Engine 1.2.0,,311,KH
van-ban-tong-hop,0377_KH_0000_DHKTDN.pdf,3,QUET,,PFU PDF Library 1.4.2,,377,KH
van-ban-tong-hop,0390_KH_2025_NA.pdf,5,QUET,,PFUPDF Engine 1.2.0,,390,KH
van-ban-tong-hop,0391_KH_2025_NA.pdf,6,QUET,,PFUPDF Engine 1.2.0,,391,KH
van-ban-tong-hop,0403_KH_2025_DHKTDN.pdf,3,QUET,,PFU PDF Library 1.4.2,,403,KH
van-ban-tong-hop,0419_KH_0000_DHKTDN.pdf,9,QUET,,PFU PDF Library 1.4.2,,419,KH
van-ban-tong-hop,ngoai-71170ad5f5.pdf,1,LOP CHU HONG,0.0000,DPE Build 5656,True,,
van-ban-tong-hop,ngoai-a6b55e7172.pdf,1,QUET,,,,,
van-ban-tong-hop,ngoai-2d36998084.pdf,3,QUET,,,,,
van-ban-tong-hop,ngoai-d9a2f5ec1e.pdf,1,QUET,,,,,
van-ban-tong-hop,ngoai-78b03191bf.pdf,4,QUET,,PFU PDF Library 1.4.2,,,
van-ban-tong-hop,ngoai-1cae74e9b2.pdf,6,QUET,,PFU PDF Library 1.4.2,,,
van-ban-tong-hop,ngoai-70c2ddf148.pdf,3,LOP CHU TOT,0.2471,Kodak Alaris Inc.     ; modified using iTextSharp™ 5.5.5 ©20,,,
van-ban-tong-hop,ngoai-9975f8fc5f.pdf,2,QUET,,PFU PDF Library 1.4.2,,,
van-ban-tong-hop,ngoai-1ebded389a.pdf,2,QUET,,PFU PDF Library 1.4.2,,,
van-ban-tong-hop,ngoai-62f7b609af.pdf,2,QUET,,PFU PDF Library 1.4.2,,,
van-ban-tong-hop,ngoai-2577b1dd91.pdf,5,QUET,,Epson Scan 2,,,
van-ban-tong-hop,0002_UNK_0000_NA.pdf,2,QUET,,Foxit Reader PDF Printer Version 9.6.0.1818,,2,UNK
van-ban-tong-hop,0004_UNK_0000_NA.pdf,1,QUET,,,,4,UNK
van-ban-tong-hop,0004_UNK_0000_NA-2.pdf,1,QUET,,,,4,UNK
van-ban-tong-hop,0004_UNK_2020_NA.pdf,2,QUET,,PFU PDF Library 1.4.2,,4,UNK
van-ban-tong-hop,0006_TH_2023_NA.pdf,1,QUET,,PFU PDF Library 1.4.2,,6,TH
van-ban-tong-hop,0008_TH_0000_DHKTDN.pdf,2,QUET,,PFU PDF Library 1.4.2,,8,TH
van-ban-tong-hop,0008_TH_2023_NA.pdf,2,QUET,,PFU PDF Library 1.4.2,,8,TH
van-ban-tong-hop,0009_TH_2024_NA.pdf,2,QUET,,PFU PDF Library 1.4.2,,9,TH
van-ban-tong-hop,0015_UNK_2016_NA.pdf,2,QUET,,,,15,UNK
van-ban-tong-hop,0018_UNK_2013_DHKT.pdf,1,QUET,,,,18,UNK
van-ban-tong-hop,0020_UNK_2024_NA.pdf,3,QUET,,PFU PDF Library 1.4.2,,20,UNK
van-ban-tong-hop,0021_UNK_2018_NA.pdf,1,QUET,,,,21,UNK
van-ban-tong-hop,0022_UNK_2021_NA.pdf,6,QUET,,PFU PDF Library 1.4.2,,22,UNK
van-ban-tong-hop,0030_TH_2022_NA.pdf,2,QUET,,PFU PDF Library 1.4.2,,30,TH
van-ban-tong-hop,0030_UNK_2023_NA.pdf,1,QUET,,PFU PDF Library 1.4.2,,30,UNK
van-ban-tong-hop,0031_UNK_0000_NA.pdf,1,QUET,,Foxit Reader PDF Printer Version 9.6.0.1818,,31,UNK
van-ban-tong-hop,0031_UNK_2021_NA.pdf,3,QUET,,PFU PDF Library 1.4.2,,31,UNK
van-ban-tong-hop,0032_UNK_2017_NA.pdf,3,QUET,,,,32,UNK
van-ban-tong-hop,0033_UNK_2017_NA.pdf,1,QUET,,,,33,UNK
van-ban-tong-hop,0034_UNK_0000_DHKT.pdf,5,QUET,,PFUPDF Engine 1.2.0,,34,UNK
van-ban-tong-hop,0036_UNK_2017_NA.pdf,1,QUET,,,,36,UNK
van-ban-tong-hop,0037_UNK_2016_NA.pdf,3,LOP CHU HONG,0.0000,DPE Build 5656,True,37,UNK
van-ban-tong-hop,0038_UNK_2022_NA.pdf,3,QUET,,PFU PDF Library 1.4.2,,38,UNK
van-ban-tong-hop,0042_UNK_2013_NA.pdf,2,QUET,,,,42,UNK
van-ban-tong-hop,0044_UNK_2025_NA.pdf,2,QUET,,PFUPDF Engine 1.2.0,,44,UNK
van-ban-tong-hop,0045_UNK_0000_NA.pdf,15,QUET,,PFU PDF Library 1.4.2,,45,UNK
van-ban-tong-hop,0048_UNK_0000_NA.pdf,1,QUET,,PFUPDF Engine 1.2.0,,48,UNK
van-ban-tong-hop,0049_UNK_2017_NA.pdf,4,QUET,,,,49,UNK
van-ban-tong-hop,0051_BB_2017_NA.pdf,4,QUET,,,,51,BB
van-ban-tong-hop,0055_TH_2022_NA.pdf,2,QUET,,PFU PDF Library 1.4.2,,55,TH
van-ban-tong-hop,0058_UNK_2023_NA.pdf,2,QUET,,PFU PDF Library 1.4.2,,58,UNK
van-ban-tong-hop,0059_UNK_0000_DHKT.pdf,1,QUET,,,,59,UNK
van-ban-tong-hop,0059_UNK_2017_NA.pdf,1,QUET,,,,59,UNK
van-ban-tong-hop,0062_KL_0000_NA.pdf,2,QUET,,PFUPDF Engine 1.2.0,,62,KL
van-ban-tong-hop,0066_UNK_0000_NA.pdf,1,QUET,,,,66,UNK
van-ban-tong-hop,0066_UNK_2019_NA.pdf,1,QUET,,PFU PDF Library 1.2.1,,66,UNK
van-ban-tong-hop,0070_TH_2022_NA.pdf,2,QUET,,PFU PDF Library 1.4.2,,70,TH
van-ban-tong-hop,0078_TH_2023_NA.pdf,2,QUET,,PFU PDF Library 1.4.2,,78,TH
van-ban-tong-hop,0078_UNK_0000_DHKT.pdf,3,QUET,,,,78,UNK
van-ban-tong-hop,0078_UNK_0000_NA.pdf,1,QUET,,Foxit Reader PDF Printer Version 9.6.0.1818,,78,UNK
van-ban-tong-hop,0079_TH_0000_DHKT.pdf,2,QUET,,PFU PDF Library 1.4.2,,79,TH
van-ban-tong-hop,0082_UNK_2017_NA.pdf,1,QUET,,,,82,UNK
van-ban-tong-hop,0086_TH_2024_NA.pdf,2,QUET,,PFUPDF Engine 1.2.0,,86,TH
van-ban-tong-hop,0086_UNK_2023_NA.pdf,2,QUET,,PFU PDF Library 1.4.2,,86,UNK
van-ban-tong-hop,0087_UNK_2020_NA.pdf,2,QUET,,PFU PDF Library 1.4.2,,87,UNK
van-ban-tong-hop,0090_TH_2020_NA.pdf,1,QUET,,PFU PDF Library 1.4.2,,90,TH
van-ban-tong-hop,0094_UNK_0000_DHKT.pdf,7,QUET,,,,94,UNK
van-ban-tong-hop,0095_TH_2023_NA.pdf,2,QUET,,PFU PDF Library 1.4.2,,95,TH
van-ban-tong-hop,0095_UNK_2017_NA.pdf,1,QUET,,,,95,UNK
van-ban-tong-hop,0100_UNK_0000_DHKT.pdf,9,LOP CHU HONG,0.0000,DPE Build 5656,True,100,UNK
van-ban-tong-hop,0102_UNK_0000_NA.pdf,1,QUET,,,,102,UNK
van-ban-tong-hop,0106_TH_0000_DHKT.pdf,2,QUET,,PFU PDF Library 1.4.2,,106,TH
van-ban-tong-hop,0107_UNK_0000_NA.pdf,1,QUET,,,,107,UNK
van-ban-tong-hop,0110_UNK_2017_NA.pdf,6,QUET,,,,110,UNK
van-ban-tong-hop,0112_UNK_0000_NA.pdf,1,LOP CHU HONG,0.0000,DPE Build 5656,True,112,UNK
van-ban-tong-hop,0112_UNK_2019_NA.pdf,8,QUET,,PFU PDF Library 1.2.1,,112,UNK
van-ban-tong-hop,0115_UNK_2019_NA.pdf,10,QUET,,PFU PDF Library 1.2.1,,115,UNK
van-ban-tong-hop,0118_CT_0000_DHKT.pdf,7,LOP CHU HONG,0.0000,DPE Build 5656,True,118,CT
van-ban-tong-hop,0118_TH_2023_NA.pdf,2,QUET,,PFU PDF Library 1.4.2,,118,TH
van-ban-tong-hop,0120_TH_2020_NA.pdf,1,QUET,,PFU PDF Library 1.4.2,,120,TH
van-ban-tong-hop,0120_UNK_2016_NA.pdf,4,QUET,,,,120,UNK
van-ban-tong-hop,0122_TH_0000_DHKT.pdf,2,QUET,,PFU PDF Library 1.4.2,,122,TH
van-ban-tong-hop,0122_TH_0000_DHKT-2.pdf,2,QUET,,PFU PDF Library 1.4.2,,122,TH
van-ban-tong-hop,0125_UNK_2017_NA.pdf,22,QUET,,,,125,UNK
van-ban-tong-hop,0126_UNK_2016_NA.pdf,2,QUET,,,,126,UNK
van-ban-tong-hop,0128_UNK_2019_NA.pdf,2,QUET,,PFU PDF Library 1.2.1,,128,UNK
van-ban-tong-hop,0129_TH_0000_DHKT.pdf,2,QUET,,PFU PDF Library 1.4.2,,129,TH
van-ban-tong-hop,0134_TH_2024_NA.pdf,3,QUET,,PFU PDF Library 1.4.2,,134,TH
van-ban-tong-hop,0136_TH_0000_DHKT.pdf,2,QUET,,PFU PDF Library 1.4.2,,136,TH
van-ban-tong-hop,0140_UNK_2023_NA.pdf,6,QUET,,PFU PDF Library 1.4.2,,140,UNK
van-ban-tong-hop,0152_TH_0000_DHKTDN.pdf,2,QUET,,PFU PDF Library 1.4.2,,152,TH
van-ban-tong-hop,0155_UNK_2018_NA.pdf,1,QUET,,,,155,UNK
van-ban-tong-hop,0165_TH_2022_NA.pdf,2,QUET,,PFU PDF Library 1.4.2,,165,TH
van-ban-tong-hop,0167_UNK_2022_NA.pdf,2,QUET,,PFU PDF Library 1.4.2,,167,UNK
van-ban-tong-hop,0168_TH_2021_NA.pdf,2,QUET,,PFU PDF Library 1.4.2,,168,TH
van-ban-tong-hop,0170_TH_2022_NA.pdf,2,QUET,,PFU PDF Library 1.4.2,,170,TH
van-ban-tong-hop,0179_UNK_2022_NA.pdf,5,QUET,,PFU PDF Library 1.4.2,,179,UNK
van-ban-tong-hop,0180_TH_2021_NA.pdf,2,QUET,,PFU PDF Library 1.4.2,,180,TH
van-ban-tong-hop,0181_UNK_2024_NA.pdf,11,QUET,,PFU PDF Library 1.4.2,,181,UNK
van-ban-tong-hop,0182_UNK_2017_NA.pdf,5,QUET,,,,182,UNK
van-ban-tong-hop,0188_UNK_0000_DHKT.pdf,3,LOP CHU HONG,0.0000,DPE Build 5656,True,188,UNK
van-ban-tong-hop,0189_UNK_0000_DHKTDN.pdf,10,QUET,,Microsoft: Print To PDF,,189,UNK
van-ban-tong-hop,0193_TH_2020_NA.pdf,1,QUET,,PFU PDF Library 1.4.2,,193,TH
van-ban-tong-hop,0194_TH_2023_NA.pdf,2,QUET,,PFU PDF Library 1.4.2,,194,TH
van-ban-tong-hop,0197_TH_2021_NA.pdf,2,QUET,,PFU PDF Library 1.4.2,,197,TH
van-ban-tong-hop,0209_TH_2021_NA.pdf,2,QUET,,PFU PDF Library 1.4.2,,209,TH
van-ban-tong-hop,0214_TH_2020_NA.pdf,1,QUET,,PFU PDF Library 1.4.2,,214,TH
van-ban-tong-hop,0220_TH_2022_NA.pdf,1,QUET,,PFU PDF Library 1.4.2,,220,TH
van-ban-tong-hop,0220_UNK_2016_NA.pdf,3,QUET,,,,220,UNK
van-ban-tong-hop,0220_UNK_2020_NA.pdf,2,QUET,,PFU PDF Library 1.4.2,,220,UNK
van-ban-tong-hop,0220_UNK_2020_NA-2.pdf,2,QUET,,PFU PDF Library 1.4.2,,220,UNK
van-ban-tong-hop,0227_TH_2023_NA.pdf,2,QUET,,PFU PDF Library 2.0.1,,227,TH
van-ban-tong-hop,0228_TH_2023_NA.pdf,2,QUET,,PFU PDF Library 2.0.1,,228,TH
van-ban-tong-hop,0232_TH_2020_NA.pdf,1,QUET,,PFU PDF Library 1.4.2,,232,TH
van-ban-tong-hop,0243_TH_2023_NA.pdf,1,QUET,,PFU PDF Library 2.0.1,,243,TH
van-ban-tong-hop,0257_UNK_0000_NA.pdf,3,QUET,,Microsoft: Print To PDF,,257,UNK
van-ban-tong-hop,0257_UNK_2023_NA.pdf,3,QUET,,PFU PDF Library 2.0.1,,257,UNK
van-ban-tong-hop,0264_UNK_0000_DHKT.pdf,2,LOP CHU HONG,0.0000,DPE Build 5656,True,264,UNK
van-ban-tong-hop,0267_UNK_2023_NA.pdf,7,QUET,,PFU PDF Library 2.0.1,,267,UNK
van-ban-tong-hop,0268_UNK_0000_DHKT.pdf,2,QUET,,PFU PDF Library 1.4.2,,268,UNK
van-ban-tong-hop,0288_TH_2023_NA.pdf,2,QUET,,PFUPDF Engine 1.2.0,,288,TH
van-ban-tong-hop,0310_TH_0000_NA.pdf,3,QUET,,PFU PDF Library 1.4.2,,310,TH
van-ban-tong-hop,0317_UNK_2017_NA.pdf,2,QUET,,,,317,UNK
van-ban-tong-hop,0318_UNK_2017_NA.pdf,2,QUET,,,,318,UNK
van-ban-tong-hop,0319_UNK_2017_NA.pdf,2,QUET,,,,319,UNK
van-ban-tong-hop,0395_UNK_2019_NA.pdf,2,QUET,,PFU PDF Library 1.2.1,,395,UNK
van-ban-tong-hop,0396_UNK_0000_NA.pdf,1,LOP CHU HONG,0.0000,DPE Build 5656,True,396,UNK
van-ban-tong-hop,0414_UNK_2014_DHKT.pdf,2,QUET,,,,414,UNK
van-ban-tong-hop,0418_UNK_2025_DHKTDN.pdf,7,QUET,,PFU PDF Library 1.4.2,,418,UNK
van-ban-tong-hop,0457_UNK_2018_NA.pdf,2,QUET,,,,457,UNK
van-ban-tong-hop,0469_UNK_0000_NA.pdf,1,LOP CHU HONG,0.0000,DPE Build 5656,True,469,UNK
van-ban-tong-hop,0522_UNK_0000_DHKT.pdf,1,LOP CHU HONG,0.0000,DPE Build 5656,True,522,UNK
van-ban-tong-hop,0522_UNK_0000_DHKT-2.pdf,5,LOP CHU HONG,0.0000,DPE Build 5656,True,522,UNK
van-ban-tong-hop,0740_UNK_0000_NA.pdf,2,LOP CHU HONG,0.0000,DPE Build 5656,True,740,UNK
van-ban-tong-hop,0767_UNK_2025_NA.pdf,9,QUET,,PFUPDF Engine 1.2.0,,767,UNK
van-ban-tong-hop,0851_UNK_0000_NA.pdf,1,LOP CHU HONG,0.0000,DPE Build 5656,True,851,UNK
van-ban-tong-hop,0856_UNK_0000_DHKT.pdf,4,LOP CHU HONG,0.0000,DPE Build 5656,True,856,UNK
van-ban-tong-hop,0989_UNK_0000_NA.pdf,8,LOP CHU HONG,0.0000,DPE Build 5656,True,989,UNK
van-ban-tong-hop,ngoai-8c6b3b4fd3.pdf,2,QUET,,PFU PDF Library 1.4.2,,,
van-ban-tong-hop,ngoai-6460ba18b0.pdf,2,QUET,,PFU PDF Library 1.4.2,,,
van-ban-tong-hop,ngoai-14f42c7dee.pdf,9,QUET,,PFU PDF Library 1.4.2,,,
van-ban-tong-hop,ngoai-c36bce7094.pdf,7,QUET,,PFU PDF Library 1.4.2,,,
van-ban-tong-hop,ngoai-625f01ca72.pdf,1,QUET,,,,,
van-ban-tong-hop,ngoai-d429c2fd0e.pdf,1,QUET,,,,,
van-ban-tong-hop,ngoai-62874ba456.pdf,1,QUET,,,,,
van-ban-tong-hop,ngoai-6118727f51.pdf,2,QUET,,PFU PDF Library 1.4.2,,,
van-ban-tong-hop,ngoai-1bd1e1f7f9.pdf,3,QUET,,,,,
van-ban-tong-hop,ngoai-00806e96a2.pdf,2,QUET,,,,,
van-ban-tong-hop,ngoai-a91bc3576d.pdf,2,QUET,,,,,
van-ban-tong-hop,ngoai-fa43834ba2.pdf,2,QUET,,,,,
van-ban-tong-hop,ngoai-cd1b3c5baf.pdf,1,LOP CHU HONG,0.0000,DPE Build 5656,True,,
van-ban-tong-hop,ngoai-24acc963f2.pdf,1,LOP CHU HONG,0.0000,DPE Build 5656,True,,
van-ban-tong-hop,ngoai-bbf6b798d0.pdf,1,QUET,,,,,
van-ban-tong-hop,ngoai-148db402ed.pdf,2,LOP CHU HONG,0.0000,DPE Build 5656,True,,
van-ban-tong-hop,ngoai-0ac09184ad.pdf,4,QUET,,PFU PDF Library 1.4.2,,,
van-ban-tong-hop,ngoai-6dbf269346.pdf,7,QUET,,,,,
van-ban-tong-hop,ngoai-42bdd58e4d.pdf,8,QUET,,PFU PDF Library 1.4.2,,,
van-ban-tong-hop,ngoai-4638049062.pdf,1,QUET,,PFU PDF Library 1.2.1,,,
van-ban-tong-hop,ngoai-091d5fda7a.pdf,16,QUET,,PFU PDF Library 1.2.1,,,
van-ban-tong-hop,ngoai-9431186d10.pdf,2,QUET,,,,,
van-ban-tong-hop,ngoai-7f32f7996e.pdf,2,QUET,,,,,
van-ban-tong-hop,ngoai-5731e17f75.pdf,1,LOP CHU HONG,0.0000,DPE Build 5656,True,,
van-ban-tong-hop,ngoai-d5312c7daa.pdf,3,QUET,,,,,
van-ban-tong-hop,ngoai-f134e8d919.pdf,1,LOP CHU HONG,0.0000,DPE Build 5656,True,,
van-ban-tong-hop,ngoai-aec818bd0b.pdf,2,QUET,,,,,
van-ban-tong-hop,ngoai-f57d4bc72c.pdf,2,QUET,,PFU PDF Library 1.4.2,,,
van-ban-tong-hop,ngoai-3e745fb9c0.pdf,2,QUET,,PFU PDF Library 1.4.2,,,
van-ban-tong-hop,ngoai-330a29e0e2.pdf,1,QUET,,PFU PDF Library 1.4.2,,,
van-ban-tong-hop,ngoai-3610cbd304.pdf,1,QUET,,PFU PDF Library 1.4.2,,,
van-ban-tong-hop,ngoai-23b4a1a317.pdf,1,QUET,,PFU PDF Library 1.4.2,,,
van-ban-tong-hop,ngoai-32967487cf.pdf,4,QUET,,PFU PDF Library 1.4.2,,,
van-ban-tong-hop,ngoai-3ce90e463c.pdf,4,QUET,,,,,
van-ban-tong-hop,ngoai-27c1cc872d.pdf,2,QUET,,PFU PDF Library 1.2.1,,,
van-ban-tong-hop,ngoai-4cda3df1fe.pdf,2,QUET,,PFU PDF Library 1.4.2,,,
van-ban-tong-hop,ngoai-528083f529.pdf,2,QUET,,,,,
van-ban-tong-hop,ngoai-e35b6df9d4.pdf,1,QUET,,PFU PDF Library 1.4.2,,,
van-ban-tong-hop,ngoai-f12500a756.pdf,3,QUET,,PFU PDF Library 1.2.1,,,
van-ban-tong-hop,ngoai-b6c6fe85ef.pdf,4,QUET,,,,,
van-ban-tong-hop,ngoai-da6bfa8bbb.pdf,2,QUET,,PFU PDF Library 1.2.1,,,
van-ban-tong-hop,ngoai-12ab48d337.pdf,1,QUET,,PFU PDF Library 1.4.2,,,
van-ban-tong-hop,ngoai-637ee8a68b.pdf,1,LOP CHU HONG,0.0000,DPE Build 5656,True,,
van-ban-tong-hop,ngoai-927e97cc5c.pdf,1,QUET,,,,,
van-ban-tong-hop,ngoai-5be63e4677.pdf,2,QUET,,,,,
van-ban-tong-hop,ngoai-acbb3f7177.pdf,1,QUET,,,,,
van-ban-tong-hop,ngoai-910eabffb4.pdf,2,QUET,,,,,
van-ban-tong-hop,ngoai-b76314c6f0.pdf,3,QUET,,,,,
van-ban-tong-hop,ngoai-00d631ce99.pdf,3,QUET,,,,,
van-ban-tong-hop,ngoai-54954b8a49.pdf,3,QUET,,,,,
van-ban-tong-hop,ngoai-afe75ff417.pdf,9,QUET,,,,,
van-ban-tong-hop,ngoai-678fbbc9b4.pdf,2,QUET,,,,,
van-ban-tong-hop,ngoai-e6f7b01012.pdf,3,QUET,,,,,
van-ban-tong-hop,ngoai-29bffc5235.pdf,1,QUET,,,,,
van-ban-tong-hop,ngoai-75733cb688.pdf,1,QUET,,,,,
van-ban-tong-hop,ngoai-b29b41dc5d.pdf,1,QUET,,,,,
van-ban-tong-hop,ngoai-b49a2813b2.pdf,1,LOP CHU HONG,0.0000,DPE Build 5656,True,,
van-ban-tong-hop,ngoai-c18a5852be.pdf,1,QUET,,,,,
van-ban-tong-hop,ngoai-be7e2a4375.pdf,4,QUET,,,,,
van-ban-tong-hop,ngoai-4585e2cca6.pdf,2,QUET,,,,,
van-ban-tong-hop,ngoai-54eb5657ab.pdf,3,QUET,,,,,
van-ban-tong-hop,ngoai-811af6b94b.pdf,13,QUET,,,,,
van-ban-tong-hop,ngoai-740c873864.pdf,4,QUET,,,,,
van-ban-tong-hop,ngoai-b2e57c5755.pdf,2,QUET,,,,,
van-ban-tong-hop,ngoai-0536e4f0bb.pdf,2,QUET,,,,,
van-ban-tong-hop,ngoai-a4a11e82cc.pdf,3,QUET,,,,,
van-ban-tong-hop,ngoai-bc6fe970c3.pdf,1,QUET,,,,,
van-ban-tong-hop,ngoai-f64d9bdfc6.pdf,5,QUET,,,,,
van-ban-tong-hop,ngoai-f3cbe8d3fd.pdf,2,QUET,,,,,
van-ban-tong-hop,ngoai-dafc7e612d.pdf,1,QUET,,,,,
van-ban-tong-hop,ngoai-f526bfd82e.pdf,2,QUET,,,,,
van-ban-tong-hop,ngoai-636775daff.pdf,1,QUET,,,,,
van-ban-tong-hop,ngoai-2a75df8afc.pdf,2,QUET,,,,,
van-ban-tong-hop,ngoai-a5952229a7.pdf,1,QUET,,,,,
van-ban-tong-hop,ngoai-203a2a2a35.pdf,2,QUET,,,,,
van-ban-tong-hop,ngoai-a268ac42fc.pdf,2,QUET,,,,,
van-ban-tong-hop,ngoai-1181e7683c.pdf,2,QUET,,,,,
van-ban-tong-hop,ngoai-ad777e559a.pdf,1,QUET,,,,,
van-ban-tong-hop,ngoai-96ae84297d.pdf,1,QUET,,,,,
van-ban-tong-hop,ngoai-125f0913a1.pdf,1,QUET,,PFU PDF Library 1.4.2,,,
van-ban-tong-hop,ngoai-c0640401fb.pdf,3,LOP CHU HONG,0.0000,DPE Build 5656,True,,
van-ban-tong-hop,ngoai-fe828b00cc.pdf,1,LOP CHU HONG,0.0000,DPE Build 5656,True,,
van-ban-tong-hop,ngoai-4455b2cd3b.pdf,7,LOP CHU HONG,0.0000,DPE Build 5656,True,,
van-ban-tong-hop,ngoai-188144e0c5.pdf,8,LOP CHU HONG,0.0000,DPE Build 5656,True,,
van-ban-tong-hop,ngoai-b28919a24a.pdf,8,QUET,,,,,
van-ban-tong-hop,ngoai-8ca94360a8.pdf,3,LOP CHU HONG,0.0000,DPE Build 5656,True,,
van-ban-tong-hop,ngoai-ce5e0ac5f0.pdf,2,QUET,,PFU PDF Library 1.4.2,,,
van-ban-tong-hop,ngoai-2a1b0f1f4f.pdf,3,QUET,,PFU PDF Library 1.2.1,,,
van-ban-tong-hop,ngoai-5d9f44b4c1.pdf,1,QUET,,PFU PDF Library 1.2.1,,,
van-ban-tong-hop,ngoai-92873b45cb.pdf,2,QUET,,PFU PDF Library 1.2.1,,,
van-ban-tong-hop,ngoai-623fb334b4.pdf,2,QUET,,,,,
van-ban-tong-hop,ngoai-fabc78235f.pdf,6,QUET,,,,,
van-ban-tong-hop,ngoai-c84502f4c5.pdf,1,QUET,,,,,
van-ban-tong-hop,ngoai-238276a800.pdf,2,QUET,,,,,
van-ban-tong-hop,ngoai-0964c98cdf.pdf,8,QUET,,,,,
van-ban-tong-hop,ngoai-aea8486bf2.pdf,2,QUET,,,,,
van-ban-tong-hop,ngoai-8ca2e0be83.pdf,2,QUET,,,,,
van-ban-tong-hop,ngoai-e08feb8c0c.pdf,18,QUET,,,,,
van-ban-tong-hop,ngoai-ab384eabb5.pdf,4,QUET,,,,,
van-ban-tong-hop,ngoai-f528dfe4ae.pdf,1,QUET,,,,,
van-ban-tong-hop,ngoai-9a22572de6.pdf,2,QUET,,,,,
van-ban-tong-hop,ngoai-eee1c6d27a.pdf,2,QUET,,,,,
van-ban-tong-hop,ngoai-f1dc6601e9.pdf,4,QUET,,,,,
van-ban-tong-hop,ngoai-5afe8c4bc6.pdf,2,QUET,,,,,
van-ban-tong-hop,ngoai-2a29908342.pdf,1,QUET,,,,,
van-ban-tong-hop,ngoai-5a6430813e.pdf,1,QUET,,,,,
van-ban-tong-hop,ngoai-de78a53f81.pdf,3,QUET,,,,,
van-ban-tong-hop,ngoai-735e096924.pdf,2,QUET,,,,,
van-ban-tong-hop,ngoai-4c3fe64aff.pdf,1,LOP CHU HONG,0.0000,DPE Build 5656,True,,
van-ban-tong-hop,ngoai-21b531a33a.pdf,2,QUET,,,,,
van-ban-tong-hop,ngoai-bc90803033.pdf,3,QUET,,,,,
van-ban-tong-hop,ngoai-1f9adf622b.pdf,2,QUET,,,,,
van-ban-tong-hop,ngoai-8422ff0b78.pdf,2,QUET,,,,,
van-ban-tong-hop,ngoai-eda62dac32.pdf,2,QUET,,,,,
van-ban-tong-hop,ngoai-a193d46dcf.pdf,1,LOP CHU HONG,0.0000,DPE Build 5656,True,,
van-ban-tong-hop,ngoai-e06b6747ee.pdf,1,LOP CHU HONG,0.0000,DPE Build 5656,True,,
van-ban-tong-hop,ngoai-9f249e3dca.pdf,1,QUET,,,,,
van-ban-tong-hop,ngoai-2a32024c16.pdf,2,QUET,,,,,
van-ban-tong-hop,ngoai-9a6e15c86d.pdf,2,QUET,,,,,
van-ban-tong-hop,ngoai-d8f44150a4.pdf,2,QUET,,PFU PDF Library 1.2.1,,,
van-ban-tong-hop,ngoai-cb0681c5c6.pdf,15,QUET,,PFU PDF Library 1.4.2,,,
van-ban-tong-hop,ngoai-8b5a577429.pdf,2,QUET,,PFU PDF Library 1.4.2,,,
van-ban-tong-hop,ngoai-b707fcc947.pdf,2,QUET,,PFU PDF Library 1.4.2,,,
van-ban-tong-hop,ngoai-018eeef4dc.pdf,3,QUET,,PFU PDF Library 1.4.2,,,
van-ban-tong-hop,ngoai-6c0acb5f74.pdf,3,QUET,,PFU PDF Library 1.4.2,,,
van-ban-tong-hop,ngoai-3397f55bb8.pdf,2,QUET,,,,,
van-ban-tong-hop,ngoai-b24ecb4d2f.pdf,26,QUET,,PFU PDF Library 1.4.2,,,
van-ban-tong-hop,ngoai-5fb1e719b5.pdf,2,QUET,,PFU PDF Library 1.4.2,,,
van-ban-tong-hop,ngoai-06c6d72853.pdf,2,QUET,,PFU PDF Library 1.4.2,,,
van-ban-tong-hop,ngoai-3976bdf9be.pdf,10,QUET,,PFU PDF Library 1.4.2,,,
van-ban-tong-hop,ngoai-5cdf84bb25.pdf,6,QUET,,PFU PDF Library 1.4.2,,,
van-ban-tong-hop,0001_QD_0000_DHKT.pdf,5,QUET,,,,1,QD
van-ban-tong-hop,0002_QD_0000_DHKT.pdf,2,QUET,,,,2,QD
van-ban-tong-hop,0002_QD_0000_DHKT-2.pdf,2,LOP CHU HONG,0.0000,DPE Build 5656,True,2,QD
van-ban-tong-hop,0002_QD_2006_NA.pdf,1,QUET,,,,2,QD
van-ban-tong-hop,0002_QD_2025_NA.pdf,4,QUET,,PFU PDF Library 1.4.2,,2,QD
van-ban-tong-hop,0003_QD_0000_DHKT.pdf,2,QUET,,,,3,QD
van-ban-tong-hop,0003_QD_2014_DHKT.pdf,1,QUET,,,,3,QD
van-ban-tong-hop,0003_QD_2016_NA.pdf,2,LOP CHU HONG,0.0000,DPE Build 5656,True,3,QD
van-ban-tong-hop,0003_QD_2025_NA.pdf,4,QUET,,PFU PDF Library 1.4.2,,3,QD
van-ban-tong-hop,0004_QD_0000_DHKT.pdf,2,QUET,,,,4,QD
van-ban-tong-hop,0004_QD_2006_NA.pdf,1,QUET,,,,4,QD
van-ban-tong-hop,0004_QD_2014_DHKT.pdf,1,QUET,,,,4,QD
van-ban-tong-hop,0004_QD_2016_NA.pdf,2,LOP CHU HONG,0.0000,DPE Build 5656,True,4,QD
van-ban-tong-hop,0004_QD_2025_NA.pdf,3,QUET,,PFU PDF Library 1.4.2,,4,QD
van-ban-tong-hop,0005_QD_0000_DHKT.pdf,2,QUET,,,,5,QD
van-ban-tong-hop,0005_QD_2006_NA.pdf,1,QUET,,,,5,QD
van-ban-tong-hop,0005_QD_2016_NA.pdf,2,LOP CHU HONG,0.0000,DPE Build 5656,True,5,QD
van-ban-tong-hop,0005_QD_2025_NA.pdf,4,QUET,,PFU PDF Library 1.4.2,,5,QD
van-ban-tong-hop,0006_QD_0000_DHKT.pdf,1,LOP CHU HONG,0.0000,DPE Build 5656,True,6,QD
van-ban-tong-hop,0006_QD_2025_NA.pdf,4,QUET,,PFU PDF Library 1.4.2,,6,QD
van-ban-tong-hop,0007_QD_0000_DHKT.pdf,5,LOP CHU HONG,0.0000,DPE Build 5656,True,7,QD
van-ban-tong-hop,0007_QD_2016_NA.pdf,3,QUET,,,,7,QD
van-ban-tong-hop,0007_QD_2025_NA.pdf,3,QUET,,PFU PDF Library 1.4.2,,7,QD
van-ban-tong-hop,0008_QD_0000_DHKT.pdf,6,LOP CHU HONG,0.0000,DPE Build 5656,True,8,QD
van-ban-tong-hop,0008_QD_2016_NA.pdf,3,QUET,,,,8,QD
van-ban-tong-hop,0008_QD_2025_NA.pdf,2,QUET,,PFU PDF Library 1.4.2,,8,QD
van-ban-tong-hop,0009_QD_0000_DHKT.pdf,2,QUET,,,,9,QD
van-ban-tong-hop,0009_QD_2016_NA.pdf,2,LOP CHU HONG,0.0000,DPE Build 5656,True,9,QD
van-ban-tong-hop,0009_QD_2021_NA.pdf,2,QUET,,PFU PDF Library 1.4.2,,9,QD
van-ban-tong-hop,0009_QD_2025_NA.pdf,3,QUET,,PFU PDF Library 1.4.2,,9,QD
van-ban-tong-hop,0010_QD_0000_DHKT.pdf,2,QUET,,,,10,QD
van-ban-tong-hop,0010_QD_2016_NA.pdf,2,LOP CHU HONG,0.0000,DPE Build 5656,True,10,QD
van-ban-tong-hop,0010_QD_2025_NA.pdf,2,QUET,,PFU PDF Library 1.4.2,,10,QD
van-ban-tong-hop,0011_QD_0000_DHKT.pdf,2,QUET,,,,11,QD
van-ban-tong-hop,0011_QD_2006_NA.pdf,1,QUET,,,,11,QD
van-ban-tong-hop,0011_QD_2016_NA.pdf,1,LOP CHU HONG,0.0000,DPE Build 5656,True,11,QD
van-ban-tong-hop,0011_QD_2021_NA.pdf,2,QUET,,PFU PDF Library 1.4.2,,11,QD
van-ban-tong-hop,0012_QD_0000_DHKT.pdf,2,QUET,,,,12,QD
van-ban-tong-hop,0012_QD_2016_NA.pdf,2,LOP CHU HONG,0.0000,DPE Build 5656,True,12,QD
van-ban-tong-hop,0013_QD_0000_DHKT.pdf,2,QUET,,,,13,QD
van-ban-tong-hop,0013_QD_2016_NA.pdf,1,LOP CHU HONG,0.0000,DPE Build 5656,True,13,QD
van-ban-tong-hop,0013_QD_2021_NA.pdf,1,QUET,,PFU PDF Library 1.4.2,,13,QD
van-ban-tong-hop,0014_QD_0000_DHKT.pdf,2,QUET,,,,14,QD
van-ban-tong-hop,0014_QD_2014_DHKT_14-01.pdf,3,QUET,,,,14,QD
van-ban-tong-hop,0014_QD_2016_NA.pdf,1,LOP CHU HONG,0.0000,DPE Build 5656,True,14,QD
van-ban-tong-hop,0015_QD_0000_DHKT.pdf,2,QUET,,,,15,QD
van-ban-tong-hop,0015_QD_2014_DHKT_14-01.pdf,2,QUET,,,,15,QD
van-ban-tong-hop,0015_QD_2016_NA.pdf,3,LOP CHU HONG,0.0000,DPE Build 5656,True,15,QD
van-ban-tong-hop,0015_QD_2024_NA.pdf,2,QUET,,PFU PDF Library 1.4.2,,15,QD
van-ban-tong-hop,0016_QD_0000_DHKT.pdf,2,QUET,,,,16,QD
van-ban-tong-hop,0016_QD_2014_DHKT_14-01.pdf,2,QUET,,,,16,QD
van-ban-tong-hop,0016_QD_2016_NA.pdf,1,LOP CHU HONG,0.0000,DPE Build 5656,True,16,QD
van-ban-tong-hop,0017_QD_0000_DHKT.pdf,1,LOP CHU HONG,0.0000,DPE Build 5656,True,17,QD
van-ban-tong-hop,0017_QD_0000_NA.pdf,2,QUET,,,,17,QD
van-ban-tong-hop,0017_QD_2014_DHKT_16-01.pdf,1,QUET,,,,17,QD
van-ban-tong-hop,0017_QD_2016_NA.pdf,4,LOP CHU HONG,0.0000,DPE Build 5656,True,17,QD
van-ban-tong-hop,0018_QD_0000_DHKT.pdf,1,LOP CHU HONG,0.0000,DPE Build 5656,True,18,QD
van-ban-tong-hop,0018_QD_2014_DHKT_16-01.pdf,1,QUET,,,,18,QD
van-ban-tong-hop,0018_QD_2016_NA.pdf,3,LOP CHU HONG,0.0000,DPE Build 5656,True,18,QD
van-ban-tong-hop,0018_QD_2021_NA.pdf,9,QUET,,PFU PDF Library 1.4.2,,18,QD
van-ban-tong-hop,0019_QD_0000_DHKT.pdf,1,LOP CHU HONG,0.0000,DPE Build 5656,True,19,QD
van-ban-tong-hop,0019_QD_2008_NA.pdf,1,QUET,,,,19,QD
van-ban-tong-hop,0019_QD_2014_DHKT_16-01.pdf,1,QUET,,,,19,QD
van-ban-tong-hop,0019_QD_2016_NA.pdf,4,LOP CHU HONG,0.0000,DPE Build 5656,True,19,QD
van-ban-tong-hop,0020_QD_0000_DHKT.pdf,2,QUET,,,,20,QD
van-ban-tong-hop,0020_QD_2008_NA.pdf,3,QUET,,,,20,QD
van-ban-tong-hop,0020_QD_2014_DHKT_16-01.pdf,1,QUET,,,,20,QD
van-ban-tong-hop,0020_QD_2016_NA.pdf,32,LOP CHU HONG,0.0000,DPE Build 5656,True,20,QD
van-ban-tong-hop,0021_QD_0000_DHKT.pdf,7,QUET,,,,21,QD
van-ban-tong-hop,0021_QD_2014_DHKT_16-01.pdf,1,QUET,,,,21,QD
van-ban-tong-hop,0021_QD_2016_NA.pdf,2,LOP CHU HONG,0.0000,DPE Build 5656,True,21,QD
van-ban-tong-hop,0022_QD_0000_DHKT.pdf,7,QUET,,,,22,QD
van-ban-tong-hop,0022_QD_2014_DHKT_16-01.pdf,1,QUET,,,,22,QD
van-ban-tong-hop,0022_QD_2016_NA.pdf,2,LOP CHU HONG,0.0000,DPE Build 5656,True,22,QD
van-ban-tong-hop,0022_QD_2021_NA.pdf,2,QUET,,PFU PDF Library 1.4.2,,22,QD
van-ban-tong-hop,0023_QD_0000_DHKT.pdf,6,QUET,,,,23,QD
van-ban-tong-hop,0023_QD_2014_DHKT_16-01.pdf,1,QUET,,,,23,QD
van-ban-tong-hop,0023_QD_2016_NA.pdf,3,LOP CHU HONG,0.0000,DPE Build 5656,True,23,QD
van-ban-tong-hop,0024_QD_0000_DHKT.pdf,8,QUET,,,,24,QD
van-ban-tong-hop,0024_QD_2007_NA.pdf,1,QUET,,,,24,QD
van-ban-tong-hop,0024_QD_2014_DHKT_16-01.pdf,1,QUET,,,,24,QD
van-ban-tong-hop,0024_QD_2016_NA.pdf,5,LOP CHU HONG,0.0000,DPE Build 5656,True,24,QD
van-ban-tong-hop,0025_QD_0000_DHKT.pdf,10,LOP CHU HONG,0.0000,DPE Build 5656,True,25,QD
van-ban-tong-hop,0025_QD_2007_NA.pdf,1,QUET,,,,25,QD
van-ban-tong-hop,0025_QD_2014_DHKT_16-01.pdf,1,QUET,,,,25,QD
van-ban-tong-hop,0025_QD_2016_NA.pdf,17,LOP CHU HONG,0.0000,DPE Build 5656,True,25,QD
van-ban-tong-hop,0026_QD_0000_DHKT.pdf,9,QUET,,,,26,QD
van-ban-tong-hop,0026_QD_2014_DHKT_16-01.pdf,1,QUET,,,,26,QD
van-ban-tong-hop,0026_QD_2016_NA.pdf,1,LOP CHU HONG,0.0000,DPE Build 5656,True,26,QD
van-ban-tong-hop,0026_QD_2018_NA.pdf,10,QUET,,,,26,QD
van-ban-tong-hop,0027_QD_0000_DHKT.pdf,5,LOP CHU HONG,0.0000,DPE Build 5656,True,27,QD
van-ban-tong-hop,0027_QD_2014_DHKT_16-01.pdf,1,QUET,,,,27,QD
van-ban-tong-hop,0027_QD_2016_NA.pdf,1,LOP CHU HONG,0.0000,DPE Build 5656,True,27,QD
van-ban-tong-hop,0027_QD_2018_NA.pdf,3,QUET,,,,27,QD
van-ban-tong-hop,0027_QD_2022_NA.pdf,2,QUET,,PFU PDF Library 1.4.2,,27,QD
van-ban-tong-hop,0028_QD_0000_DHKT.pdf,2,QUET,,,,28,QD
van-ban-tong-hop,0028_QD_2007_NA.pdf,1,QUET,,,,28,QD
van-ban-tong-hop,0028_QD_2014_DHKT_16-01.pdf,1,QUET,,,,28,QD
van-ban-tong-hop,0028_QD_2016_NA.pdf,3,LOP CHU HONG,0.0000,DPE Build 5656,True,28,QD
van-ban-tong-hop,0028_QD_2018_NA.pdf,2,QUET,,,,28,QD
van-ban-tong-hop,0029_QD_0000_DHKT.pdf,4,LOP CHU HONG,0.0000,DPE Build 5656,True,29,QD
van-ban-tong-hop,0029_QD_2014_DHKT_16-01.pdf,1,QUET,,,,29,QD
van-ban-tong-hop,0029_QD_2016_NA.pdf,5,LOP CHU HONG,0.0000,DPE Build 5656,True,29,QD
van-ban-tong-hop,0029_QD_2018_NA.pdf,2,QUET,,,,29,QD
van-ban-tong-hop,0030_QD_0000_DHKT.pdf,3,LOP CHU HONG,0.0000,DPE Build 5656,True,30,QD
van-ban-tong-hop,0030_QD_2014_DHKT_16-01.pdf,1,QUET,,,,30,QD
van-ban-tong-hop,0030_QD_2016_NA.pdf,10,LOP CHU HONG,0.0000,DPE Build 5656,True,30,QD
van-ban-tong-hop,0030_QD_2018_NA.pdf,2,QUET,,,,30,QD
van-ban-tong-hop,0031_QD_0000_DHKT.pdf,3,LOP CHU HONG,0.0000,DPE Build 5656,True,31,QD
van-ban-tong-hop,0031_QD_2014_DHKT_16-01.pdf,1,QUET,,,,31,QD
van-ban-tong-hop,0031_QD_2016_NA.pdf,3,LOP CHU HONG,0.0000,DPE Build 5656,True,31,QD
van-ban-tong-hop,0031_QD_2018_NA.pdf,2,QUET,,,,31,QD
van-ban-tong-hop,0032_QD_0000_DHKT.pdf,15,LOP CHU HONG,0.0000,DPE Build 5656,True,32,QD
van-ban-tong-hop,0032_QD_2014_DHKT_16-01.pdf,1,QUET,,,,32,QD
van-ban-tong-hop,0032_QD_2016_NA.pdf,8,QUET,,,,32,QD
van-ban-tong-hop,0032_QD_2018_NA.pdf,11,QUET,,,,32,QD
van-ban-tong-hop,0033_QD_0000_DHKT.pdf,3,LOP CHU HONG,0.0000,DPE Build 5656,True,33,QD
van-ban-tong-hop,0033_QD_2007_NA.pdf,1,QUET,,,,33,QD
van-ban-tong-hop,0033_QD_2014_DHKT_16-01.pdf,1,QUET,,,,33,QD
van-ban-tong-hop,0033_QD_2016_NA.pdf,6,LOP CHU HONG,0.0000,DPE Build 5656,True,33,QD
van-ban-tong-hop,0033_QD_2018_NA.pdf,2,QUET,,,,33,QD
van-ban-tong-hop,0033_QD_2022_NA.pdf,2,QUET,,PFU PDF Library 1.4.2,,33,QD
van-ban-tong-hop,0034_QD_0000_DHKT.pdf,2,LOP CHU HONG,0.0000,DPE Build 5656,True,34,QD
van-ban-tong-hop,0034_QD_2007_NA.pdf,1,QUET,,,,34,QD
van-ban-tong-hop,0034_QD_2014_DHKT_16-01.pdf,15,QUET,,,,34,QD
van-ban-tong-hop,0034_QD_2016_NA.pdf,2,QUET,,,,34,QD
van-ban-tong-hop,0034_QD_2018_NA.pdf,2,QUET,,,,34,QD
van-ban-tong-hop,0034_QD_2022_NA.pdf,2,QUET,,PFU PDF Library 1.4.2,,34,QD
van-ban-tong-hop,0035_QD_0000_DHKT.pdf,4,LOP CHU HONG,0.0000,DPE Build 5656,True,35,QD
van-ban-tong-hop,0035_QD_2014_DHKT_16-01.pdf,6,QUET,,,,35,QD
van-ban-tong-hop,0035_QD_2018_NA.pdf,2,QUET,,,,35,QD
van-ban-tong-hop,0035_QD_2022_NA.pdf,2,QUET,,PFU PDF Library 1.4.2,,35,QD
van-ban-tong-hop,0036_QD_0000_DHKT.pdf,1,LOP CHU HONG,0.0000,DPE Build 5656,True,36,QD
van-ban-tong-hop,0036_QD_0000_DHKT-2.pdf,1,LOP CHU HONG,0.0000,DPE Build 5656,True,36,QD
van-ban-tong-hop,0036_QD_0000_DHKT-3.pdf,2,QUET,,,,36,QD
van-ban-tong-hop,0036_QD_0000_DHKT-4.pdf,2,QUET,,,,36,QD
van-ban-tong-hop,0036_QD_0000_DHKT-5.pdf,2,LOP CHU HONG,0.0000,DPE Build 5656,True,36,QD
van-ban-tong-hop,0036_QD_0000_DHKT-6.pdf,2,QUET,,,,36,QD
van-ban-tong-hop,0036_QD_2014_DHKT_16-01.pdf,15,QUET,,,,36,QD
van-ban-tong-hop,0036_QD_2016_NA.pdf,2,QUET,,,,36,QD
van-ban-tong-hop,0036_QD_2018_NA.pdf,2,QUET,,,,36,QD
van-ban-tong-hop,0037_QD_0000_DHKT.pdf,1,LOP CHU HONG,0.0000,DPE Build 5656,True,37,QD
van-ban-tong-hop,0037_QD_0000_DHKT-2.pdf,1,LOP CHU HONG,0.0000,DPE Build 5656,True,37,QD
van-ban-tong-hop,0037_QD_2014_DHKT_16-01.pdf,11,QUET,,,,37,QD
van-ban-tong-hop,0037_QD_2016_NA.pdf,6,LOP CHU HONG,0.0000,DPE Build 5656,True,37,QD
van-ban-tong-hop,0037_QD_2018_NA.pdf,4,QUET,,,,37,QD
van-ban-tong-hop,0037_QD_2022_NA.pdf,3,QUET,,PFU PDF Library 1.4.2,,37,QD
van-ban-tong-hop,0038_QD_0000_DHKT.pdf,1,LOP CHU HONG,0.0000,DPE Build 5656,True,38,QD
van-ban-tong-hop,0038_QD_0000_DHKT-2.pdf,1,LOP CHU HONG,0.0000,DPE Build 5656,True,38,QD
van-ban-tong-hop,0038_QD_0000_DHKT-3.pdf,2,QUET,,PFU PDF Library 2.0.1,,38,QD
van-ban-tong-hop,0038_QD_2014_DHKT_16-01.pdf,13,QUET,,,,38,QD
van-ban-tong-hop,0038_QD_2016_NA.pdf,3,LOP CHU HONG,0.0000,DPE Build 5656,True,38,QD
van-ban-tong-hop,0038_QD_2018_NA.pdf,8,QUET,,,,38,QD
van-ban-tong-hop,0039_QD_0000_DHKT.pdf,1,LOP CHU HONG,0.0000,DPE Build 5656,True,39,QD
van-ban-tong-hop,0039_QD_0000_DHKT-2.pdf,2,QUET,,PFU PDF Library 2.0.1,,39,QD
van-ban-tong-hop,0039_QD_2007_NA.pdf,1,QUET,,,,39,QD
van-ban-tong-hop,0039_QD_2014_DHKT_16-01.pdf,4,QUET,,,,39,QD
van-ban-tong-hop,0039_QD_2016_NA.pdf,5,LOP CHU HONG,0.0000,DPE Build 5656,True,39,QD
van-ban-tong-hop,0039_QD_2018_NA.pdf,3,QUET,,,,39,QD
van-ban-tong-hop,0039_QD_2022_NA.pdf,3,QUET,,PFU PDF Library 1.4.2,,39,QD
van-ban-tong-hop,0040_QD_0000_DHKT.pdf,2,QUET,,,,40,QD
van-ban-tong-hop,0040_QD_0000_DHKT-2.pdf,2,QUET,,,,40,QD
van-ban-tong-hop,0040_QD_0000_DHKT-3.pdf,2,QUET,,PFU PDF Library 2.0.1,,40,QD
van-ban-tong-hop,0040_QD_2014_DHKT_16-01.pdf,4,QUET,,,,40,QD
van-ban-tong-hop,0040_QD_2016_NA.pdf,8,LOP CHU HONG,0.0000,DPE Build 5656,True,40,QD
van-ban-tong-hop,0040_QD_2018_NA.pdf,3,QUET,,,,40,QD
van-ban-tong-hop,0040_QD_2022_NA.pdf,2,QUET,,PFU PDF Library 1.4.2,,40,QD
van-ban-tong-hop,0041_QD_0000_DHKT.pdf,2,QUET,,,,41,QD
van-ban-tong-hop,0041_QD_0000_DHKT-2.pdf,2,QUET,,PFU PDF Library 2.0.1,,41,QD
van-ban-tong-hop,0041_QD_2014_DHKT_16-01.pdf,6,QUET,,,,41,QD
van-ban-tong-hop,0041_QD_2016_NA.pdf,3,LOP CHU HONG,0.0000,DPE Build 5656,True,41,QD
van-ban-tong-hop,0041_QD_2018_NA.pdf,8,QUET,,,,41,QD
van-ban-tong-hop,0042_QD_0000_DHKT.pdf,2,LOP CHU HONG,0.0000,DPE Build 5656,True,42,QD
van-ban-tong-hop,0042_QD_0000_DHKT-2.pdf,3,QUET,,PFU PDF Library 2.0.1,,42,QD
van-ban-tong-hop,0042_QD_2014_DHKT_16-01.pdf,5,QUET,,,,42,QD
van-ban-tong-hop,0042_QD_2016_NA.pdf,4,LOP CHU HONG,0.0000,DPE Build 5656,True,42,QD
van-ban-tong-hop,0042_QD_2018_NA.pdf,23,QUET,,,,42,QD
van-ban-tong-hop,0043_QD_0000_DHKT.pdf,2,LOP CHU HONG,0.0000,DPE Build 5656,True,43,QD
van-ban-tong-hop,0043_QD_2014_DHKT_16-01.pdf,3,QUET,,,,43,QD
van-ban-tong-hop,0043_QD_2016_NA.pdf,11,LOP CHU HONG,0.0000,DPE Build 5656,True,43,QD
van-ban-tong-hop,0043_QD_2018_NA.pdf,6,QUET,,,,43,QD
van-ban-tong-hop,0044_QD_0000_DHKT.pdf,8,QUET,,,,44,QD
van-ban-tong-hop,0044_QD_2014_DHKT_16-01.pdf,2,QUET,,,,44,QD
van-ban-tong-hop,0044_QD_2016_NA.pdf,1,LOP CHU HONG,0.0000,DPE Build 5656,True,44,QD
van-ban-tong-hop,0044_QD_2018_NA.pdf,4,QUET,,,,44,QD
van-ban-tong-hop,0045_QD_0000_DHKT.pdf,3,LOP CHU HONG,0.0000,DPE Build 5656,True,45,QD
van-ban-tong-hop,0045_QD_2014_DHKT_16-01.pdf,2,QUET,,,,45,QD
van-ban-tong-hop,0045_QD_2016_NA.pdf,2,LOP CHU HONG,0.0000,DPE Build 5656,True,45,QD
van-ban-tong-hop,0045_QD_2018_NA.pdf,3,QUET,,,,45,QD
van-ban-tong-hop,0046_QD_0000_DHKT.pdf,3,LOP CHU HONG,0.0000,DPE Build 5656,True,46,QD
van-ban-tong-hop,0046_QD_2014_DHKT_17-01.pdf,2,QUET,,,,46,QD
van-ban-tong-hop,0046_QD_2018_NA.pdf,3,QUET,,,,46,QD
van-ban-tong-hop,0047_QD_0000_DHKT.pdf,4,LOP CHU HONG,0.0000,DPE Build 5656,True,47,QD
van-ban-tong-hop,0047_QD_2014_DHKT_17-01.pdf,1,QUET,,,,47,QD
van-ban-tong-hop,0047_QD_2018_NA.pdf,17,QUET,,,,47,QD
van-ban-tong-hop,0048_QD_0000_DHKT.pdf,5,LOP CHU HONG,0.0000,DPE Build 5656,True,48,QD
van-ban-tong-hop,0048_QD_2014_DHKT_20-01.pdf,2,QUET,,,,48,QD
van-ban-tong-hop,0048_QD_2018_NA.pdf,3,QUET,,,,48,QD
van-ban-tong-hop,0049_QD_2014_DHKT_22-01.pdf,8,QUET,,,,49,QD
van-ban-tong-hop,0049_QD_2018_NA.pdf,3,QUET,,,,49,QD
van-ban-tong-hop,0050_QD_0000_DHKT.pdf,7,LOP CHU HONG,0.0000,DPE Build 5656,True,50,QD
van-ban-tong-hop,0050_QD_0000_DHKT-2.pdf,3,QUET,,PFU PDF Library 2.0.1,,50,QD
van-ban-tong-hop,0050_QD_2014_DHKT_22-01.pdf,5,QUET,,,,50,QD
van-ban-tong-hop,0050_QD_2018_NA.pdf,3,QUET,,,,50,QD
van-ban-tong-hop,0051_QD_0000_DHKT.pdf,1,LOP CHU HONG,0.0000,DPE Build 5656,True,51,QD
van-ban-tong-hop,0051_QD_2014_DHKT_22-01.pdf,8,QUET,,,,51,QD
van-ban-tong-hop,0051_QD_2018_NA.pdf,12,QUET,,,,51,QD
van-ban-tong-hop,0052_QD_0000_DHKT.pdf,1,LOP CHU HONG,0.0000,DPE Build 5656,True,52,QD
van-ban-tong-hop,0052_QD_0000_DHKT-2.pdf,1,LOP CHU HONG,0.0000,DPE Build 5656,True,52,QD
van-ban-tong-hop,0052_QD_2014_DHKT_22-01.pdf,2,QUET,,,,52,QD
van-ban-tong-hop,0053_QD_0000_DHKT.pdf,2,LOP CHU HONG,0.0000,DPE Build 5656,True,53,QD
van-ban-tong-hop,0053_QD_2014_DHKT_22-01.pdf,10,QUET,,,,53,QD
van-ban-tong-hop,0054_QD_0000_DHKT.pdf,3,QUET,,,,54,QD
van-ban-tong-hop,0054_QD_2014_DHKT_22-01.pdf,14,QUET,,,,54,QD
van-ban-tong-hop,0054_QD_2022_NA.pdf,1,QUET,,PFU PDF Library 1.4.2,,54,QD
van-ban-tong-hop,0055_QD_0000_DHKT.pdf,2,LOP CHU HONG,0.0000,DPE Build 5656,True,55,QD
van-ban-tong-hop,0055_QD_2014_DHKT_22-01.pdf,4,QUET,,,,55,QD
van-ban-tong-hop,0055_QD_2022_NA.pdf,1,QUET,,PFU PDF Library 1.4.2,,55,QD
van-ban-tong-hop,0056_QD_0000_DHKT.pdf,1,LOP CHU HONG,0.0000,DPE Build 5656,True,56,QD
van-ban-tong-hop,0056_QD_2014_DHKT_22-01.pdf,4,QUET,,,,56,QD
van-ban-tong-hop,0056_QD_2022_NA.pdf,2,QUET,,PFU PDF Library 1.4.2,,56,QD
van-ban-tong-hop,0056_QD_2024_NA.pdf,2,QUET,,PFUPDF Engine 1.2.0,,56,QD
van-ban-tong-hop,0057_QD_0000_DHKT.pdf,8,LOP CHU HONG,0.0000,DPE Build 5656,True,57,QD
van-ban-tong-hop,0057_QD_2007_NA.pdf,1,QUET,,,,57,QD
van-ban-tong-hop,0057_QD_2014_DHKT_22-01.pdf,4,QUET,,,,57,QD
van-ban-tong-hop,0057_QD_2022_NA.pdf,1,QUET,,PFU PDF Library 1.4.2,,57,QD
van-ban-tong-hop,0058_QD_0000_DHKT.pdf,3,LOP CHU HONG,0.0000,DPE Build 5656,True,58,QD
van-ban-tong-hop,0058_QD_2014_DHKT_22-01.pdf,8,QUET,,,,58,QD
van-ban-tong-hop,0058_QD_2022_NA.pdf,1,QUET,,PFU PDF Library 1.4.2,,58,QD
van-ban-tong-hop,0059_QD_0000_DHKT.pdf,6,LOP CHU HONG,0.0000,DPE Build 5656,True,59,QD
van-ban-tong-hop,0059_QD_0000_NA.pdf,1,LOP CHU HONG,0.0000,DPE Build 5656,True,59,QD
van-ban-tong-hop,0059_QD_2007_NA.pdf,1,QUET,,,,59,QD
van-ban-tong-hop,0059_QD_2014_DHKT_22-01.pdf,2,QUET,,,,59,QD
van-ban-tong-hop,0060_QD_0000_DHKT.pdf,1,LOP CHU HONG,0.0000,DPE Build 5656,True,60,QD
van-ban-tong-hop,0060_QD_0000_NA.pdf,1,LOP CHU HONG,0.0000,DPE Build 5656,True,60,QD
van-ban-tong-hop,0060_QD_2007_NA.pdf,1,QUET,,,,60,QD
van-ban-tong-hop,0060_QD_2014_DHKT_10-02.pdf,1,QUET,,,,60,QD
van-ban-tong-hop,0061_QD_0000_DHKT.pdf,1,LOP CHU HONG,0.0000,DPE Build 5656,True,61,QD
van-ban-tong-hop,0061_QD_0000_NA.pdf,1,LOP CHU HONG,0.0000,DPE Build 5656,True,61,QD
van-ban-tong-hop,0061_QD_2007_NA.pdf,1,QUET,,,,61,QD
van-ban-tong-hop,0061_QD_2014_DHKT_01-01.pdf,1,QUET,,,,61,QD
van-ban-tong-hop,0061_QD_2016_NA.pdf,1,LOP CHU HONG,0.0000,DPE Build 5656,True,61,QD
van-ban-tong-hop,0062_QD_0000_DHKT.pdf,1,LOP CHU HONG,0.0000,DPE Build 5656,True,62,QD
van-ban-tong-hop,0062_QD_2007_NA.pdf,1,QUET,,,,62,QD
van-ban-tong-hop,0062_QD_2014_DHKT_05-02.pdf,1,QUET,,,,62,QD
van-ban-tong-hop,0063_QD_0000_DHKT.pdf,1,LOP CHU HONG,0.0000,DPE Build 5656,True,63,QD
van-ban-tong-hop,0063_QD_0000_NA.pdf,1,LOP CHU HONG,0.0000,DPE Build 5656,True,63,QD
van-ban-tong-hop,0063_QD_2014_DHKT_11-02.pdf,8,QUET,,,,63,QD
van-ban-tong-hop,0063_QD_2018_NA.pdf,6,QUET,,,,63,QD
van-ban-tong-hop,0064_QD_0000_DHKT.pdf,1,LOP CHU HONG,0.0000,DPE Build 5656,True,64,QD
van-ban-tong-hop,0064_QD_0000_NA.pdf,1,LOP CHU HONG,0.0000,DPE Build 5656,True,64,QD
van-ban-tong-hop,0064_QD_2014_DHKT_11-02.pdf,17,QUET,,,,64,QD
van-ban-tong-hop,0065_QD_0000_DHKT.pdf,1,LOP CHU HONG,0.0000,DPE Build 5656,True,65,QD
van-ban-tong-hop,0065_QD_0000_NA.pdf,1,LOP CHU HONG,0.0000,DPE Build 5656,True,65,QD
van-ban-tong-hop,0065_QD_2007_NA.pdf,2,QUET,,,,65,QD
van-ban-tong-hop,0065_QD_2014_DHKT_11-02.pdf,10,QUET,,,,65,QD
van-ban-tong-hop,0066_QD_0000_DHKT.pdf,1,LOP CHU HONG,0.0000,DPE Build 5656,True,66,QD
van-ban-tong-hop,0066_QD_0000_NA.pdf,5,LOP CHU HONG,0.0000,DPE Build 5656,True,66,QD
van-ban-tong-hop,0066_QD_2007_NA.pdf,2,QUET,,,,66,QD
van-ban-tong-hop,0066_QD_2014_DHKT_13-02.pdf,6,QUET,,,,66,QD
van-ban-tong-hop,0066_QD_2020_NA.pdf,2,QUET,,PFU PDF Library 1.4.2,,66,QD
van-ban-tong-hop,0067_QD_0000_DHKT.pdf,1,LOP CHU HONG,0.0000,DPE Build 5656,True,67,QD
van-ban-tong-hop,0067_QD_0000_NA.pdf,3,LOP CHU HONG,0.0000,DPE Build 5656,True,67,QD
van-ban-tong-hop,0067_QD_2007_NA.pdf,1,QUET,,,,67,QD
van-ban-tong-hop,0067_QD_2014_DHKT_13-02.pdf,1,QUET,,,,67,QD
van-ban-tong-hop,0068_QD_0000_DHKT.pdf,1,LOP CHU HONG,0.0000,DPE Build 5656,True,68,QD
van-ban-tong-hop,0068_QD_0000_NA.pdf,2,LOP CHU HONG,0.0000,DPE Build 5656,True,68,QD
van-ban-tong-hop,0068_QD_2014_DHKT_13-02.pdf,1,QUET,,,,68,QD
van-ban-tong-hop,0068_QD_2020_NA.pdf,3,QUET,,PFU PDF Library 1.4.2,,68,QD
van-ban-tong-hop,0069_QD_0000_DHKT.pdf,5,LOP CHU HONG,0.0000,DPE Build 5656,True,69,QD
van-ban-tong-hop,0069_QD_0000_NA.pdf,3,LOP CHU HONG,0.0000,DPE Build 5656,True,69,QD
van-ban-tong-hop,0069_QD_2007_NA.pdf,1,QUET,,,,69,QD
van-ban-tong-hop,0069_QD_2014_DHKT_10-02.pdf,10,QUET,,,,69,QD
van-ban-tong-hop,0070_QD_0000_DHKT.pdf,4,LOP CHU HONG,0.0000,DPE Build 5656,True,70,QD
van-ban-tong-hop,0070_QD_0000_NA.pdf,2,LOP CHU HONG,0.0000,DPE Build 5656,True,70,QD
van-ban-tong-hop,0070_QD_2007_NA.pdf,1,QUET,,,,70,QD
van-ban-tong-hop,0070_QD_2014_DHKT_10-02.pdf,13,QUET,,,,70,QD
van-ban-tong-hop,0071_QD_0000_DHKT.pdf,5,LOP CHU HONG,0.0000,DPE Build 5656,True,71,QD
van-ban-tong-hop,0071_QD_0000_NA.pdf,2,LOP CHU HONG,0.0000,DPE Build 5656,True,71,QD
van-ban-tong-hop,0071_QD_2014_DHKT_10-02.pdf,1,QUET,,,,71,QD
van-ban-tong-hop,0072_QD_0000_DHKT.pdf,4,LOP CHU HONG,0.0000,DPE Build 5656,True,72,QD
van-ban-tong-hop,0072_QD_0000_NA.pdf,2,LOP CHU HONG,0.0000,DPE Build 5656,True,72,QD
van-ban-tong-hop,0072_QD_2007_NA.pdf,1,QUET,,,,72,QD
van-ban-tong-hop,0072_QD_2014_DHKT_10-02.pdf,2,QUET,,,,72,QD
van-ban-tong-hop,0072_QD_2023_NA.pdf,2,QUET,,PFU PDF Library 1.4.2,,72,QD
van-ban-tong-hop,0073_QD_0000_DHKT.pdf,8,LOP CHU HONG,0.0000,DPE Build 5656,True,73,QD
van-ban-tong-hop,0073_QD_0000_NA.pdf,2,LOP CHU HONG,0.0000,DPE Build 5656,True,73,QD
van-ban-tong-hop,0073_QD_2014_DHKT_10-02.pdf,3,QUET,,,,73,QD
van-ban-tong-hop,0073_QD_2020_NA.pdf,2,QUET,,PFU PDF Library 1.4.2,,73,QD
van-ban-tong-hop,0074_QD_0000_DHKT.pdf,26,LOP CHU HONG,0.0000,DPE Build 5656,True,74,QD
van-ban-tong-hop,0074_QD_0000_NA.pdf,2,LOP CHU HONG,0.0000,DPE Build 5656,True,74,QD
van-ban-tong-hop,0074_QD_2007_NA.pdf,1,QUET,,,,74,QD
van-ban-tong-hop,0074_QD_2014_DHKT_10-02.pdf,2,QUET,,,,74,QD
van-ban-tong-hop,0075_QD_0000_DHKT.pdf,1,LOP CHU HONG,0.0000,DPE Build 5656,True,75,QD
van-ban-tong-hop,0075_QD_2014_DHKT_10-02.pdf,3,QUET,,,,75,QD
van-ban-tong-hop,0075_QD_2016_NA.pdf,3,LOP CHU HONG,0.0000,DPE Build 5656,True,75,QD
van-ban-tong-hop,0076_QD_0000_DHKT.pdf,1,LOP CHU HONG,0.0000,DPE Build 5656,True,76,QD
van-ban-tong-hop,0076_QD_0000_NA.pdf,2,QUET,,,,76,QD
van-ban-tong-hop,0076_QD_2014_DHKT_10-02.pdf,3,QUET,,,,76,QD
van-ban-tong-hop,0077_QD_0000_DHKT.pdf,3,LOP CHU HONG,0.0000,DPE Build 5656,True,77,QD
van-ban-tong-hop,0077_QD_0000_NA.pdf,2,QUET,,,,77,QD
van-ban-tong-hop,0077_QD_2014_DHKT_10-02.pdf,3,QUET,,,,77,QD
van-ban-tong-hop,0078_QD_0000_DHKT.pdf,11,LOP CHU HONG,0.0000,DPE Build 5656,True,78,QD
van-ban-tong-hop,0078_QD_0000_NA.pdf,2,LOP CHU HONG,0.0000,DPE Build 5656,True,78,QD
van-ban-tong-hop,0078_QD_2014_DHKT_10-02.pdf,3,QUET,,,,78,QD
van-ban-tong-hop,0079_QD_0000_DHKT.pdf,3,LOP CHU HONG,0.0000,DPE Build 5656,True,79,QD
van-ban-tong-hop,0079_QD_0000_NA.pdf,2,LOP CHU HONG,0.0000,DPE Build 5656,True,79,QD
van-ban-tong-hop,0079_QD_2014_DHKT_10-02.pdf,3,QUET,,,,79,QD
van-ban-tong-hop,0080_QD_0000_DHKT.pdf,1,LOP CHU HONG,0.0000,DPE Build 5656,True,80,QD
van-ban-tong-hop,0080_QD_0000_NA.pdf,2,LOP CHU HONG,0.0000,DPE Build 5656,True,80,QD
van-ban-tong-hop,0080_QD_2014_DHKT_10-02.pdf,3,QUET,,,,80,QD
van-ban-tong-hop,0080_QD_2016_NA.pdf,2,QUET,,,,80,QD
van-ban-tong-hop,0080_QD_2025_NA.pdf,6,QUET,,PFU PDF Library 1.4.2,,80,QD
van-ban-tong-hop,0081_QD_0000_DHKT.pdf,2,LOP CHU HONG,0.0000,DPE Build 5656,True,81,QD
van-ban-tong-hop,0081_QD_0000_NA.pdf,2,QUET,,,,81,QD
van-ban-tong-hop,0081_QD_2014_DHKT_06-02.pdf,3,QUET,,,,81,QD
van-ban-tong-hop,0081_QD_2025_NA.pdf,3,QUET,,PFU PDF Library 1.4.2,,81,QD
van-ban-tong-hop,0082_QD_0000_DHKT.pdf,2,LOP CHU HONG,0.0000,DPE Build 5656,True,82,QD
van-ban-tong-hop,0082_QD_0000_DHKT-2.pdf,2,LOP CHU HONG,0.0000,DPE Build 5656,True,82,QD
van-ban-tong-hop,0082_QD_0000_NA.pdf,2,QUET,,,,82,QD
van-ban-tong-hop,0082_QD_2014_DHKT_06-02.pdf,3,QUET,,,,82,QD
van-ban-tong-hop,0083_QD_0000_DHKT.pdf,3,LOP CHU HONG,0.0000,DPE Build 5656,True,83,QD
van-ban-tong-hop,0083_QD_0000_NA.pdf,3,QUET,,,,83,QD
van-ban-tong-hop,0083_QD_2014_DHKT_06-02.pdf,3,QUET,,,,83,QD
van-ban-tong-hop,0084_QD_0000_DHKT.pdf,3,LOP CHU HONG,0.0000,DPE Build 5656,True,84,QD
van-ban-tong-hop,0084_QD_0000_NA.pdf,2,QUET,,,,84,QD
van-ban-tong-hop,0084_QD_2014_DHKT_06-02.pdf,4,QUET,,,,84,QD
van-ban-tong-hop,0085_QD_0000_DHKT.pdf,4,LOP CHU HONG,0.0000,DPE Build 5656,True,85,QD
van-ban-tong-hop,0085_QD_0000_NA.pdf,2,QUET,,,,85,QD
van-ban-tong-hop,0085_QD_2014_DHKT_10-02.pdf,5,QUET,,,,85,QD
van-ban-tong-hop,0086_QD_0000_DHKT.pdf,3,LOP CHU HONG,0.0000,DPE Build 5656,True,86,QD
van-ban-tong-hop,0086_QD_0000_NA.pdf,2,QUET,,,,86,QD
van-ban-tong-hop,0086_QD_2014_DHKT_10-02.pdf,4,QUET,,,,86,QD
van-ban-tong-hop,0087_QD_0000_DHKT.pdf,2,LOP CHU HONG,0.0000,DPE Build 5656,True,87,QD
van-ban-tong-hop,0087_QD_0000_NA.pdf,2,QUET,,,,87,QD
van-ban-tong-hop,0087_QD_2014_DHKT_10-02.pdf,5,QUET,,,,87,QD
van-ban-tong-hop,0087_QD_2025_NA.pdf,2,QUET,,PFU PDF Library 1.4.2,,87,QD
van-ban-tong-hop,0088_QD_0000_NA.pdf,2,QUET,,,,88,QD
van-ban-tong-hop,0088_QD_2014_DHKT_10-02.pdf,2,QUET,,,,88,QD
van-ban-tong-hop,0088_QD_2017_NA.pdf,2,QUET,,,,88,QD
van-ban-tong-hop,0089_QD_0000_DHKT.pdf,2,LOP CHU HONG,0.0000,DPE Build 5656,True,89,QD
van-ban-tong-hop,0089_QD_0000_NA.pdf,1,QUET,,,,89,QD
van-ban-tong-hop,0089_QD_2014_DHKT_10-02.pdf,4,QUET,,,,89,QD
van-ban-tong-hop,0090_QD_0000_DHKT.pdf,1,QUET,,,,90,QD
van-ban-tong-hop,0090_QD_2014_DHKT_10-02.pdf,4,QUET,,,,90,QD
van-ban-tong-hop,0090_QD_2016_NA.pdf,2,LOP CHU HONG,0.0000,DPE Build 5656,True,90,QD
van-ban-tong-hop,0091_QD_0000_DHKT.pdf,2,LOP CHU HONG,0.0000,DPE Build 5656,True,91,QD
van-ban-tong-hop,0091_QD_2014_DHKT_14-02.pdf,1,QUET,,,,91,QD
van-ban-tong-hop,0091_QD_2016_NA.pdf,2,QUET,,,,91,QD
van-ban-tong-hop,0092_QD_0000_DHKT.pdf,3,LOP CHU HONG,0.0000,DPE Build 5656,True,92,QD
van-ban-tong-hop,0092_QD_2008_NA.pdf,1,QUET,,,,92,QD
van-ban-tong-hop,0092_QD_2014_DHKT_14-02.pdf,1,QUET,,,,92,QD
van-ban-tong-hop,0092_QD_2016_NA.pdf,2,QUET,,,,92,QD
van-ban-tong-hop,0093_QD_0000_DHKT.pdf,2,LOP CHU HONG,0.0000,DPE Build 5656,True,93,QD
van-ban-tong-hop,0093_QD_0000_NA.pdf,2,QUET,,,,93,QD
van-ban-tong-hop,0093_QD_2008_NA.pdf,5,QUET,,,,93,QD
van-ban-tong-hop,0093_QD_2014_DHKT_14-02.pdf,1,QUET,,,,93,QD
van-ban-tong-hop,0094_QD_0000_DHKT.pdf,2,LOP CHU HONG,0.0000,DPE Build 5656,True,94,QD
van-ban-tong-hop,0094_QD_2008_NA.pdf,4,QUET,,,,94,QD
van-ban-tong-hop,0094_QD_2008_NA-2.pdf,7,QUET,,,,94,QD
van-ban-tong-hop,0094_QD_2014_DHKT_14-02.pdf,1,QUET,,,,94,QD
van-ban-tong-hop,0094_QD_2016_NA.pdf,3,QUET,,,,94,QD
van-ban-tong-hop,0095_QD_0000_DHKT.pdf,3,LOP CHU HONG,0.0000,DPE Build 5656,True,95,QD
van-ban-tong-hop,0095_QD_2014_DHKT_14-02.pdf,1,QUET,,,,95,QD
van-ban-tong-hop,0095_QD_2016_NA.pdf,2,LOP CHU HONG,0.0000,DPE Build 5656,True,95,QD
van-ban-tong-hop,0096_QD_0000_DHKT.pdf,3,LOP CHU HONG,0.0000,DPE Build 5656,True,96,QD
van-ban-tong-hop,0096_QD_2014_DHKT_15-02.pdf,1,QUET,,,,96,QD
van-ban-tong-hop,0096_QD_2016_NA.pdf,2,LOP CHU HONG,0.0000,DPE Build 5656,True,96,QD
van-ban-tong-hop,0097_QD_0000_DHKT.pdf,5,LOP CHU HONG,0.0000,DPE Build 5656,True,97,QD
van-ban-tong-hop,0097_QD_2014_DHKT_17-02.pdf,5,QUET,,,,97,QD
van-ban-tong-hop,0097_QD_2016_NA.pdf,2,LOP CHU HONG,0.0000,DPE Build 5656,True,97,QD
van-ban-tong-hop,0098_QD_0000_DHKT.pdf,3,LOP CHU HONG,0.0000,DPE Build 5656,True,98,QD
van-ban-tong-hop,0098_QD_2007_NA.pdf,2,QUET,,,,98,QD
van-ban-tong-hop,0098_QD_2014_DHKT_17-02.pdf,10,QUET,,,,98,QD
van-ban-tong-hop,0098_QD_2016_NA.pdf,2,QUET,,,,98,QD
van-ban-tong-hop,0099_QD_0000_DHKT.pdf,4,LOP CHU HONG,0.0000,DPE Build 5656,True,99,QD
van-ban-tong-hop,0099_QD_0000_NA.pdf,2,QUET,,,,99,QD
van-ban-tong-hop,0099_QD_2007_NA.pdf,2,QUET,,,,99,QD
van-ban-tong-hop,0099_QD_2014_DHKT_14-02.pdf,2,QUET,,,,99,QD
van-ban-tong-hop,0099_QD_2021_NA.pdf,2,QUET,,PFU PDF Library 1.4.2,,99,QD
van-ban-tong-hop,0100_QD_0000_DHKT.pdf,2,LOP CHU HONG,0.0000,DPE Build 5656,True,100,QD
van-ban-tong-hop,0100_QD_0000_NA.pdf,4,QUET,,,,100,QD
van-ban-tong-hop,0100_QD_2007_NA.pdf,2,QUET,,,,100,QD
van-ban-tong-hop,0101_QD_0000_DHKT.pdf,3,LOP CHU HONG,0.0000,DPE Build 5656,True,101,QD
van-ban-tong-hop,0102_QD_0000_DHKT.pdf,3,LOP CHU HONG,0.0000,DPE Build 5656,True,102,QD
van-ban-tong-hop,0102_QD_0000_NA.pdf,4,LOP CHU HONG,0.0000,DPE Build 5656,True,102,QD
van-ban-tong-hop,0102_QD_0000_NA-2.pdf,2,LOP CHU HONG,0.0000,DPE Build 5656,True,102,QD
van-ban-tong-hop,0102_QD_2008_NA.pdf,1,QUET,,,,102,QD
van-ban-tong-hop,0102_QD_2017_NA.pdf,1,QUET,,,,102,QD
van-ban-tong-hop,0102_QD_2017_NA-2.pdf,1,QUET,,,,102,QD
van-ban-tong-hop,0103_QD_0000_DHKT.pdf,1,LOP CHU HONG,0.0000,DPE Build 5656,True,103,QD
van-ban-tong-hop,0103_QD_0000_NA.pdf,5,LOP CHU HONG,0.0000,DPE Build 5656,True,103,QD
van-ban-tong-hop,0103_QD_2017_NA.pdf,1,QUET,,,,103,QD
van-ban-tong-hop,0103_QD_2024_NA.pdf,2,QUET,,PFU PDF Library 1.4.2,,103,QD
van-ban-tong-hop,0104_QD_0000_DHKT.pdf,1,LOP CHU HONG,0.0000,DPE Build 5656,True,104,QD
van-ban-tong-hop,0104_QD_0000_NA.pdf,3,LOP CHU HONG,0.0000,DPE Build 5656,True,104,QD
van-ban-tong-hop,0104_QD_2021_NA.pdf,5,QUET,,PFU PDF Library 1.4.2,,104,QD
van-ban-tong-hop,0105_QD_0000_DHKT.pdf,1,LOP CHU HONG,0.0000,DPE Build 5656,True,105,QD
van-ban-tong-hop,0105_QD_0000_NA.pdf,3,QUET,,,,105,QD
van-ban-tong-hop,0105_QD_2024_NA.pdf,1,QUET,,PFU PDF Library 1.4.2,,105,QD
van-ban-tong-hop,0106_QD_0000_DHKT.pdf,3,QUET,,,,106,QD
van-ban-tong-hop,0106_QD_0000_NA.pdf,1,LOP CHU HONG,0.0000,DPE Build 5656,True,106,QD
van-ban-tong-hop,0106_QD_2017_NA.pdf,1,QUET,,,,106,QD
van-ban-tong-hop,0107_QD_0000_DHKT.pdf,3,QUET,,,,107,QD
van-ban-tong-hop,0107_QD_0000_NA.pdf,1,LOP CHU HONG,0.0000,DPE Build 5656,True,107,QD
van-ban-tong-hop,0108_QD_0000_DHKT.pdf,2,LOP CHU HONG,0.0000,DPE Build 5656,True,108,QD
van-ban-tong-hop,0108_QD_0000_NA.pdf,2,LOP CHU HONG,0.0000,DPE Build 5656,True,108,QD
van-ban-tong-hop,0108_QD_2017_NA.pdf,1,QUET,,,,108,QD
van-ban-tong-hop,0109_QD_0000_DHKT.pdf,1,LOP CHU HONG,0.0000,DPE Build 5656,True,109,QD
van-ban-tong-hop,0109_QD_0000_NA.pdf,3,LOP CHU HONG,0.0000,DPE Build 5656,True,109,QD
van-ban-tong-hop,0110_QD_0000_DHKT.pdf,1,LOP CHU HONG,0.0000,DPE Build 5656,True,110,QD
van-ban-tong-hop,0110_QD_0000_NA.pdf,3,LOP CHU HONG,0.0000,DPE Build 5656,True,110,QD
van-ban-tong-hop,0110_QD_2017_NA.pdf,1,QUET,,,,110,QD
van-ban-tong-hop,0110_QD_2021_NA.pdf,2,QUET,,PFU PDF Library 1.4.2,,110,QD
van-ban-tong-hop,0111_QD_0000_DHKT.pdf,1,LOP CHU HONG,0.0000,DPE Build 5656,True,111,QD
van-ban-tong-hop,0111_QD_0000_NA.pdf,3,LOP CHU HONG,0.0000,DPE Build 5656,True,111,QD
van-ban-tong-hop,0111_QD_2017_NA.pdf,1,QUET,,,,111,QD
van-ban-tong-hop,0112_QD_0000_NA.pdf,1,LOP CHU HONG,0.0000,DPE Build 5656,True,112,QD
van-ban-tong-hop,0113_QD_0000_DHKT.pdf,1,LOP CHU HONG,0.0000,DPE Build 5656,True,113,QD
van-ban-tong-hop,0113_QD_2016_NA.pdf,3,LOP CHU HONG,0.0000,DPE Build 5656,True,113,QD
van-ban-tong-hop,0114_QD_0000_DHKT.pdf,1,LOP CHU HONG,0.0000,DPE Build 5656,True,114,QD
van-ban-tong-hop,0114_QD_2016_NA.pdf,3,LOP CHU HONG,0.0000,DPE Build 5656,True,114,QD
van-ban-tong-hop,0115_QD_0000_DHKT.pdf,1,LOP CHU HONG,0.0000,DPE Build 5656,True,115,QD
van-ban-tong-hop,0115_QD_2016_NA.pdf,5,LOP CHU HONG,0.0000,DPE Build 5656,True,115,QD
van-ban-tong-hop,0116_QD_0000_DHKT.pdf,1,LOP CHU HONG,0.0000,DPE Build 5656,True,116,QD
van-ban-tong-hop,0116_QD_2016_NA.pdf,5,LOP CHU HONG,0.0000,DPE Build 5656,True,116,QD
van-ban-tong-hop,0116_QD_2022_NA.pdf,2,QUET,,PFU PDF Library 1.4.2,,116,QD
van-ban-tong-hop,0117_QD_0000_DHKT.pdf,1,LOP CHU HONG,0.0000,DPE Build 5656,True,117,QD
van-ban-tong-hop,0117_QD_2016_NA.pdf,3,LOP CHU HONG,0.0000,DPE Build 5656,True,117,QD
van-ban-tong-hop,0117_QD_2022_NA.pdf,2,QUET,,PFU PDF Library 1.4.2,,117,QD
van-ban-tong-hop,0118_QD_0000_DHKT.pdf,1,LOP CHU HONG,0.0000,DPE Build 5656,True,118,QD
van-ban-tong-hop,0118_QD_2016_NA.pdf,4,LOP CHU HONG,0.0000,DPE Build 5656,True,118,QD
van-ban-tong-hop,0118_QD_2022_NA.pdf,1,QUET,,PFU PDF Library 1.4.2,,118,QD
van-ban-tong-hop,0119_QD_0000_DHKT.pdf,1,LOP CHU HONG,0.0000,DPE Build 5656,True,119,QD
van-ban-tong-hop,0119_QD_2016_NA.pdf,3,LOP CHU HONG,0.0000,DPE Build 5656,True,119,QD
van-ban-tong-hop,0120_QD_0000_DHKT.pdf,1,LOP CHU HONG,0.0000,DPE Build 5656,True,120,QD
van-ban-tong-hop,0120_QD_2016_NA.pdf,3,LOP CHU HONG,0.0000,DPE Build 5656,True,120,QD
van-ban-tong-hop,0121_QD_0000_DHKT.pdf,1,LOP CHU HONG,0.0000,DPE Build 5656,True,121,QD
van-ban-tong-hop,0121_QD_2016_NA.pdf,3,LOP CHU HONG,0.0000,DPE Build 5656,True,121,QD
van-ban-tong-hop,0122_QD_0000_DHKT.pdf,1,LOP CHU HONG,0.0000,DPE Build 5656,True,122,QD
van-ban-tong-hop,0123_QD_0000_DHKT.pdf,2,QUET,,,,123,QD
van-ban-tong-hop,0124_QD_0000_DHKT.pdf,2,QUET,,,,124,QD
van-ban-tong-hop,0125_QD_0000_DHKT.pdf,2,QUET,,,,125,QD
van-ban-tong-hop,0126_QD_0000_DHKT.pdf,2,QUET,,,,126,QD
van-ban-tong-hop,0126_QD_0000_NA.pdf,8,QUET,,,,126,QD
van-ban-tong-hop,0126_QD_2016_NA.pdf,9,LOP CHU HONG,0.0000,DPE Build 5656,True,126,QD
van-ban-tong-hop,0126_QD_2016_NA-2.pdf,9,LOP CHU HONG,0.0000,DPE Build 5656,True,126,QD
van-ban-tong-hop,0126_QD_2017_NA.pdf,2,QUET,,,,126,QD
van-ban-tong-hop,0127_QD_0000_DHKT.pdf,2,QUET,,,,127,QD
van-ban-tong-hop,0127_QD_2016_NA.pdf,3,LOP CHU HONG,0.0000,DPE Build 5656,True,127,QD
van-ban-tong-hop,0128_QD_0000_DHKT.pdf,2,QUET,,,,128,QD
van-ban-tong-hop,0128_QD_2016_NA.pdf,4,LOP CHU HONG,0.0000,DPE Build 5656,True,128,QD
van-ban-tong-hop,0129_QD_0000_DHKT.pdf,2,QUET,,,,129,QD
van-ban-tong-hop,0129_QD_2016_NA.pdf,3,LOP CHU HONG,0.0000,DPE Build 5656,True,129,QD
van-ban-tong-hop,0130_QD_0000_DHKT.pdf,2,QUET,,,,130,QD
van-ban-tong-hop,0130_QD_2008_NA.pdf,1,QUET,,,,130,QD
van-ban-tong-hop,0130_QD_2009_NA.pdf,1,QUET,,,,130,QD
van-ban-tong-hop,0130_QD_2016_NA.pdf,14,QUET,,,,130,QD
van-ban-tong-hop,0130_QD_2016_NA-2.pdf,3,LOP CHU HONG,0.0000,DPE Build 5656,True,130,QD
van-ban-tong-hop,0130_QD_2017_NA.pdf,1,QUET,,,,130,QD
van-ban-tong-hop,0131_QD_0000_DHKT.pdf,2,QUET,,,,131,QD
van-ban-tong-hop,0131_QD_2016_NA.pdf,8,LOP CHU HONG,0.0000,DPE Build 5656,True,131,QD
van-ban-tong-hop,0131_QD_2017_NA.pdf,1,QUET,,,,131,QD
van-ban-tong-hop,0132_QD_0000_DHKT.pdf,2,QUET,,,,132,QD
van-ban-tong-hop,0132_QD_2016_NA.pdf,3,LOP CHU HONG,0.0000,DPE Build 5656,True,132,QD
van-ban-tong-hop,0133_QD_0000_DHKT.pdf,2,QUET,,,,133,QD
van-ban-tong-hop,0133_QD_0000_DHKT-2.pdf,3,QUET,,PFU PDF Library 2.0.1,,133,QD
van-ban-tong-hop,0133_QD_2009_NA.pdf,1,QUET,,,,133,QD
van-ban-tong-hop,0133_QD_2016_NA.pdf,1,LOP CHU HONG,0.0000,DPE Build 5656,True,133,QD
van-ban-tong-hop,0133_QD_2017_NA.pdf,1,QUET,,,,133,QD
van-ban-tong-hop,0134_QD_0000_DHKT.pdf,2,QUET,,,,134,QD
van-ban-tong-hop,0134_QD_2014_DHKT_15-02.pdf,3,QUET,,,,134,QD
van-ban-tong-hop,0134_QD_2016_NA.pdf,1,LOP CHU HONG,0.0000,DPE Build 5656,True,134,QD
van-ban-tong-hop,0135_QD_0000_DHKT.pdf,2,QUET,,,,135,QD
van-ban-tong-hop,0135_QD_2014_DHKT_15-02.pdf,5,QUET,,,,135,QD
van-ban-tong-hop,0135_QD_2016_NA.pdf,1,LOP CHU HONG,0.0000,DPE Build 5656,True,135,QD
van-ban-tong-hop,0136_QD_2014_DHKT_19-02.pdf,12,QUET,,,,136,QD
van-ban-tong-hop,0136_QD_2016_NA.pdf,1,LOP CHU HONG,0.0000,DPE Build 5656,True,136,QD
van-ban-tong-hop,0137_QD_0000_DHKT.pdf,3,QUET,,,,137,QD
van-ban-tong-hop,0137_QD_2014_DHKT_19-02.pdf,15,QUET,,,,137,QD
van-ban-tong-hop,0137_QD_2016_NA.pdf,1,LOP CHU HONG,0.0000,DPE Build 5656,True,137,QD
van-ban-tong-hop,0138_QD_0000_DHKT.pdf,2,QUET,,,,138,QD
van-ban-tong-hop,0138_QD_2014_DHKT_19-02.pdf,4,QUET,,,,138,QD
van-ban-tong-hop,0139_QD_0000_DHKT.pdf,2,LOP CHU HONG,0.0000,DPE Build 5656,True,139,QD
van-ban-tong-hop,0139_QD_2014_DHKT_19-02.pdf,4,QUET,,,,139,QD
van-ban-tong-hop,0139_QD_2016_NA.pdf,2,QUET,,,,139,QD
van-ban-tong-hop,0140_QD_0000_DHKT.pdf,1,LOP CHU HONG,0.0000,DPE Build 5656,True,140,QD
van-ban-tong-hop,0140_QD_2014_DHKT_19-02.pdf,3,QUET,,,,140,QD
van-ban-tong-hop,0140_QD_2016_NA.pdf,2,QUET,,,,140,QD
van-ban-tong-hop,0141_QD_0000_DHKT.pdf,2,LOP CHU HONG,0.0000,DPE Build 5656,True,141,QD
van-ban-tong-hop,0141_QD_2014_DHKT_19-02.pdf,4,QUET,,,,141,QD
van-ban-tong-hop,0141_QD_2016_NA.pdf,2,QUET,,,,141,QD
van-ban-tong-hop,0141_QD_2017_NA.pdf,1,QUET,,,,141,QD
van-ban-tong-hop,0142_QD_0000_DHKT.pdf,2,LOP CHU HONG,0.0000,DPE Build 5656,True,142,QD
van-ban-tong-hop,0142_QD_2014_DHKT_19-02.pdf,4,QUET,,,,142,QD
van-ban-tong-hop,0142_QD_2016_NA.pdf,2,QUET,,,,142,QD
van-ban-tong-hop,0143_QD_0000_DHKT.pdf,1,LOP CHU HONG,0.0000,DPE Build 5656,True,143,QD
van-ban-tong-hop,0143_QD_2014_DHKT_19-02.pdf,3,QUET,,,,143,QD
van-ban-tong-hop,0143_QD_2016_NA.pdf,2,QUET,,,,143,QD
van-ban-tong-hop,0143_QD_2022_NA.pdf,6,QUET,,PFU PDF Library 1.4.2,,143,QD
van-ban-tong-hop,0144_QD_0000_DHKT.pdf,3,LOP CHU HONG,0.0000,DPE Build 5656,True,144,QD
van-ban-tong-hop,0144_QD_2014_DHKT_10-02.pdf,14,QUET,,,,144,QD
van-ban-tong-hop,0144_QD_2016_NA.pdf,2,QUET,,,,144,QD
van-ban-tong-hop,0145_QD_0000_DHKT.pdf,2,LOP CHU HONG,0.0000,DPE Build 5656,True,145,QD
van-ban-tong-hop,0145_QD_2014_DHKT_20-02.pdf,1,QUET,,,,145,QD
van-ban-tong-hop,0145_QD_2016_NA.pdf,1,LOP CHU HONG,0.0000,DPE Build 5656,True,145,QD
van-ban-tong-hop,0145_QD_2023_NA.pdf,4,QUET,,PFU PDF Library 1.4.2,,145,QD
van-ban-tong-hop,0145_QD_2023_NA-2.pdf,4,QUET,,PFU PDF Library 1.4.2,,145,QD
van-ban-tong-hop,0146_QD_0000_DHKT.pdf,4,LOP CHU HONG,0.0000,DPE Build 5656,True,146,QD
van-ban-tong-hop,0146_QD_0000_DHKTDN.pdf,3,QUET,,PFU PDF Library 1.4.2,,146,QD
van-ban-tong-hop,0146_QD_2014_DHKT_24-02.pdf,2,QUET,,,,146,QD
van-ban-tong-hop,0146_QD_2016_NA.pdf,1,LOP CHU HONG,0.0000,DPE Build 5656,True,146,QD
van-ban-tong-hop,0146_QD_2023_NA.pdf,4,QUET,,PFU PDF Library 1.4.2,,146,QD
van-ban-tong-hop,0147_QD_0000_DHKT.pdf,4,LOP CHU HONG,0.0000,DPE Build 5656,True,147,QD
van-ban-tong-hop,0147_QD_2014_DHKT_24-02.pdf,1,QUET,,,,147,QD
van-ban-tong-hop,0147_QD_2016_NA.pdf,1,LOP CHU HONG,0.0000,DPE Build 5656,True,147,QD
van-ban-tong-hop,0147_QD_2023_NA.pdf,4,QUET,,PFU PDF Library 1.4.2,,147,QD
van-ban-tong-hop,0148_QD_0000_DHKT.pdf,3,LOP CHU HONG,0.0000,DPE Build 5656,True,148,QD
van-ban-tong-hop,0148_QD_2014_DHKT_25-02.pdf,1,QUET,,,,148,QD
van-ban-tong-hop,0148_QD_2016_NA.pdf,1,LOP CHU HONG,0.0000,DPE Build 5656,True,148,QD
van-ban-tong-hop,0148_QD_2023_NA.pdf,4,QUET,,PFU PDF Library 1.4.2,,148,QD
van-ban-tong-hop,0149_QD_0000_DHKT.pdf,4,LOP CHU HONG,0.0000,DPE Build 5656,True,149,QD
van-ban-tong-hop,0149_QD_2014_DHKT_26-02.pdf,1,QUET,,,,149,QD
van-ban-tong-hop,0149_QD_2016_NA.pdf,1,LOP CHU HONG,0.0000,DPE Build 5656,True,149,QD
van-ban-tong-hop,0149_QD_2023_NA.pdf,2,QUET,,PFU PDF Library 1.4.2,,149,QD
van-ban-tong-hop,0150_QD_0000_DHKT.pdf,4,LOP CHU HONG,0.0000,DPE Build 5656,True,150,QD
van-ban-tong-hop,0150_QD_2008_NA.pdf,2,QUET,,,,150,QD
van-ban-tong-hop,0150_QD_2014_DHKT_04-03.pdf,1,QUET,,,,150,QD
van-ban-tong-hop,0150_QD_2016_NA.pdf,2,LOP CHU HONG,0.0000,DPE Build 5656,True,150,QD
van-ban-tong-hop,0150_QD_2023_NA.pdf,4,QUET,,PFU PDF Library 1.4.2,,150,QD
van-ban-tong-hop,0151_QD_0000_DHKT.pdf,5,LOP CHU HONG,0.0000,DPE Build 5656,True,151,QD
van-ban-tong-hop,0151_QD_2014_DHKT_04-03.pdf,1,QUET,,,,151,QD
van-ban-tong-hop,0151_QD_2016_NA.pdf,2,QUET,,,,151,QD
van-ban-tong-hop,0151_QD_2023_NA.pdf,2,QUET,,PFU PDF Library 1.4.2,,151,QD
van-ban-tong-hop,0152_QD_0000_DHKT.pdf,1,LOP CHU HONG,0.0000,DPE Build 5656,True,152,QD
van-ban-tong-hop,0152_QD_2014_DHKT_04-03.pdf,1,QUET,,,,152,QD
van-ban-tong-hop,0152_QD_2016_NA.pdf,2,QUET,,,,152,QD
van-ban-tong-hop,0152_QD_2023_NA.pdf,2,QUET,,PFU PDF Library 1.4.2,,152,QD
van-ban-tong-hop,0153_QD_0000_DHKT.pdf,9,LOP CHU HONG,0.0000,DPE Build 5656,True,153,QD
van-ban-tong-hop,0153_QD_2008_NA.pdf,1,QUET,,,,153,QD
van-ban-tong-hop,0153_QD_2014_DHKT_05-03.pdf,1,QUET,,,,153,QD
van-ban-tong-hop,0153_QD_2016_NA.pdf,2,LOP CHU HONG,0.0000,DPE Build 5656,True,153,QD
van-ban-tong-hop,0154_QD_0000_DHKT.pdf,3,LOP CHU HONG,0.0000,DPE Build 5656,True,154,QD
van-ban-tong-hop,0154_QD_2008_NA.pdf,1,QUET,,,,154,QD
van-ban-tong-hop,0154_QD_2014_DHKT_05-03.pdf,2,QUET,,,,154,QD
van-ban-tong-hop,0154_QD_2016_NA.pdf,2,QUET,,,,154,QD
van-ban-tong-hop,0154_QD_2024_NA.pdf,2,QUET,,PFU PDF Library 1.4.2,,154,QD
van-ban-tong-hop,0155_QD_0000_DHKT.pdf,4,LOP CHU HONG,0.0000,DPE Build 5656,True,155,QD
van-ban-tong-hop,0155_QD_2014_DHKT_05-03.pdf,2,QUET,,,,155,QD
van-ban-tong-hop,0155_QD_2016_NA.pdf,2,QUET,,,,155,QD
van-ban-tong-hop,0156_QD_0000_DHKT.pdf,4,LOP CHU HONG,0.0000,DPE Build 5656,True,156,QD
van-ban-tong-hop,0156_QD_2008_NA.pdf,1,QUET,,,,156,QD
van-ban-tong-hop,0156_QD_2014_DHKT_05-03.pdf,2,QUET,,,,156,QD
van-ban-tong-hop,0156_QD_2016_NA.pdf,2,QUET,,,,156,QD
van-ban-tong-hop,0157_QD_0000_DHKT.pdf,4,LOP CHU HONG,0.0000,DPE Build 5656,True,157,QD
van-ban-tong-hop,0157_QD_2014_DHKT_05-03.pdf,2,QUET,,,,157,QD
van-ban-tong-hop,0157_QD_2016_NA.pdf,2,QUET,,,,157,QD
van-ban-tong-hop,0157_QD_2021_NA.pdf,2,QUET,,PFU PDF Library 1.4.2,,157,QD
van-ban-tong-hop,0157_QD_2024_NA.pdf,22,QUET,,PFU PDF Library 1.4.2,,157,QD
van-ban-tong-hop,0158_QD_0000_DHKT.pdf,3,LOP CHU HONG,0.0000,DPE Build 5656,True,158,QD
van-ban-tong-hop,0158_QD_2014_DHKT_05-03.pdf,2,QUET,,,,158,QD
van-ban-tong-hop,0158_QD_2016_NA.pdf,2,QUET,,,,158,QD
van-ban-tong-hop,0158_QD_2021_NA.pdf,2,QUET,,PFU PDF Library 1.4.2,,158,QD
van-ban-tong-hop,0158_QD_2023_NA.pdf,6,QUET,,PFU PDF Library 1.4.2,,158,QD
van-ban-tong-hop,0159_QD_0000_DHKT.pdf,8,LOP CHU HONG,0.0000,DPE Build 5656,True,159,QD
van-ban-tong-hop,0159_QD_2014_DHKT_10-03.pdf,2,QUET,,,,159,QD
van-ban-tong-hop,0159_QD_2016_NA.pdf,2,LOP CHU HONG,0.0000,DPE Build 5656,True,159,QD
van-ban-tong-hop,0160_QD_0000_DHKT.pdf,5,LOP CHU HONG,0.0000,DPE Build 5656,True,160,QD
van-ban-tong-hop,0160_QD_2014_DHKT_08-03.pdf,1,QUET,,,,160,QD
van-ban-tong-hop,0160_QD_2016_NA.pdf,1,LOP CHU HONG,0.0000,DPE Build 5656,True,160,QD
van-ban-tong-hop,0160_QD_2021_NA.pdf,2,QUET,,PFU PDF Library 1.4.2,,160,QD
van-ban-tong-hop,0161_QD_0000_DHKT.pdf,7,LOP CHU HONG,0.0000,DPE Build 5656,True,161,QD
van-ban-tong-hop,0161_QD_2014_DHKT_08-03.pdf,1,QUET,,,,161,QD
van-ban-tong-hop,0161_QD_2016_NA.pdf,2,QUET,,,,161,QD
van-ban-tong-hop,0161_QD_2018_NA.pdf,2,QUET,,,,161,QD
van-ban-tong-hop,0161_QD_2020_NA.pdf,1,QUET,,PFU PDF Library 1.4.2,,161,QD
van-ban-tong-hop,0162_QD_0000_DHKT.pdf,1,LOP CHU HONG,0.0000,DPE Build 5656,True,162,QD
van-ban-tong-hop,0162_QD_2014_DHKT_10-03.pdf,2,QUET,,,,162,QD
van-ban-tong-hop,0162_QD_2016_NA.pdf,2,QUET,,,,162,QD
van-ban-tong-hop,0162_QD_2018_NA.pdf,20,QUET,,,,162,QD
van-ban-tong-hop,0163_QD_0000_DHKT.pdf,3,LOP CHU HONG,0.0000,DPE Build 5656,True,163,QD
van-ban-tong-hop,0163_QD_2014_DHKT_10-03.pdf,2,QUET,,,,163,QD
van-ban-tong-hop,0163_QD_2016_NA.pdf,2,QUET,,,,163,QD
van-ban-tong-hop,0163_QD_2018_NA.pdf,2,QUET,,,,163,QD
van-ban-tong-hop,0164_QD_0000_DHKT.pdf,3,LOP CHU HONG,0.0000,DPE Build 5656,True,164,QD
van-ban-tong-hop,0164_QD_2016_NA.pdf,13,LOP CHU HONG,0.0000,DPE Build 5656,True,164,QD
van-ban-tong-hop,0164_QD_2022_NA.pdf,2,QUET,,PFU PDF Library 1.4.2,,164,QD
van-ban-tong-hop,0165_QD_0000_DHKT.pdf,2,QUET,,,,165,QD
van-ban-tong-hop,0165_QD_2014_DHKT_12-03.pdf,1,QUET,,,,165,QD
van-ban-tong-hop,0166_QD_0000_DHKT.pdf,2,QUET,,,,166,QD
van-ban-tong-hop,0166_QD_2014_DHKT_12-03.pdf,6,QUET,,,,166,QD
van-ban-tong-hop,0167_QD_0000_DHKT.pdf,2,QUET,,,,167,QD
van-ban-tong-hop,0167_QD_2014_DHKT_12-03.pdf,2,QUET,,,,167,QD
van-ban-tong-hop,0168_QD_0000_DHKT.pdf,2,QUET,,,,168,QD
van-ban-tong-hop,0168_QD_2014_DHKT_12-03.pdf,1,QUET,,,,168,QD
van-ban-tong-hop,0169_QD_0000_DHKT.pdf,2,QUET,,,,169,QD
van-ban-tong-hop,0169_QD_2014_DHKT_13-03.pdf,1,QUET,,,,169,QD
van-ban-tong-hop,0170_QD_0000_DHKT.pdf,2,LOP CHU HONG,0.0000,DPE Build 5656,True,170,QD
van-ban-tong-hop,0170_QD_2014_DHKT_17-03.pdf,2,QUET,,,,170,QD
van-ban-tong-hop,0170_QD_2016_NA.pdf,1,LOP CHU HONG,0.0000,DPE Build 5656,True,170,QD
van-ban-tong-hop,0171_QD_0000_DHKT.pdf,3,QUET,,,,171,QD
van-ban-tong-hop,0171_QD_2014_DHKT_17-03.pdf,8,QUET,,,,171,QD
van-ban-tong-hop,0172_QD_0000_DHKT.pdf,3,LOP CHU HONG,0.0000,DPE Build 5656,True,172,QD
van-ban-tong-hop,0172_QD_2014_DHKT_17-03.pdf,4,QUET,,,,172,QD
van-ban-tong-hop,0173_QD_0000_DHKT.pdf,4,LOP CHU HONG,0.0000,DPE Build 5656,True,173,QD
van-ban-tong-hop,0173_QD_2014_DHKT_17-03.pdf,5,QUET,,,,173,QD
van-ban-tong-hop,0173_QD_2023_NA.pdf,2,QUET,,PFU PDF Library 1.4.2,,173,QD
van-ban-tong-hop,0174_QD_0000_DHKT.pdf,8,LOP CHU HONG,0.0000,DPE Build 5656,True,174,QD
van-ban-tong-hop,0174_QD_2014_DHKT_17-03.pdf,1,QUET,,,,174,QD
van-ban-tong-hop,0174_QD_2016_NA.pdf,1,LOP CHU HONG,0.0000,DPE Build 5656,True,174,QD
van-ban-tong-hop,0174_QD_2023_NA.pdf,2,QUET,,PFU PDF Library 1.4.2,,174,QD
van-ban-tong-hop,0175_QD_0000_DHKT.pdf,1,LOP CHU HONG,0.0000,DPE Build 5656,True,175,QD
van-ban-tong-hop,0175_QD_2014_DHKT_17-03.pdf,1,QUET,,,,175,QD
van-ban-tong-hop,0175_QD_2016_NA.pdf,1,LOP CHU HONG,0.0000,DPE Build 5656,True,175,QD
van-ban-tong-hop,0176_QD_0000_DHKT.pdf,1,LOP CHU HONG,0.0000,DPE Build 5656,True,176,QD
van-ban-tong-hop,0176_QD_2014_DHKT_17-03.pdf,3,QUET,,,,176,QD
van-ban-tong-hop,0177_QD_0000_DHKT.pdf,1,LOP CHU HONG,0.0000,DPE Build 5656,True,177,QD
van-ban-tong-hop,0177_QD_2014_DHKT_17-03.pdf,5,QUET,,,,177,QD
van-ban-tong-hop,0178_QD_0000_DHKT.pdf,1,LOP CHU HONG,0.0000,DPE Build 5656,True,178,QD
van-ban-tong-hop,0178_QD_2014_DHKT_17-03.pdf,5,QUET,,,,178,QD
van-ban-tong-hop,0179_QD_0000_DHKT.pdf,1,LOP CHU HONG,0.0000,DPE Build 5656,True,179,QD
van-ban-tong-hop,0179_QD_2014_DHKT_17-03.pdf,3,QUET,,,,179,QD
van-ban-tong-hop,0179_QD_2017_NA.pdf,2,QUET,,,,179,QD
van-ban-tong-hop,0180_QD_0000_DHKT.pdf,1,LOP CHU HONG,0.0000,DPE Build 5656,True,180,QD
van-ban-tong-hop,0180_QD_2014_DHKT_17-03.pdf,4,QUET,,,,180,QD
van-ban-tong-hop,0180_QD_2016_NA.pdf,2,LOP CHU HONG,0.0000,DPE Build 5656,True,180,QD
van-ban-tong-hop,0180_QD_2023_NA.pdf,26,QUET,,PFU PDF Library 1.4.2,,180,QD
van-ban-tong-hop,0181_QD_0000_DHKT.pdf,1,LOP CHU HONG,0.0000,DPE Build 5656,True,181,QD
van-ban-tong-hop,0181_QD_2014_DHKT_17-03.pdf,3,QUET,,,,181,QD
van-ban-tong-hop,0181_QD_2016_NA.pdf,2,LOP CHU HONG,0.0000,DPE Build 5656,True,181,QD
van-ban-tong-hop,0182_QD_0000_DHKT.pdf,1,LOP CHU HONG,0.0000,DPE Build 5656,True,182,QD
van-ban-tong-hop,0182_QD_2014_DHKT_20-03.pdf,1,QUET,,,,182,QD
van-ban-tong-hop,0182_QD_2018_NA.pdf,1,QUET,,,,182,QD
van-ban-tong-hop,0182_QD_2021_NA.pdf,2,QUET,,PFU PDF Library 1.4.2,,182,QD
van-ban-tong-hop,0183_QD_0000_DHKT.pdf,1,LOP CHU HONG,0.0000,DPE Build 5656,True,183,QD
van-ban-tong-hop,0183_QD_2014_DHKT_21-03.pdf,1,QUET,,,,183,QD
van-ban-tong-hop,0184_QD_0000_DHKT.pdf,1,LOP CHU HONG,0.0000,DPE Build 5656,True,184,QD
van-ban-tong-hop,0184_QD_2014_DHKT_24-03.pdf,3,QUET,,,,184,QD
van-ban-tong-hop,0184_QD_2021_NA.pdf,3,QUET,,PFU PDF Library 1.4.2,,184,QD
van-ban-tong-hop,0185_QD_0000_DHKT.pdf,1,LOP CHU HONG,0.0000,DPE Build 5656,True,185,QD
van-ban-tong-hop,0185_QD_2014_DHKT_17-03.pdf,1,QUET,,,,185,QD
van-ban-tong-hop,0185_QD_2021_NA.pdf,3,QUET,,PFU PDF Library 1.4.2,,185,QD
van-ban-tong-hop,0185_QD_2022_NA.pdf,26,QUET,,PFU PDF Library 1.4.2,,185,QD
van-ban-tong-hop,0185_QD_2022_NA-2.pdf,25,QUET,,PFU PDF Library 1.4.2,,185,QD
van-ban-tong-hop,0186_QD_0000_DHKT.pdf,1,LOP CHU HONG,0.0000,DPE Build 5656,True,186,QD
van-ban-tong-hop,0186_QD_2014_DHKT_17-03.pdf,1,QUET,,,,186,QD
van-ban-tong-hop,0186_QD_2021_NA.pdf,3,QUET,,PFU PDF Library 1.4.2,,186,QD
van-ban-tong-hop,0186_QD_2025_NA.pdf,2,QUET,,PFU PDF Library 1.4.2,,186,QD
van-ban-tong-hop,0187_QD_0000_DHKT.pdf,1,LOP CHU HONG,0.0000,DPE Build 5656,True,187,QD
van-ban-tong-hop,0187_QD_2014_DHKT_17-03.pdf,1,QUET,,,,187,QD
van-ban-tong-hop,0187_QD_2021_NA.pdf,2,QUET,,PFU PDF Library 1.4.2,,187,QD
van-ban-tong-hop,0187_QD_2025_NA.pdf,2,QUET,,PFU PDF Library 1.4.2,,187,QD
van-ban-tong-hop,0188_QD_0000_DHKT.pdf,1,LOP CHU HONG,0.0000,DPE Build 5656,True,188,QD
van-ban-tong-hop,0188_QD_2014_DHKT_17-03.pdf,1,QUET,,,,188,QD
van-ban-tong-hop,0188_QD_2021_NA.pdf,2,QUET,,PFU PDF Library 1.4.2,,188,QD
van-ban-tong-hop,0188_QD_2022_NA.pdf,2,QUET,,PFU PDF Library 1.4.2,,188,QD
van-ban-tong-hop,0189_QD_0000_DHKT.pdf,2,LOP CHU HONG,0.0000,DPE Build 5656,True,189,QD
van-ban-tong-hop,0189_QD_2014_DHKT_17-03.pdf,1,QUET,,,,189,QD
van-ban-tong-hop,0189_QD_2017_NA.pdf,3,QUET,,,,189,QD
van-ban-tong-hop,0189_QD_2021_NA.pdf,2,QUET,,PFU PDF Library 1.4.2,,189,QD
van-ban-tong-hop,0189_QD_2022_NA.pdf,2,QUET,,PFU PDF Library 1.4.2,,189,QD
van-ban-tong-hop,0189_QD_2025_NA.pdf,2,QUET,,PFU PDF Library 1.4.2,,189,QD
van-ban-tong-hop,0190_QD_0000_DHKT.pdf,2,LOP CHU HONG,0.0000,DPE Build 5656,True,190,QD
van-ban-tong-hop,0190_QD_2014_DHKT_17-03.pdf,1,QUET,,,,190,QD
van-ban-tong-hop,0190_QD_2021_NA.pdf,2,QUET,,PFU PDF Library 1.4.2,,190,QD
van-ban-tong-hop,0190_QD_2022_NA.pdf,2,QUET,,PFU PDF Library 1.4.2,,190,QD
van-ban-tong-hop,0191_QD_0000_DHKT.pdf,1,LOP CHU HONG,0.0000,DPE Build 5656,True,191,QD
van-ban-tong-hop,0191_QD_2014_DHKT_17-03.pdf,1,QUET,,,,191,QD
van-ban-tong-hop,0191_QD_2016_NA.pdf,2,LOP CHU HONG,0.0000,DPE Build 5656,True,191,QD
van-ban-tong-hop,0191_QD_2021_NA.pdf,2,QUET,,PFU PDF Library 1.4.2,,191,QD
van-ban-tong-hop,0191_QD_2022_NA.pdf,3,QUET,,PFU PDF Library 1.4.2,,191,QD
van-ban-tong-hop,0192_QD_0000_DHKT.pdf,1,LOP CHU HONG,0.0000,DPE Build 5656,True,192,QD
van-ban-tong-hop,0192_QD_2014_DHKT_17-03.pdf,1,QUET,,,,192,QD
van-ban-tong-hop,0192_QD_2018_NA.pdf,1,QUET,,,,192,QD
van-ban-tong-hop,0192_QD_2022_NA.pdf,3,QUET,,PFU PDF Library 1.4.2,,192,QD
van-ban-tong-hop,0193_QD_0000_DHKT.pdf,1,LOP CHU HONG,0.0000,DPE Build 5656,True,193,QD
van-ban-tong-hop,0193_QD_2014_DHKT_14-06.pdf,2,QUET,,,,193,QD
van-ban-tong-hop,0193_QD_2014_NA.pdf,2,QUET,,,,193,QD
van-ban-tong-hop,0193_QD_2016_NA.pdf,1,LOP CHU HONG,0.0000,DPE Build 5656,True,193,QD
van-ban-tong-hop,0193_QD_2018_NA.pdf,1,QUET,,,,193,QD
van-ban-tong-hop,0193_QD_2022_NA.pdf,3,QUET,,PFU PDF Library 1.4.2,,193,QD
van-ban-tong-hop,0194_QD_0000_DHKT.pdf,3,LOP CHU HONG,0.0000,DPE Build 5656,True,194,QD
van-ban-tong-hop,0194_QD_2014_DHKT_24-03.pdf,1,QUET,,,,194,QD
van-ban-tong-hop,0194_QD_2014_NA.pdf,1,QUET,,,,194,QD
van-ban-tong-hop,0194_QD_2016_NA.pdf,1,LOP CHU HONG,0.0000,DPE Build 5656,True,194,QD
van-ban-tong-hop,0194_QD_2022_NA.pdf,2,QUET,,PFU PDF Library 1.4.2,,194,QD
van-ban-tong-hop,0195_QD_0000_DHKT.pdf,3,LOP CHU HONG,0.0000,DPE Build 5656,True,195,QD
van-ban-tong-hop,0195_QD_2008_NA.pdf,1,QUET,,,,195,QD
van-ban-tong-hop,0195_QD_2014_DHKT_24-03.pdf,1,QUET,,,,195,QD
van-ban-tong-hop,0196_QD_0000_DHKT.pdf,1,LOP CHU HONG,0.0000,DPE Build 5656,True,196,QD
van-ban-tong-hop,0196_QD_2014_DHKT_24-03.pdf,1,QUET,,,,196,QD
van-ban-tong-hop,0196_QD_2016_NA.pdf,1,LOP CHU HONG,0.0000,DPE Build 5656,True,196,QD
van-ban-tong-hop,0196_QD_2017_NA.pdf,1,QUET,,,,196,QD
van-ban-tong-hop,0197_QD_0000_DHKT.pdf,1,LOP CHU HONG,0.0000,DPE Build 5656,True,197,QD
van-ban-tong-hop,0197_QD_2014_DHKT_24-03.pdf,1,QUET,,,,197,QD
van-ban-tong-hop,0197_QD_2016_NA.pdf,1,LOP CHU HONG,0.0000,DPE Build 5656,True,197,QD
van-ban-tong-hop,0198_QD_0000_DHKT.pdf,1,LOP CHU HONG,0.0000,DPE Build 5656,True,198,QD
van-ban-tong-hop,0198_QD_2014_DHKT_24-03.pdf,1,QUET,,,,198,QD
van-ban-tong-hop,0198_QD_2014_DHKT.pdf,2,QUET,,,,198,QD
van-ban-tong-hop,0198_QD_2016_NA.pdf,20,LOP CHU HONG,0.0000,DPE Build 5656,True,198,QD
van-ban-tong-hop,0198_QD_2020_NA.pdf,8,QUET,,PFU PDF Library 1.4.2,,198,QD
van-ban-tong-hop,0198_QD_2021_NA.pdf,1,QUET,,PFU PDF Library 1.4.2,,198,QD
van-ban-tong-hop,0199_QD_0000_DHKT.pdf,1,LOP CHU HONG,0.0000,DPE Build 5656,True,199,QD
van-ban-tong-hop,0199_QD_2014_DHKT_24-03.pdf,2,QUET,,,,199,QD
van-ban-tong-hop,0199_QD_2016_NA.pdf,4,LOP CHU HONG,0.0000,DPE Build 5656,True,199,QD
van-ban-tong-hop,0200_QD_0000_DHKT.pdf,1,LOP CHU HONG,0.0000,DPE Build 5656,True,200,QD
van-ban-tong-hop,0200_QD_2014_DHKT_24-03.pdf,2,QUET,,,,200,QD
van-ban-tong-hop,0200_QD_2016_NA.pdf,1,LOP CHU HONG,0.0000,DPE Build 5656,True,200,QD
van-ban-tong-hop,0201_QD_0000_DHKT.pdf,1,LOP CHU HONG,0.0000,DPE Build 5656,True,201,QD
van-ban-tong-hop,0201_QD_2014_DHKT_26-03.pdf,2,QUET,,,,201,QD
van-ban-tong-hop,0201_QD_2016_NA.pdf,1,LOP CHU HONG,0.0000,DPE Build 5656,True,201,QD
van-ban-tong-hop,0201_QD_2018_NA.pdf,1,QUET,,,,201,QD
van-ban-tong-hop,0202_QD_0000_DHKT.pdf,2,QUET,,,,202,QD
van-ban-tong-hop,0202_QD_2014_DHKT_26-03.pdf,2,QUET,,,,202,QD
van-ban-tong-hop,0202_QD_2018_NA.pdf,2,QUET,,,,202,QD
van-ban-tong-hop,0202_QD_2024_NA.pdf,1,QUET,,PFUPDF Engine 1.2.0,,202,QD
van-ban-tong-hop,0203_QD_0000_DHKT.pdf,2,QUET,,,,203,QD
van-ban-tong-hop,0203_QD_2014_DHKT_26-03.pdf,2,QUET,,,,203,QD
van-ban-tong-hop,0204_QD_0000_DHKT.pdf,2,QUET,,,,204,QD
van-ban-tong-hop,0204_QD_2008_NA.pdf,1,QUET,,,,204,QD
van-ban-tong-hop,0204_QD_2014_DHKT_26-03.pdf,2,QUET,,,,204,QD
van-ban-tong-hop,0204_QD_2023_NA.pdf,2,QUET,,PFU PDF Library 1.4.2,,204,QD
van-ban-tong-hop,0205_QD_0000_DHKT.pdf,2,QUET,,,,205,QD
van-ban-tong-hop,0205_QD_2014_DHKT_28-03.pdf,1,QUET,,,,205,QD
van-ban-tong-hop,0205_QD_2020_NA.pdf,2,QUET,,PFU PDF Library 1.4.2,,205,QD
van-ban-tong-hop,0206_QD_0000_DHKT.pdf,2,QUET,,,,206,QD
van-ban-tong-hop,0206_QD_2014_DHKT_28-03.pdf,1,QUET,,,,206,QD
van-ban-tong-hop,0206_QD_2020_NA.pdf,7,QUET,,PFU PDF Library 1.4.2,,206,QD
van-ban-tong-hop,0207_QD_0000_DHKT.pdf,1,LOP CHU HONG,0.0000,DPE Build 5656,True,207,QD
van-ban-tong-hop,0207_QD_2008_NA.pdf,2,QUET,,,,207,QD
van-ban-tong-hop,0207_QD_2014_DHKT_31-03.pdf,1,QUET,,,,207,QD
van-ban-tong-hop,0207_QD_2016_NA.pdf,1,QUET,,,,207,QD
van-ban-tong-hop,0208_QD_0000_DHKT.pdf,8,LOP CHU HONG,0.0000,DPE Build 5656,True,208,QD
van-ban-tong-hop,0208_QD_2008_NA.pdf,2,QUET,,,,208,QD
van-ban-tong-hop,0208_QD_2014_DHKT_31-03.pdf,1,QUET,,,,208,QD
van-ban-tong-hop,0209_QD_2008_NA.pdf,4,QUET,,,,209,QD
van-ban-tong-hop,0209_QD_2014_DHKT_01-14.pdf,1,QUET,,,,209,QD
van-ban-tong-hop,0209_QD_2020_NA.pdf,3,QUET,,PFU PDF Library 1.4.2,,209,QD
van-ban-tong-hop,0210_QD_0000_DHKT.pdf,2,LOP CHU HONG,0.0000,DPE Build 5656,True,210,QD
van-ban-tong-hop,0210_QD_2014_DHKT_02-04.pdf,2,QUET,,,,210,QD
van-ban-tong-hop,0211_QD_0000_DHKT.pdf,1,LOP CHU HONG,0.0000,DPE Build 5656,True,211,QD
van-ban-tong-hop,0211_QD_2014_DHKT_02-04.pdf,1,QUET,,,,211,QD
van-ban-tong-hop,0212_QD_0000_DHKT.pdf,1,LOP CHU HONG,0.0000,DPE Build 5656,True,212,QD
van-ban-tong-hop,0212_QD_2014_DHKT_02-04.pdf,1,QUET,,,,212,QD
van-ban-tong-hop,0213_QD_0000_DHKT.pdf,1,LOP CHU HONG,0.0000,DPE Build 5656,True,213,QD
van-ban-tong-hop,0213_QD_2014_DHKT_02-04.pdf,2,QUET,,,,213,QD
van-ban-tong-hop,0214_QD_0000_DHKT.pdf,1,LOP CHU HONG,0.0000,DPE Build 5656,True,214,QD
van-ban-tong-hop,0214_QD_2014_DHKT_02-04.pdf,2,QUET,,,,214,QD
van-ban-tong-hop,0215_QD_0000_DHKT.pdf,1,LOP CHU HONG,0.0000,DPE Build 5656,True,215,QD
van-ban-tong-hop,0215_QD_2014_DHKT_02-04.pdf,1,QUET,,,,215,QD
van-ban-tong-hop,0216_QD_2014_DHKT_05-04.pdf,1,QUET,,,,216,QD
van-ban-tong-hop,0216_QD_2026_DHKTDN.pdf,3,QUET,,PFU PDF Library 1.4.2,,216,QD
van-ban-tong-hop,0217_QD_0000_DHKT.pdf,1,LOP CHU HONG,0.0000,DPE Build 5656,True,217,QD
van-ban-tong-hop,0217_QD_2014_DHKT_04-04.pdf,1,QUET,,,,217,QD
van-ban-tong-hop,0218_QD_0000_DHKT.pdf,1,LOP CHU HONG,0.0000,DPE Build 5656,True,218,QD
van-ban-tong-hop,0218_QD_2014_DHKT_11-04.pdf,2,QUET,,,,218,QD
van-ban-tong-hop,0218_QD_2026_DHKTDN.pdf,5,QUET,,PFU PDF Library 1.4.2,,218,QD
van-ban-tong-hop,0218_QD_2026_DHKTDN-2.pdf,5,QUET,,PFU PDF Library 1.4.2,,218,QD
van-ban-tong-hop,0219_QD_2014_DHKT_11-04.pdf,1,QUET,,,,219,QD
van-ban-tong-hop,0220_QD_0000_DHKT.pdf,5,QUET,,,,220,QD
van-ban-tong-hop,0220_QD_2014_DHKT_11-04.pdf,2,QUET,,,,220,QD
van-ban-tong-hop,0220_QD_2016_NA.pdf,3,QUET,,,,220,QD
van-ban-tong-hop,0221_QD_0000_DHKT.pdf,14,QUET,,,,221,QD
van-ban-tong-hop,0221_QD_2014_DHKT_11-04.pdf,4,QUET,,,,221,QD
van-ban-tong-hop,0222_QD_0000_DHKT.pdf,1,LOP CHU HONG,0.0000,DPE Build 5656,True,222,QD
van-ban-tong-hop,0222_QD_2014_DHKT_11-04.pdf,4,QUET,,,,222,QD
van-ban-tong-hop,0222_QD_2016_NA.pdf,3,QUET,,,,222,QD
van-ban-tong-hop,0223_QD_0000_DHKT.pdf,1,LOP CHU HONG,0.0000,DPE Build 5656,True,223,QD
van-ban-tong-hop,0223_QD_2014_DHKT_11-04.pdf,2,QUET,,,,223,QD
van-ban-tong-hop,0223_QD_2016_NA.pdf,2,QUET,,,,223,QD
van-ban-tong-hop,0224_QD_0000_DHKT.pdf,1,LOP CHU HONG,0.0000,DPE Build 5656,True,224,QD
van-ban-tong-hop,0224_QD_2014_DHKT_11-04.pdf,3,QUET,,,,224,QD
van-ban-tong-hop,0224_QD_2016_NA.pdf,2,QUET,,,,224,QD
van-ban-tong-hop,0225_QD_0000_DHKT.pdf,1,LOP CHU HONG,0.0000,DPE Build 5656,True,225,QD
van-ban-tong-hop,0225_QD_2014_DHKT_12-04.pdf,1,QUET,,,,225,QD
van-ban-tong-hop,0225_QD_2016_NA.pdf,3,QUET,,,,225,QD
van-ban-tong-hop,0226_QD_0000_DHKT.pdf,5,LOP CHU HONG,0.0000,DPE Build 5656,True,226,QD
van-ban-tong-hop,0226_QD_2014_DHKT_12-04.pdf,2,QUET,,,,226,QD
van-ban-tong-hop,0226_QD_2017_NA.pdf,7,QUET,,,,226,QD
van-ban-tong-hop,0226_QD_2024_NA.pdf,1,QUET,,PFUPDF Engine 1.2.0,,226,QD
van-ban-tong-hop,0227_QD_2014_DHKT_12-04.pdf,2,QUET,,,,227,QD
van-ban-tong-hop,0227_QD_2024_NA.pdf,3,QUET,,PFU PDF Library 1.4.2,,227,QD
van-ban-tong-hop,0228_QD_0000_DHKT.pdf,4,LOP CHU HONG,0.0000,DPE Build 5656,True,228,QD
van-ban-tong-hop,0228_QD_0000_DHKTDN.pdf,8,QUET,,PFU PDF Library 1.4.2,,228,QD
van-ban-tong-hop,0228_QD_2014_DHKT_14-04.pdf,1,QUET,,,,228,QD
van-ban-tong-hop,0228_QD_2016_NA.pdf,5,QUET,,,,228,QD
van-ban-tong-hop,0228_QD_2025_NA.pdf,2,QUET,,PFU PDF Library 1.4.2,,228,QD
van-ban-tong-hop,0229_QD_0000_DHKT.pdf,4,LOP CHU HONG,0.0000,DPE Build 5656,True,229,QD
van-ban-tong-hop,0229_QD_0000_DHKTDN.pdf,14,QUET,,PFU PDF Library 1.4.2,,229,QD
van-ban-tong-hop,0229_QD_2014_DHKT_15-04.pdf,1,QUET,,,,229,QD
van-ban-tong-hop,0229_QD_2016_NA.pdf,1,QUET,,,,229,QD
van-ban-tong-hop,0230_QD_0000_DHKT.pdf,1,LOP CHU HONG,0.0000,DPE Build 5656,True,230,QD
van-ban-tong-hop,0230_QD_0000_DHKTDN.pdf,4,QUET,,PFU PDF Library 1.4.2,,230,QD
van-ban-tong-hop,0230_QD_2014_DHKT_16-04.pdf,1,QUET,,,,230,QD
van-ban-tong-hop,0230_QD_2016_NA.pdf,1,QUET,,,,230,QD
van-ban-tong-hop,0230_QD_2018_NA.pdf,10,QUET,,,,230,QD
van-ban-tong-hop,0231_QD_0000_DHKT.pdf,1,LOP CHU HONG,0.0000,DPE Build 5656,True,231,QD
van-ban-tong-hop,0231_QD_0000_DHKTDN.pdf,10,QUET,,PFU PDF Library 1.4.2,,231,QD
van-ban-tong-hop,0231_QD_2014_DHKT_17-04.pdf,1,QUET,,,,231,QD
van-ban-tong-hop,0232_QD_0000_DHKT.pdf,1,LOP CHU HONG,0.0000,DPE Build 5656,True,232,QD
van-ban-tong-hop,0232_QD_2014_DHKT_17-04.pdf,1,QUET,,,,232,QD
van-ban-tong-hop,0233_QD_0000_DHKT.pdf,2,LOP CHU HONG,0.0000,DPE Build 5656,True,233,QD
van-ban-tong-hop,0233_QD_2014_DHKT_17-04.pdf,1,QUET,,,,233,QD
van-ban-tong-hop,0233_QD_2024_NA.pdf,1,QUET,,PFU PDF Library 1.4.2,,233,QD
van-ban-tong-hop,0234_QD_0000_DHKT.pdf,1,LOP CHU HONG,0.0000,DPE Build 5656,True,234,QD
van-ban-tong-hop,0234_QD_2014_DHKT_17-04.pdf,1,QUET,,,,234,QD
van-ban-tong-hop,0234_QD_2018_NA.pdf,2,QUET,,,,234,QD
van-ban-tong-hop,0235_QD_2014_DHKT_17-04.pdf,1,QUET,,,,235,QD
van-ban-tong-hop,0236_QD_2014_DHKT_17-04.pdf,1,QUET,,,,236,QD
van-ban-tong-hop,0237_QD_0000_DHKT.pdf,1,LOP CHU HONG,0.0000,DPE Build 5656,True,237,QD
van-ban-tong-hop,0237_QD_2014_DHKT_17-04.pdf,1,QUET,,,,237,QD
van-ban-tong-hop,0237_QD_2021_NA.pdf,2,QUET,,PFU PDF Library 1.4.2,,237,QD
van-ban-tong-hop,0237_QD_2024_NA.pdf,1,QUET,,PFUPDF Engine 1.2.0,,237,QD
van-ban-tong-hop,0237_QD_2025_NA.pdf,3,QUET,,PFU PDF Library 1.4.2,,237,QD
van-ban-tong-hop,0238_QD_0000_DHKT.pdf,3,QUET,,,,238,QD
van-ban-tong-hop,0238_QD_2014_DHKT_18-04.pdf,1,QUET,,,,238,QD
van-ban-tong-hop,0238_QD_2021_NA.pdf,2,QUET,,PFU PDF Library 1.4.2,,238,QD
van-ban-tong-hop,0238_QD_2024_NA.pdf,1,QUET,,PFUPDF Engine 1.2.0,,238,QD
van-ban-tong-hop,0238_QD_2025_NA.pdf,2,QUET,,PFU PDF Library 1.4.2,,238,QD
van-ban-tong-hop,0239_QD_0000_DHKT.pdf,2,LOP CHU HONG,0.0000,DPE Build 5656,True,239,QD
van-ban-tong-hop,0239_QD_2014_DHKT_18-04.pdf,1,QUET,,,,239,QD
van-ban-tong-hop,0239_QD_2025_NA.pdf,3,QUET,,PFU PDF Library 1.4.2,,239,QD
van-ban-tong-hop,0240_QD_0000_DHKT.pdf,1,LOP CHU HONG,0.0000,DPE Build 5656,True,240,QD
van-ban-tong-hop,0240_QD_2014_DHKT_18-04.pdf,1,QUET,,,,240,QD
van-ban-tong-hop,0240_QD_2023_NA.pdf,9,QUET,,PFU PDF Library 1.4.2,,240,QD
van-ban-tong-hop,0240_QD_2025_NA.pdf,3,QUET,,PFU PDF Library 1.4.2,,240,QD
van-ban-tong-hop,0241_QD_0000_DHKT.pdf,1,LOP CHU HONG,0.0000,DPE Build 5656,True,241,QD
van-ban-tong-hop,0241_QD_2014_DHKT_21-04.pdf,1,QUET,,,,241,QD
van-ban-tong-hop,0241_QD_2022_NA.pdf,2,QUET,,PFU PDF Library 1.4.2,,241,QD
van-ban-tong-hop,0241_QD_2025_NA.pdf,2,QUET,,PFU PDF Library 1.4.2,,241,QD
van-ban-tong-hop,0242_QD_0000_DHKT.pdf,3,QUET,,,,242,QD
van-ban-tong-hop,0242_QD_2014_DHKT_21-04.pdf,2,QUET,,,,242,QD
van-ban-tong-hop,0242_QD_2016_NA.pdf,2,QUET,,,,242,QD
van-ban-tong-hop,0242_QD_2017_NA.pdf,4,QUET,,,,242,QD
van-ban-tong-hop,0242_QD_2025_NA.pdf,3,QUET,,PFU PDF Library 1.4.2,,242,QD
van-ban-tong-hop,0243_QD_0000_DHKT.pdf,1,LOP CHU HONG,0.0000,DPE Build 5656,True,243,QD
van-ban-tong-hop,0243_QD_2014_DHKT_21-04.pdf,1,QUET,,,,243,QD
van-ban-tong-hop,0243_QD_2016_NA.pdf,2,QUET,,,,243,QD
van-ban-tong-hop,0243_QD_2021_NA.pdf,16,QUET,,PFU PDF Library 1.4.2,,243,QD
van-ban-tong-hop,0243_QD_2025_NA.pdf,4,QUET,,PFU PDF Library 1.4.2,,243,QD
van-ban-tong-hop,0244_QD_0000_DHKT.pdf,1,LOP CHU HONG,0.0000,DPE Build 5656,True,244,QD
van-ban-tong-hop,0244_QD_2014_DHKT_21-04.pdf,1,QUET,,,,244,QD
van-ban-tong-hop,0244_QD_2016_NA.pdf,3,QUET,,,,244,QD
van-ban-tong-hop,0244_QD_2018_NA.pdf,1,QUET,,,,244,QD
van-ban-tong-hop,0244_QD_2018_NA-2.pdf,1,QUET,,,,244,QD
van-ban-tong-hop,0244_QD_2021_NA.pdf,2,QUET,,PFU PDF Library 1.4.2,,244,QD
van-ban-tong-hop,0244_QD_2025_NA.pdf,3,QUET,,PFU PDF Library 1.4.2,,244,QD
van-ban-tong-hop,0245_QD_0000_DHKT.pdf,1,LOP CHU HONG,0.0000,DPE Build 5656,True,245,QD
van-ban-tong-hop,0245_QD_2014_DHKT_21-04.pdf,1,QUET,,,,245,QD
van-ban-tong-hop,0245_QD_2016_NA.pdf,4,QUET,,,,245,QD
van-ban-tong-hop,0245_QD_2018_NA.pdf,4,QUET,,,,245,QD
van-ban-tong-hop,0245_QD_2021_NA.pdf,2,QUET,,PFU PDF Library 1.4.2,,245,QD
van-ban-tong-hop,0245_QD_2025_NA.pdf,3,QUET,,PFU PDF Library 1.4.2,,245,QD
van-ban-tong-hop,0246_QD_0000_DHKT.pdf,1,LOP CHU HONG,0.0000,DPE Build 5656,True,246,QD
van-ban-tong-hop,0246_QD_2008_NA.pdf,1,QUET,,,,246,QD
van-ban-tong-hop,0246_QD_2014_DHKT_21-04.pdf,1,QUET,,,,246,QD
van-ban-tong-hop,0246_QD_2016_NA.pdf,3,QUET,,,,246,QD
van-ban-tong-hop,0247_QD_0000_DHKT.pdf,1,LOP CHU HONG,0.0000,DPE Build 5656,True,247,QD
van-ban-tong-hop,0247_QD_2014_DHKT_24-04.pdf,1,QUET,,,,247,QD
van-ban-tong-hop,0247_QD_2021_NA.pdf,2,QUET,,PFU PDF Library 1.4.2,,247,QD
van-ban-tong-hop,0248_QD_2008_NA.pdf,3,QUET,,,,248,QD
van-ban-tong-hop,0248_QD_2014_DHKT_24-04.pdf,1,QUET,,,,248,QD
van-ban-tong-hop,0248_QD_2021_NA.pdf,2,QUET,,PFU PDF Library 1.4.2,,248,QD
van-ban-tong-hop,0248_QD_2023_NA.pdf,17,QUET,,PFU PDF Library 1.4.2,,248,QD
van-ban-tong-hop,0249_QD_2014_DHKT_24-04.pdf,1,QUET,,,,249,QD
van-ban-tong-hop,0249_QD_2021_NA.pdf,3,QUET,,PFU PDF Library 1.4.2,,249,QD
van-ban-tong-hop,0249_QD_2023_NA.pdf,3,QUET,,PFU PDF Library 2.0.1,,249,QD
van-ban-tong-hop,0250_QD_2014_DHKT_24-04.pdf,1,QUET,,,,250,QD
van-ban-tong-hop,0250_QD_2017_NA.pdf,2,QUET,,,,250,QD
van-ban-tong-hop,0250_QD_2021_NA.pdf,2,QUET,,PFU PDF Library 1.4.2,,250,QD
van-ban-tong-hop,0251_QD_2014_DHKT_24-04.pdf,2,QUET,,,,251,QD
van-ban-tong-hop,0251_QD_2017_NA.pdf,3,QUET,,,,251,QD
van-ban-tong-hop,0252_QD_0000_DHKTDN.pdf,6,QUET,,PFU PDF Library 1.4.2,,252,QD
van-ban-tong-hop,0252_QD_2014_DHKT_24-04.pdf,1,QUET,,,,252,QD
van-ban-tong-hop,0252_QD_2017_NA.pdf,2,QUET,,,,252,QD
van-ban-tong-hop,0253_QD_2014_DHKT_25-04.pdf,1,QUET,,,,253,QD
van-ban-tong-hop,0253_QD_2017_NA.pdf,2,QUET,,,,253,QD
van-ban-tong-hop,0254_QD_2014_DHKT_25-04.pdf,1,QUET,,,,254,QD
van-ban-tong-hop,0254_QD_2017_NA.pdf,2,QUET,,,,254,QD
van-ban-tong-hop,0255_QD_2014_DHKT_25-04.pdf,1,QUET,,,,255,QD
van-ban-tong-hop,0255_QD_2016_NA.pdf,2,QUET,,,,255,QD
van-ban-tong-hop,0256_QD_2014_DHKT_28-04.pdf,1,QUET,,,,256,QD
van-ban-tong-hop,0256_QD_2016_NA.pdf,1,QUET,,,,256,QD
van-ban-tong-hop,0257_QD_2014_DHKT_28-04.pdf,3,QUET,,,,257,QD
van-ban-tong-hop,0257_QD_2016_NA.pdf,1,QUET,,,,257,QD
van-ban-tong-hop,0258_QD_2014_DHKT_28-04.pdf,5,QUET,,,,258,QD
van-ban-tong-hop,0258_QD_2016_NA.pdf,1,QUET,,,,258,QD
van-ban-tong-hop,0259_QD_2014_DHKT_28-04.pdf,5,QUET,,,,259,QD
van-ban-tong-hop,0260_QD_0000_DHKTDN.pdf,2,QUET,,PFUPDF Engine 1.2.0,,260,QD
van-ban-tong-hop,0260_QD_2014_DHKT_28-04.pdf,4,QUET,,,,260,QD
van-ban-tong-hop,0261_QD_0000_DHKT.pdf,1,LOP CHU HONG,0.0000,DPE Build 5656,True,261,QD
van-ban-tong-hop,0261_QD_0000_DHKTDN.pdf,1,QUET,,PFUPDF Engine 1.2.0,,261,QD
van-ban-tong-hop,0261_QD_2014_DHKT_28-04.pdf,2,QUET,,,,261,QD
van-ban-tong-hop,0262_QD_0000_DHKT.pdf,8,LOP CHU HONG,0.0000,DPE Build 5656,True,262,QD
van-ban-tong-hop,0262_QD_0000_DHKTDN.pdf,1,QUET,,PFUPDF Engine 1.2.0,,262,QD
van-ban-tong-hop,0262_QD_2014_DHKT_07-05.pdf,1,QUET,,,,262,QD
van-ban-tong-hop,0262_QD_2022_NA.pdf,1,QUET,,PFU PDF Library 1.4.2,,262,QD
van-ban-tong-hop,0263_QD_0000_DHKT.pdf,2,LOP CHU HONG,0.0000,DPE Build 5656,True,263,QD
van-ban-tong-hop,0263_QD_2014_DHKT_09-05.pdf,1,LOP CHU HONG,0.0000,DPE Build 5656,True,263,QD
van-ban-tong-hop,0263_QD_2021_NA.pdf,3,QUET,,PFU PDF Library 1.4.2,,263,QD
van-ban-tong-hop,0263_QD_2022_NA.pdf,1,QUET,,PFU PDF Library 1.4.2,,263,QD
van-ban-tong-hop,0264_QD_0000_DHKT.pdf,2,LOP CHU HONG,0.0000,DPE Build 5656,True,264,QD
van-ban-tong-hop,0264_QD_2014_DHKT_09-05.pdf,1,LOP CHU HONG,0.0000,DPE Build 5656,True,264,QD
van-ban-tong-hop,0265_QD_0000_DHKT.pdf,1,LOP CHU HONG,0.0000,DPE Build 5656,True,265,QD
van-ban-tong-hop,0265_QD_2014_DHKT_09-05.pdf,1,LOP CHU HONG,0.0000,DPE Build 5656,True,265,QD
van-ban-tong-hop,0265_QD_2016_NA.pdf,2,QUET,,,,265,QD
van-ban-tong-hop,0266_QD_0000_DHKT.pdf,1,LOP CHU HONG,0.0000,DPE Build 5656,True,266,QD
van-ban-tong-hop,0266_QD_2014_DHKT_09-05.pdf,1,LOP CHU HONG,0.0000,DPE Build 5656,True,266,QD
van-ban-tong-hop,0267_QD_0000_DHKT.pdf,1,LOP CHU HONG,0.0000,DPE Build 5656,True,267,QD
van-ban-tong-hop,0267_QD_2014_DHKT_09-05.pdf,1,LOP CHU HONG,0.0000,DPE Build 5656,True,267,QD
van-ban-tong-hop,0268_QD_0000_DHKT.pdf,2,LOP CHU HONG,0.0000,DPE Build 5656,True,268,QD
van-ban-tong-hop,0268_QD_2014_DHKT_09-05.pdf,2,LOP CHU HONG,0.0000,DPE Build 5656,True,268,QD
van-ban-tong-hop,0269_QD_0000_DHKT.pdf,1,LOP CHU HONG,0.0000,DPE Build 5656,True,269,QD
van-ban-tong-hop,0269_QD_2014_DHKT_09-05.pdf,7,LOP CHU HONG,0.0000,DPE Build 5656,True,269,QD
van-ban-tong-hop,0269_QD_2020_NA.pdf,2,QUET,,PFU PDF Library 1.4.2,,269,QD
van-ban-tong-hop,0270_QD_0000_DHKT.pdf,1,LOP CHU HONG,0.0000,DPE Build 5656,True,270,QD
van-ban-tong-hop,0270_QD_2014_DHKT_10-05.pdf,7,LOP CHU HONG,0.0000,DPE Build 5656,True,270,QD
van-ban-tong-hop,0271_QD_2014_DHKT_10-05.pdf,5,LOP CHU HONG,0.0000,DPE Build 5656,True,271,QD
van-ban-tong-hop,0272_QD_0000_DHKT.pdf,3,LOP CHU HONG,0.0000,DPE Build 5656,True,272,QD
van-ban-tong-hop,0272_QD_2014_DHKT_12-05.pdf,2,LOP CHU HONG,0.0000,DPE Build 5656,True,272,QD
van-ban-tong-hop,0272_QD_2016_NA.pdf,2,QUET,,,,272,QD
van-ban-tong-hop,0273_QD_0000_DHKT.pdf,1,LOP CHU HONG,0.0000,DPE Build 5656,True,273,QD
van-ban-tong-hop,0273_QD_2014_DHKT_14-05.pdf,5,LOP CHU HONG,0.0000,DPE Build 5656,True,273,QD
van-ban-tong-hop,0273_QD_2016_NA.pdf,2,QUET,,,,273,QD
van-ban-tong-hop,0274_QD_0000_DHKT.pdf,1,LOP CHU HONG,0.0000,DPE Build 5656,True,274,QD
van-ban-tong-hop,0274_QD_2014_DHKT_14-05.pdf,1,LOP CHU HONG,0.0000,DPE Build 5656,True,274,QD
van-ban-tong-hop,0275_QD_0000_DHKT.pdf,1,LOP CHU HONG,0.0000,DPE Build 5656,True,275,QD
van-ban-tong-hop,0275_QD_2014_DHKT_14-05.pdf,5,LOP CHU HONG,0.0000,DPE Build 5656,True,275,QD
van-ban-tong-hop,0276_QD_2014_DHKT_17-05.pdf,1,LOP CHU HONG,0.0000,DPE Build 5656,True,276,QD
van-ban-tong-hop,0276_QD_2022_NA.pdf,2,QUET,,PFU PDF Library 1.4.2,,276,QD
van-ban-tong-hop,0277_QD_0000_DHKT.pdf,1,LOP CHU HONG,0.0000,DPE Build 5656,True,277,QD
van-ban-tong-hop,0277_QD_2014_DHKT_19-05.pdf,6,LOP CHU HONG,0.0000,DPE Build 5656,True,277,QD
van-ban-tong-hop,0277_QD_2022_NA.pdf,3,QUET,,PFU PDF Library 1.4.2,,277,QD
van-ban-tong-hop,0278_QD_2014_DHKT_19-05.pdf,3,LOP CHU HONG,0.0000,DPE Build 5656,True,278,QD
van-ban-tong-hop,0279_QD_0000_DHKT.pdf,7,LOP CHU HONG,0.0000,DPE Build 5656,True,279,QD
van-ban-tong-hop,0279_QD_2014_DHKT_19-05.pdf,3,LOP CHU HONG,0.0000,DPE Build 5656,True,279,QD
van-ban-tong-hop,0279_QD_2017_NA.pdf,2,QUET,,,,279,QD
van-ban-tong-hop,0279_QD_2020_NA.pdf,10,QUET,,PFU PDF Library 1.4.2,,279,QD
van-ban-tong-hop,0280_QD_2014_DHKT_19-05.pdf,3,LOP CHU HONG,0.0000,DPE Build 5656,True,280,QD
van-ban-tong-hop,0280_QD_2017_NA.pdf,4,QUET,,,,280,QD
van-ban-tong-hop,0280_QD_2022_NA.pdf,9,QUET,,PFU PDF Library 1.4.2,,280,QD
van-ban-tong-hop,0280_QD_2023_NA.pdf,2,QUET,,PFU PDF Library 1.4.2,,280,QD
van-ban-tong-hop,0281_QD_0000_DHKT.pdf,1,LOP CHU HONG,0.0000,DPE Build 5656,True,281,QD
van-ban-tong-hop,0281_QD_2014_DHKT_20-05.pdf,3,LOP CHU HONG,0.0000,DPE Build 5656,True,281,QD
van-ban-tong-hop,0281_QD_2017_NA.pdf,2,QUET,,,,281,QD
van-ban-tong-hop,0281_QD_2023_NA.pdf,1,QUET,,PFU PDF Library 1.4.2,,281,QD
van-ban-tong-hop,0281_QD_2023_NA-2.pdf,2,QUET,,PFU PDF Library 1.4.2,,281,QD
van-ban-tong-hop,0282_QD_0000_DHKT.pdf,2,LOP CHU HONG,0.0000,DPE Build 5656,True,282,QD
van-ban-tong-hop,0282_QD_2014_DHKT_20-05.pdf,3,LOP CHU HONG,0.0000,DPE Build 5656,True,282,QD
van-ban-tong-hop,0282_QD_2017_NA.pdf,3,QUET,,,,282,QD
van-ban-tong-hop,0282_QD_2021_NA.pdf,3,QUET,,PFU PDF Library 1.4.2,,282,QD
van-ban-tong-hop,0282_QD_2023_NA.pdf,1,QUET,,PFU PDF Library 1.4.2,,282,QD
van-ban-tong-hop,0283_QD_0000_DHKT.pdf,3,QUET,,,,283,QD
van-ban-tong-hop,0283_QD_2014_DHKT_20-05.pdf,3,LOP CHU HONG,0.0000,DPE Build 5656,True,283,QD
van-ban-tong-hop,0283_QD_2017_NA.pdf,3,QUET,,,,283,QD
van-ban-tong-hop,0283_QD_2023_NA.pdf,1,QUET,,PFU PDF Library 1.4.2,,283,QD
van-ban-tong-hop,0284_QD_0000_DHKT.pdf,2,LOP CHU HONG,0.0000,DPE Build 5656,True,284,QD
van-ban-tong-hop,0284_QD_2014_DHKT_20-05.pdf,2,LOP CHU HONG,0.0000,DPE Build 5656,True,284,QD
van-ban-tong-hop,0284_QD_2023_NA.pdf,1,QUET,,PFU PDF Library 1.4.2,,284,QD
van-ban-tong-hop,0285_QD_0000_DHKT.pdf,7,QUET,,,,285,QD
van-ban-tong-hop,0285_QD_2014_DHKT_20-05.pdf,2,LOP CHU HONG,0.0000,DPE Build 5656,True,285,QD
van-ban-tong-hop,0286_QD_0000_DHKT.pdf,5,QUET,,,,286,QD
van-ban-tong-hop,0286_QD_2014_DHKT_20-05.pdf,2,LOP CHU HONG,0.0000,DPE Build 5656,True,286,QD
van-ban-tong-hop,0287_QD_0000_DHKT.pdf,1,LOP CHU HONG,0.0000,DPE Build 5656,True,287,QD
van-ban-tong-hop,0287_QD_2014_DHKT_20-05.pdf,2,LOP CHU HONG,0.0000,DPE Build 5656,True,287,QD
van-ban-tong-hop,0288_QD_0000_DHKT.pdf,1,LOP CHU HONG,0.0000,DPE Build 5656,True,288,QD
van-ban-tong-hop,0288_QD_2014_DHKT_20-05.pdf,2,LOP CHU HONG,0.0000,DPE Build 5656,True,288,QD
van-ban-tong-hop,0288_QD_2021_NA.pdf,1,QUET,,PFU PDF Library 1.4.2,,288,QD
van-ban-tong-hop,0288_QD_2023_NA.pdf,1,QUET,,PFU PDF Library 1.4.2,,288,QD
van-ban-tong-hop,0289_QD_0000_DHKT.pdf,2,LOP CHU HONG,0.0000,DPE Build 5656,True,289,QD
van-ban-tong-hop,0289_QD_2014_DHKT_20-05.pdf,2,LOP CHU HONG,0.0000,DPE Build 5656,True,289,QD
van-ban-tong-hop,0289_QD_2016_NA.pdf,2,QUET,,,,289,QD
van-ban-tong-hop,0289_QD_2016_NA-2.pdf,2,QUET,,,,289,QD
van-ban-tong-hop,0289_QD_2021_NA.pdf,1,QUET,,PFU PDF Library 1.4.2,,289,QD
van-ban-tong-hop,0289_QD_2022_NA.pdf,2,QUET,,PFU PDF Library 1.4.2,,289,QD
van-ban-tong-hop,0290_QD_0000_DHKT.pdf,2,LOP CHU HONG,0.0000,DPE Build 5656,True,290,QD
van-ban-tong-hop,0290_QD_2014_DHKT_22-05.pdf,2,LOP CHU HONG,0.0000,DPE Build 5656,True,290,QD
van-ban-tong-hop,0290_QD_2016_NA.pdf,1,QUET,,,,290,QD
van-ban-tong-hop,0290_QD_2021_NA.pdf,1,QUET,,PFU PDF Library 1.4.2,,290,QD
van-ban-tong-hop,0291_QD_0000_DHKT.pdf,2,QUET,,,,291,QD
van-ban-tong-hop,0291_QD_2014_DHKT_22-05.pdf,2,LOP CHU HONG,0.0000,DPE Build 5656,True,291,QD
van-ban-tong-hop,0291_QD_2016_NA.pdf,2,QUET,,,,291,QD
van-ban-tong-hop,0291_QD_2021_NA.pdf,1,QUET,,PFU PDF Library 1.4.2,,291,QD
van-ban-tong-hop,0292_QD_0000_DHKT.pdf,2,QUET,,,,292,QD
van-ban-tong-hop,0292_QD_2014_DHKT_26-05.pdf,2,LOP CHU HONG,0.0000,DPE Build 5656,True,292,QD
van-ban-tong-hop,0292_QD_2016_NA.pdf,2,QUET,,,,292,QD
van-ban-tong-hop,0292_QD_2021_NA.pdf,1,QUET,,PFU PDF Library 1.4.2,,292,QD
van-ban-tong-hop,0292_QD_2023_NA.pdf,4,QUET,,PFU PDF Library 1.4.2,,292,QD
van-ban-tong-hop,0293_QD_0000_DHKT.pdf,1,LOP CHU HONG,0.0000,DPE Build 5656,True,293,QD
van-ban-tong-hop,0293_QD_0000_DHKTDN.pdf,2,QUET,,PFU PDF Library 1.4.2,,293,QD
van-ban-tong-hop,0293_QD_2014_DHKT_26-05.pdf,2,LOP CHU HONG,0.0000,DPE Build 5656,True,293,QD
van-ban-tong-hop,0293_QD_2016_NA.pdf,3,QUET,,,,293,QD
van-ban-tong-hop,0294_QD_0000_DHKT.pdf,1,LOP CHU HONG,0.0000,DPE Build 5656,True,294,QD
van-ban-tong-hop,0294_QD_2014_DHKT_26-05.pdf,2,LOP CHU HONG,0.0000,DPE Build 5656,True,294,QD
van-ban-tong-hop,0294_QD_2016_NA.pdf,3,QUET,,,,294,QD
van-ban-tong-hop,0295_QD_0000_DHKT.pdf,1,LOP CHU HONG,0.0000,DPE Build 5656,True,295,QD
van-ban-tong-hop,0295_QD_2014_DHKT_26-05.pdf,3,LOP CHU HONG,0.0000,DPE Build 5656,True,295,QD
van-ban-tong-hop,0295_QD_2016_NA.pdf,3,QUET,,,,295,QD
van-ban-tong-hop,0295_QD_2024_NA.pdf,2,QUET,,PFU PDF Library 1.4.2,,295,QD
van-ban-tong-hop,0296_QD_0000_DHKT.pdf,1,LOP CHU HONG,0.0000,DPE Build 5656,True,296,QD
van-ban-tong-hop,0296_QD_2014_DHKT_16-05.pdf,3,LOP CHU HONG,0.0000,DPE Build 5656,True,296,QD
van-ban-tong-hop,0296_QD_2016_NA.pdf,3,QUET,,,,296,QD
van-ban-tong-hop,0296_QD_2024_NA.pdf,4,QUET,,PFU PDF Library 1.4.2,,296,QD
van-ban-tong-hop,0297_QD_0000_DHKT.pdf,3,LOP CHU HONG,0.0000,DPE Build 5656,True,297,QD
van-ban-tong-hop,0297_QD_2014_DHKT_16-05.pdf,3,LOP CHU HONG,0.0000,DPE Build 5656,True,297,QD
van-ban-tong-hop,0297_QD_2024_NA.pdf,3,QUET,,PFU PDF Library 1.4.2,,297,QD
van-ban-tong-hop,0298_QD_0000_DHKT.pdf,3,LOP CHU HONG,0.0000,DPE Build 5656,True,298,QD
van-ban-tong-hop,0298_QD_2014_DHKT_16-05.pdf,3,LOP CHU HONG,0.0000,DPE Build 5656,True,298,QD
van-ban-tong-hop,0298_QD_2022_NA.pdf,2,QUET,,PFU PDF Library 1.4.2,,298,QD
van-ban-tong-hop,0298_QD_2024_NA.pdf,2,QUET,,PFU PDF Library 1.4.2,,298,QD
van-ban-tong-hop,0299_QD_0000_DHKT.pdf,3,LOP CHU HONG,0.0000,DPE Build 5656,True,299,QD
van-ban-tong-hop,0299_QD_2014_DHKT_16-05.pdf,2,LOP CHU HONG,0.0000,DPE Build 5656,True,299,QD
van-ban-tong-hop,0299_QD_2024_NA.pdf,4,QUET,,PFU PDF Library 1.4.2,,299,QD
van-ban-tong-hop,0300_QD_0000_DHKT.pdf,3,LOP CHU HONG,0.0000,DPE Build 5656,True,300,QD
van-ban-tong-hop,0300_QD_2014_DHKT_16-05.pdf,2,LOP CHU HONG,0.0000,DPE Build 5656,True,300,QD
van-ban-tong-hop,0300_QD_2021_NA.pdf,2,QUET,,PFU PDF Library 1.4.2,,300,QD
van-ban-tong-hop,0300_QD_2022_NA.pdf,7,QUET,,PFU PDF Library 1.4.2,,300,QD
van-ban-tong-hop,0300_QD_2024_NA.pdf,5,QUET,,PFU PDF Library 1.4.2,,300,QD
van-ban-tong-hop,0301_QD_0000_DHKT.pdf,2,LOP CHU HONG,0.0000,DPE Build 5656,True,301,QD
van-ban-tong-hop,0301_QD_2014_DHKT_16-05.pdf,2,LOP CHU HONG,0.0000,DPE Build 5656,True,301,QD
van-ban-tong-hop,0301_QD_2021_NA.pdf,3,QUET,,PFU PDF Library 1.4.2,,301,QD
van-ban-tong-hop,0301_QD_2022_NA.pdf,1,QUET,,PFU PDF Library 1.4.2,,301,QD
van-ban-tong-hop,0301_QD_2024_NA.pdf,5,QUET,,PFU PDF Library 1.4.2,,301,QD
van-ban-tong-hop,0302_QD_0000_DHKT.pdf,2,LOP CHU HONG,0.0000,DPE Build 5656,True,302,QD
van-ban-tong-hop,0302_QD_2014_DHKT_22-05.pdf,2,LOP CHU HONG,0.0000,DPE Build 5656,True,302,QD
van-ban-tong-hop,0302_QD_2024_NA.pdf,3,QUET,,PFU PDF Library 1.4.2,,302,QD
van-ban-tong-hop,0303_QD_0000_DHKT.pdf,2,LOP CHU HONG,0.0000,DPE Build 5656,True,303,QD
van-ban-tong-hop,0303_QD_2014_DHKT_22-05.pdf,3,LOP CHU HONG,0.0000,DPE Build 5656,True,303,QD
van-ban-tong-hop,0304_QD_0000_DHKT.pdf,2,LOP CHU HONG,0.0000,DPE Build 5656,True,304,QD
van-ban-tong-hop,0304_QD_2014_DHKT_22-05.pdf,3,LOP CHU HONG,0.0000,DPE Build 5656,True,304,QD
van-ban-tong-hop,0304_QD_2022_NA.pdf,1,QUET,,PFU PDF Library 1.4.2,,304,QD
van-ban-tong-hop,0305_QD_0000_DHKT.pdf,2,LOP CHU HONG,0.0000,DPE Build 5656,True,305,QD
van-ban-tong-hop,0305_QD_2014_DHKT_16-05.pdf,2,LOP CHU HONG,0.0000,DPE Build 5656,True,305,QD
van-ban-tong-hop,0305_QD_2016_NA.pdf,2,QUET,,,,305,QD
van-ban-tong-hop,0305_QD_2017_NA.pdf,1,QUET,,,,305,QD
van-ban-tong-hop,0306_QD_0000_DHKT.pdf,2,LOP CHU HONG,0.0000,DPE Build 5656,True,306,QD
van-ban-tong-hop,0306_QD_2013_DHKT_16-05.pdf,2,LOP CHU HONG,0.0000,DPE Build 5656,True,306,QD
van-ban-tong-hop,0306_QD_2016_NA.pdf,3,QUET,,,,306,QD
van-ban-tong-hop,0306_QD_2017_NA.pdf,2,QUET,,,,306,QD
van-ban-tong-hop,0307_QD_0000_DHKT.pdf,2,LOP CHU HONG,0.0000,DPE Build 5656,True,307,QD
van-ban-tong-hop,0307_QD_2014_DHKT_22-05.pdf,2,LOP CHU HONG,0.0000,DPE Build 5656,True,307,QD
van-ban-tong-hop,0307_QD_2016_NA.pdf,3,QUET,,,,307,QD
van-ban-tong-hop,0307_QD_2017_NA.pdf,3,QUET,,,,307,QD
van-ban-tong-hop,0308_QD_0000_DHKT.pdf,3,LOP CHU HONG,0.0000,DPE Build 5656,True,308,QD
van-ban-tong-hop,0308_QD_2014_DHKT_22-05.pdf,2,LOP CHU HONG,0.0000,DPE Build 5656,True,308,QD
van-ban-tong-hop,0308_QD_2016_NA.pdf,4,QUET,,,,308,QD
van-ban-tong-hop,0308_QD_2017_NA.pdf,3,QUET,,,,308,QD
van-ban-tong-hop,0309_QD_0000_DHKT.pdf,3,LOP CHU HONG,0.0000,DPE Build 5656,True,309,QD
van-ban-tong-hop,0309_QD_2014_DHKT_16-05.pdf,2,LOP CHU HONG,0.0000,DPE Build 5656,True,309,QD
van-ban-tong-hop,0309_QD_2016_NA.pdf,2,QUET,,,,309,QD
van-ban-tong-hop,0309_QD_2017_NA.pdf,2,QUET,,,,309,QD
van-ban-tong-hop,0310_QD_0000_DHKT.pdf,1,LOP CHU HONG,0.0000,DPE Build 5656,True,310,QD
van-ban-tong-hop,0310_QD_2014_DHKT_16-05.pdf,2,LOP CHU HONG,0.0000,DPE Build 5656,True,310,QD
van-ban-tong-hop,0310_QD_2016_NA.pdf,2,QUET,,,,310,QD
van-ban-tong-hop,0310_QD_2017_NA.pdf,2,QUET,,,,310,QD
van-ban-tong-hop,0311_QD_0000_DHKT.pdf,2,LOP CHU HONG,0.0000,DPE Build 5656,True,311,QD
van-ban-tong-hop,0311_QD_2014_DHKT_07-05.pdf,1,LOP CHU HONG,0.0000,DPE Build 5656,True,311,QD
van-ban-tong-hop,0311_QD_2016_NA.pdf,2,QUET,,,,311,QD
van-ban-tong-hop,0311_QD_2017_NA.pdf,2,QUET,,,,311,QD
van-ban-tong-hop,0312_QD_0000_DHKT.pdf,2,LOP CHU HONG,0.0000,DPE Build 5656,True,312,QD
van-ban-tong-hop,0312_QD_2014_DHKT_07-05.pdf,1,LOP CHU HONG,0.0000,DPE Build 5656,True,312,QD
van-ban-tong-hop,0312_QD_2016_NA.pdf,2,QUET,,,,312,QD
van-ban-tong-hop,0312_QD_2017_NA.pdf,4,QUET,,,,312,QD
van-ban-tong-hop,0313_QD_0000_DHKT.pdf,2,LOP CHU HONG,0.0000,DPE Build 5656,True,313,QD
van-ban-tong-hop,0313_QD_2014_DHKT_23-05.pdf,2,LOP CHU HONG,0.0000,DPE Build 5656,True,313,QD
van-ban-tong-hop,0313_QD_2016_NA.pdf,2,QUET,,,,313,QD
van-ban-tong-hop,0313_QD_2017_NA.pdf,2,QUET,,,,313,QD
van-ban-tong-hop,0314_QD_0000_DHKT.pdf,1,LOP CHU HONG,0.0000,DPE Build 5656,True,314,QD
van-ban-tong-hop,0314_QD_2014_DHKT_23-05.pdf,2,LOP CHU HONG,0.0000,DPE Build 5656,True,314,QD
van-ban-tong-hop,0314_QD_2016_NA.pdf,2,QUET,,,,314,QD
van-ban-tong-hop,0314_QD_2017_NA.pdf,4,QUET,,,,314,QD
van-ban-tong-hop,0314_QD_2024_NA.pdf,2,QUET,,PFU PDF Library 1.4.2,,314,QD
van-ban-tong-hop,0315_QD_0000_DHKT.pdf,1,LOP CHU HONG,0.0000,DPE Build 5656,True,315,QD
van-ban-tong-hop,0315_QD_2014_DHKT_23-05.pdf,2,LOP CHU HONG,0.0000,DPE Build 5656,True,315,QD
van-ban-tong-hop,0315_QD_2016_NA.pdf,2,QUET,,,,315,QD
van-ban-tong-hop,0315_QD_2017_NA.pdf,2,QUET,,,,315,QD
van-ban-tong-hop,0315_QD_2024_NA.pdf,3,QUET,,PFU PDF Library 1.4.2,,315,QD
van-ban-tong-hop,0316_QD_0000_DHKT.pdf,1,LOP CHU HONG,0.0000,DPE Build 5656,True,316,QD
van-ban-tong-hop,0316_QD_2014_DHKT_23-05.pdf,2,LOP CHU HONG,0.0000,DPE Build 5656,True,316,QD
van-ban-tong-hop,0316_QD_2016_NA.pdf,2,QUET,,,,316,QD
van-ban-tong-hop,0316_QD_2017_NA.pdf,3,QUET,,,,316,QD
van-ban-tong-hop,0317_QD_0000_DHKT.pdf,3,LOP CHU HONG,0.0000,DPE Build 5656,True,317,QD
van-ban-tong-hop,0317_QD_2014_DHKT_23-05.pdf,2,LOP CHU HONG,0.0000,DPE Build 5656,True,317,QD
van-ban-tong-hop,0317_QD_2017_NA.pdf,3,QUET,,,,317,QD
van-ban-tong-hop,0317_QD_2024_NA.pdf,2,QUET,,PFU PDF Library 1.4.2,,317,QD
van-ban-tong-hop,0318_QD_0000_DHKT.pdf,8,LOP CHU HONG,0.0000,DPE Build 5656,True,318,QD
van-ban-tong-hop,0318_QD_2014_DHKT_23-05.pdf,2,LOP CHU HONG,0.0000,DPE Build 5656,True,318,QD
van-ban-tong-hop,0318_QD_2023_NA.pdf,2,QUET,,PFU PDF Library 1.4.2,,318,QD
van-ban-tong-hop,0318_QD_2025_NA.pdf,2,QUET,,PFU PDF Library 1.4.2,,318,QD
van-ban-tong-hop,0319_QD_0000_DHKT.pdf,9,LOP CHU HONG,0.0000,DPE Build 5656,True,319,QD
van-ban-tong-hop,0319_QD_2014_DHKT_23-05.pdf,2,LOP CHU HONG,0.0000,DPE Build 5656,True,319,QD
van-ban-tong-hop,0319_QD_2024_NA.pdf,1,QUET,,PFU PDF Library 1.4.2,,319,QD
van-ban-tong-hop,0319_QD_2025_DHKTDN.pdf,10,QUET,,PFU PDF Library 1.4.2,,319,QD
van-ban-tong-hop,0320_QD_0000_DHKT.pdf,3,QUET,,,,320,QD
van-ban-tong-hop,0320_QD_2014_DHKT_23-05.pdf,2,LOP CHU HONG,0.0000,DPE Build 5656,True,320,QD
van-ban-tong-hop,0320_QD_2017_NA.pdf,3,QUET,,,,320,QD
van-ban-tong-hop,0320_QD_2024_NA.pdf,2,QUET,,PFU PDF Library 1.4.2,,320,QD
van-ban-tong-hop,0320_QD_2025_NA.pdf,11,QUET,,PFUPDF Engine 1.2.0,,320,QD
van-ban-tong-hop,0321_QD_0000_DHKT.pdf,3,QUET,,,,321,QD
van-ban-tong-hop,0321_QD_2014_DHKT_23-05.pdf,2,LOP CHU HONG,0.0000,DPE Build 5656,True,321,QD
van-ban-tong-hop,0321_QD_2017_NA.pdf,1,QUET,,,,321,QD
van-ban-tong-hop,0321_QD_2024_NA.pdf,2,QUET,,PFU PDF Library 1.4.2,,321,QD
van-ban-tong-hop,0322_QD_0000_DHKT.pdf,3,QUET,,,,322,QD
van-ban-tong-hop,0322_QD_2014_DHKT_23-05.pdf,2,LOP CHU HONG,0.0000,DPE Build 5656,True,322,QD
van-ban-tong-hop,0322_QD_2017_NA.pdf,1,QUET,,,,322,QD
van-ban-tong-hop,0322_QD_2024_NA.pdf,1,QUET,,PFU PDF Library 1.4.2,,322,QD
van-ban-tong-hop,0323_QD_0000_DHKT.pdf,2,QUET,,,,323,QD
van-ban-tong-hop,0323_QD_0000_DHKTDN.pdf,4,QUET,,PFU PDF Library 1.4.2,,323,QD
van-ban-tong-hop,0323_QD_2014_DHKT_23-05.pdf,2,LOP CHU HONG,0.0000,DPE Build 5656,True,323,QD
van-ban-tong-hop,0323_QD_2017_NA.pdf,7,QUET,,,,323,QD
van-ban-tong-hop,0323_QD_2021_NA.pdf,2,QUET,,PFU PDF Library 1.4.2,,323,QD
van-ban-tong-hop,0324_QD_0000_DHKT.pdf,6,QUET,,PFU PDF Library 1.4.2,,324,QD
van-ban-tong-hop,0324_QD_0000_DHKTDN.pdf,4,QUET,,PFU PDF Library 1.4.2,,324,QD
van-ban-tong-hop,0324_QD_2014_DHKT_23-05.pdf,2,LOP CHU HONG,0.0000,DPE Build 5656,True,324,QD
van-ban-tong-hop,0324_QD_2024_NA.pdf,1,QUET,,PFU PDF Library 1.4.2,,324,QD
van-ban-tong-hop,0325_QD_0000_DHKT.pdf,1,LOP CHU HONG,0.0000,DPE Build 5656,True,325,QD
van-ban-tong-hop,0325_QD_0000_DHKTDN.pdf,4,QUET,,PFU PDF Library 1.4.2,,325,QD
van-ban-tong-hop,0325_QD_2014_DHKT_23-05.pdf,2,LOP CHU HONG,0.0000,DPE Build 5656,True,325,QD
van-ban-tong-hop,0325_QD_2016_NA.pdf,3,QUET,,,,325,QD
van-ban-tong-hop,0325_QD_2021_NA.pdf,1,QUET,,PFU PDF Library 1.4.2,,325,QD
van-ban-tong-hop,0326_QD_0000_DHKT.pdf,1,LOP CHU HONG,0.0000,DPE Build 5656,True,326,QD
van-ban-tong-hop,0326_QD_0000_DHKTDN.pdf,3,QUET,,PFU PDF Library 1.4.2,,326,QD
van-ban-tong-hop,0326_QD_2014_DHKT_23-05.pdf,2,LOP CHU HONG,0.0000,DPE Build 5656,True,326,QD
van-ban-tong-hop,0326_QD_2016_NA.pdf,3,QUET,,,,326,QD
van-ban-tong-hop,0326_QD_2017_NA.pdf,5,QUET,,,,326,QD
van-ban-tong-hop,0326_QD_2021_NA.pdf,1,QUET,,PFU PDF Library 1.4.2,,326,QD
van-ban-tong-hop,0327_QD_0000_DHKT.pdf,1,LOP CHU HONG,0.0000,DPE Build 5656,True,327,QD
van-ban-tong-hop,0327_QD_0000_DHKTDN.pdf,3,QUET,,PFU PDF Library 1.4.2,,327,QD
van-ban-tong-hop,0327_QD_2014_DHKT_23-05.pdf,2,LOP CHU HONG,0.0000,DPE Build 5656,True,327,QD
van-ban-tong-hop,0327_QD_2016_NA.pdf,3,QUET,,,,327,QD
van-ban-tong-hop,0327_QD_2021_NA.pdf,1,QUET,,PFU PDF Library 1.4.2,,327,QD
van-ban-tong-hop,0328_QD_0000_DHKT.pdf,2,QUET,,,,328,QD
van-ban-tong-hop,0328_QD_0000_DHKTDN.pdf,3,QUET,,PFU PDF Library 1.4.2,,328,QD
van-ban-tong-hop,0328_QD_2009_NA.pdf,1,QUET,,,,328,QD
van-ban-tong-hop,0328_QD_2014_DHKT_23-05.pdf,2,LOP CHU HONG,0.0000,DPE Build 5656,True,328,QD
van-ban-tong-hop,0328_QD_2016_NA.pdf,3,QUET,,,,328,QD
van-ban-tong-hop,0328_QD_2021_NA.pdf,1,QUET,,PFU PDF Library 1.4.2,,328,QD
van-ban-tong-hop,0329_QD_0000_DHKT.pdf,2,QUET,,,,329,QD
van-ban-tong-hop,0329_QD_0000_DHKTDN.pdf,2,QUET,,PFU PDF Library 1.4.2,,329,QD
van-ban-tong-hop,0329_QD_0000_DHKT-2.pdf,12,QUET,,,,329,QD
van-ban-tong-hop,0329_QD_2014_DHKT_30-05.pdf,9,LOP CHU HONG,0.0000,DPE Build 5656,True,329,QD
van-ban-tong-hop,0329_QD_2016_NA.pdf,3,QUET,,,,329,QD
van-ban-tong-hop,0329_QD_2021_NA.pdf,1,QUET,,PFU PDF Library 1.4.2,,329,QD
van-ban-tong-hop,0330_QD_0000_DHKT.pdf,2,QUET,,,,330,QD
van-ban-tong-hop,0330_QD_0000_DHKTDN.pdf,3,QUET,,PFU PDF Library 1.4.2,,330,QD
van-ban-tong-hop,0330_QD_2014_DHKT_30-05.pdf,5,LOP CHU HONG,0.0000,DPE Build 5656,True,330,QD
van-ban-tong-hop,0330_QD_2016_NA.pdf,3,QUET,,,,330,QD
van-ban-tong-hop,0331_QD_0000_DHKT.pdf,2,QUET,,,,331,QD
van-ban-tong-hop,0331_QD_2014_DHKT_23-05.pdf,3,LOP CHU HONG,0.0000,DPE Build 5656,True,331,QD
van-ban-tong-hop,0331_QD_2016_NA.pdf,3,QUET,,,,331,QD
van-ban-tong-hop,0331_QD_2019_NA.pdf,1,QUET,,PFU PDF Library 1.2.1,,331,QD
van-ban-tong-hop,0332_QD_0000_DHKT.pdf,2,QUET,,,,332,QD
van-ban-tong-hop,0332_QD_2014_DHKT_23-05.pdf,3,LOP CHU HONG,0.0000,DPE Build 5656,True,332,QD
van-ban-tong-hop,0332_QD_2016_NA.pdf,3,QUET,,,,332,QD
van-ban-tong-hop,0333_QD_0000_DHKT.pdf,2,QUET,,,,333,QD
van-ban-tong-hop,0333_QD_2014_DHKT_23-05.pdf,2,LOP CHU HONG,0.0000,DPE Build 5656,True,333,QD
van-ban-tong-hop,0333_QD_2016_NA.pdf,2,QUET,,,,333,QD
van-ban-tong-hop,0334_QD_0000_DHKT.pdf,1,LOP CHU HONG,0.0000,DPE Build 5656,True,334,QD
van-ban-tong-hop,0334_QD_2014_DHKT_23-05.pdf,2,LOP CHU HONG,0.0000,DPE Build 5656,True,334,QD
van-ban-tong-hop,0334_QD_2016_NA.pdf,2,QUET,,,,334,QD
van-ban-tong-hop,0335_QD_0000_DHKT.pdf,2,QUET,,,,335,QD
van-ban-tong-hop,0335_QD_2014_DHKT_23-05.pdf,2,LOP CHU HONG,0.0000,DPE Build 5656,True,335,QD
van-ban-tong-hop,0335_QD_2016_NA.pdf,3,QUET,,,,335,QD
van-ban-tong-hop,0335_QD_2017_NA.pdf,3,QUET,,,,335,QD
van-ban-tong-hop,0336_QD_0000_DHKT.pdf,2,QUET,,,,336,QD
van-ban-tong-hop,0336_QD_2014_DHKT_23-05.pdf,2,LOP CHU HONG,0.0000,DPE Build 5656,True,336,QD
van-ban-tong-hop,0336_QD_2016_NA.pdf,2,QUET,,,,336,QD
van-ban-tong-hop,0336_QD_2017_NA.pdf,2,QUET,,,,336,QD
van-ban-tong-hop,0336_QD_2018_NA.pdf,1,QUET,,,,336,QD
van-ban-tong-hop,0337_QD_2014_DHKT_23-05.pdf,2,LOP CHU HONG,0.0000,DPE Build 5656,True,337,QD
van-ban-tong-hop,0337_QD_2016_NA.pdf,3,QUET,,,,337,QD
van-ban-tong-hop,0337_QD_2017_NA.pdf,2,QUET,,,,337,QD
van-ban-tong-hop,0338_QD_2014_DHKT_23-05.pdf,2,LOP CHU HONG,0.0000,DPE Build 5656,True,338,QD
van-ban-tong-hop,0338_QD_2016_NA.pdf,2,QUET,,,,338,QD
van-ban-tong-hop,0338_QD_2017_NA.pdf,3,QUET,,,,338,QD
van-ban-tong-hop,0339_QD_0000_DHKT.pdf,2,QUET,,,,339,QD
van-ban-tong-hop,0339_QD_0000_DHKTDN.pdf,2,QUET,,PFUPDF Engine 1.2.0,,339,QD
van-ban-tong-hop,0339_QD_2014_DHKT_23-05.pdf,2,LOP CHU HONG,0.0000,DPE Build 5656,True,339,QD
van-ban-tong-hop,0339_QD_2016_NA.pdf,5,QUET,,,,339,QD
van-ban-tong-hop,0339_QD_2017_NA.pdf,2,QUET,,,,339,QD
van-ban-tong-hop,0340_QD_0000_DHKT.pdf,2,QUET,,,,340,QD
van-ban-tong-hop,0340_QD_2017_NA.pdf,2,QUET,,,,340,QD
van-ban-tong-hop,0341_QD_0000_DHKT.pdf,2,QUET,,,,341,QD
van-ban-tong-hop,0341_QD_2014_DHKT_23-05.pdf,3,LOP CHU HONG,0.0000,DPE Build 5656,True,341,QD
van-ban-tong-hop,0341_QD_2014_DHKT.pdf,1,LOP CHU HONG,0.0000,DPE Build 5656,True,341,QD
van-ban-tong-hop,0341_QD_2017_NA.pdf,3,QUET,,,,341,QD
van-ban-tong-hop,0342_QD_0000_DHKT.pdf,2,QUET,,,,342,QD
van-ban-tong-hop,0342_QD_2014_DHKT_23-05.pdf,3,LOP CHU HONG,0.0000,DPE Build 5656,True,342,QD
van-ban-tong-hop,0343_QD_0000_DHKT.pdf,2,QUET,,,,343,QD
van-ban-tong-hop,0343_QD_2014_DHKT_16-05.pdf,2,LOP CHU HONG,0.0000,DPE Build 5656,True,343,QD
van-ban-tong-hop,0343_QD_2014_DHKT.pdf,1,LOP CHU HONG,0.0000,DPE Build 5656,True,343,QD
van-ban-tong-hop,0344_QD_2014_DHKT_16-05.pdf,2,LOP CHU HONG,0.0000,DPE Build 5656,True,344,QD
van-ban-tong-hop,0344_QD_2014_DHKT.pdf,2,LOP CHU HONG,0.0000,DPE Build 5656,True,344,QD
van-ban-tong-hop,0344_QD_2016_NA.pdf,3,QUET,,,,344,QD
van-ban-tong-hop,0344_QD_2019_NA.pdf,1,QUET,,PFU PDF Library 1.2.1,,344,QD
van-ban-tong-hop,0345_QD_0000_DHKT.pdf,1,LOP CHU HONG,0.0000,DPE Build 5656,True,345,QD
van-ban-tong-hop,0345_QD_2014_DHKT_16-05.pdf,2,LOP CHU HONG,0.0000,DPE Build 5656,True,345,QD
van-ban-tong-hop,0345_QD_2016_NA.pdf,2,QUET,,,,345,QD
van-ban-tong-hop,0346_QD_0000_DHKT.pdf,1,LOP CHU HONG,0.0000,DPE Build 5656,True,346,QD
van-ban-tong-hop,0346_QD_2014_DHKT_16-05.pdf,2,LOP CHU HONG,0.0000,DPE Build 5656,True,346,QD
van-ban-tong-hop,0346_QD_2016_NA.pdf,2,QUET,,,,346,QD
van-ban-tong-hop,0347_QD_0000_DHKT.pdf,1,LOP CHU HONG,0.0000,DPE Build 5656,True,347,QD
van-ban-tong-hop,0347_QD_2014_DHKT_16-05.pdf,2,LOP CHU HONG,0.0000,DPE Build 5656,True,347,QD
van-ban-tong-hop,0347_QD_2016_NA.pdf,2,QUET,,,,347,QD
van-ban-tong-hop,0347_QD_2021_NA.pdf,16,QUET,,PFU PDF Library 1.4.2,,347,QD
van-ban-tong-hop,0347_QD_2023_NA.pdf,1,QUET,,PFU PDF Library 1.4.2,,347,QD
van-ban-tong-hop,0348_QD_0000_DHKT.pdf,1,LOP CHU HONG,0.0000,DPE Build 5656,True,348,QD
van-ban-tong-hop,0348_QD_2014_DHKT_16-05.pdf,2,LOP CHU HONG,0.0000,DPE Build 5656,True,348,QD
van-ban-tong-hop,0348_QD_2016_NA.pdf,2,QUET,,,,348,QD
van-ban-tong-hop,0349_QD_0000_DHKT.pdf,3,QUET,,,,349,QD
van-ban-tong-hop,0349_QD_2014_DHKT_19-05.pdf,2,LOP CHU HONG,0.0000,DPE Build 5656,True,349,QD
van-ban-tong-hop,0350_QD_0000_DHKT.pdf,3,QUET,,,,350,QD
van-ban-tong-hop,0350_QD_2014_DHKT_23-05.pdf,2,LOP CHU HONG,0.0000,DPE Build 5656,True,350,QD
van-ban-tong-hop,0351_QD_0000_DHKT.pdf,3,QUET,,,,351,QD
van-ban-tong-hop,0351_QD_2014_DHKT_23-05.pdf,2,LOP CHU HONG,0.0000,DPE Build 5656,True,351,QD
van-ban-tong-hop,0351_QD_2024_NA.pdf,2,QUET,,PFUPDF Engine 1.2.0,,351,QD
van-ban-tong-hop,0352_QD_0000_DHKT.pdf,2,QUET,,,,352,QD
van-ban-tong-hop,0352_QD_2014_DHKT_23-05.pdf,2,LOP CHU HONG,0.0000,DPE Build 5656,True,352,QD
van-ban-tong-hop,0353_QD_0000_DHKT.pdf,2,QUET,,,,353,QD
van-ban-tong-hop,0353_QD_2014_DHKT_23-05.pdf,2,LOP CHU HONG,0.0000,DPE Build 5656,True,353,QD
van-ban-tong-hop,0353_QD_2021_NA.pdf,7,QUET,,PFU PDF Library 1.4.2,,353,QD
van-ban-tong-hop,0354_QD_0000_DHKT.pdf,2,QUET,,,,354,QD
van-ban-tong-hop,0354_QD_0000_DHKT-2.pdf,2,QUET,,,,354,QD
van-ban-tong-hop,0354_QD_2014_DHKT_23-05.pdf,2,LOP CHU HONG,0.0000,DPE Build 5656,True,354,QD
van-ban-tong-hop,0354_QD_2016_NA.pdf,3,QUET,,,,354,QD
van-ban-tong-hop,0355_QD_0000_DHKT.pdf,2,QUET,,,,355,QD
van-ban-tong-hop,0355_QD_2014_DHKT_23-05.pdf,2,LOP CHU HONG,0.0000,DPE Build 5656,True,355,QD
van-ban-tong-hop,0355_QD_2016_NA.pdf,2,QUET,,,,355,QD
van-ban-tong-hop,0355_QD_2017_NA.pdf,2,QUET,,,,355,QD
van-ban-tong-hop,0356_QD_0000_DHKT.pdf,2,QUET,,,,356,QD
van-ban-tong-hop,0356_QD_2014_DHKT_23-05.pdf,2,LOP CHU HONG,0.0000,DPE Build 5656,True,356,QD
van-ban-tong-hop,0356_QD_2016_NA.pdf,2,QUET,,,,356,QD
van-ban-tong-hop,0356_QD_2017_NA.pdf,2,QUET,,,,356,QD
van-ban-tong-hop,0356_QD_2020_NA.pdf,16,QUET,,PFU PDF Library 1.4.2,,356,QD
van-ban-tong-hop,0357_QD_0000_DHKT.pdf,2,QUET,,,,357,QD
van-ban-tong-hop,0357_QD_2014_DHKT_23-05.pdf,2,LOP CHU HONG,0.0000,DPE Build 5656,True,357,QD
van-ban-tong-hop,0357_QD_2016_NA.pdf,2,QUET,,,,357,QD
van-ban-tong-hop,0357_QD_2017_NA.pdf,4,QUET,,,,357,QD
van-ban-tong-hop,0357_QD_2020_NA.pdf,26,QUET,,PFU PDF Library 1.4.2,,357,QD
van-ban-tong-hop,0358_QD_0000_DHKT.pdf,2,QUET,,,,358,QD
van-ban-tong-hop,0358_QD_2014_DHKT_23-05.pdf,2,LOP CHU HONG,0.0000,DPE Build 5656,True,358,QD
van-ban-tong-hop,0358_QD_2017_NA.pdf,2,QUET,,,,358,QD
van-ban-tong-hop,0359_QD_0000_DHKT.pdf,2,QUET,,,,359,QD
van-ban-tong-hop,0359_QD_2014_DHKT_05-06.pdf,2,LOP CHU HONG,0.0000,DPE Build 5656,True,359,QD
van-ban-tong-hop,0359_QD_2016_NA.pdf,2,QUET,,,,359,QD
van-ban-tong-hop,0359_QD_2017_NA.pdf,2,QUET,,,,359,QD
van-ban-tong-hop,0360_QD_0000_DHKT.pdf,2,QUET,,,,360,QD
van-ban-tong-hop,0360_QD_2014_DHKT_05-06.pdf,2,LOP CHU HONG,0.0000,DPE Build 5656,True,360,QD
van-ban-tong-hop,0360_QD_2016_NA.pdf,2,QUET,,,,360,QD
van-ban-tong-hop,0360_QD_2017_NA.pdf,2,QUET,,,,360,QD
van-ban-tong-hop,0360_QD_2026_DHKTDN.pdf,2,QUET,,Epson Scan 2,,360,QD
van-ban-tong-hop,0361_QD_0000_DHKT.pdf,2,QUET,,,,361,QD
van-ban-tong-hop,0361_QD_2014_DHKT_05-06.pdf,2,LOP CHU HONG,0.0000,DPE Build 5656,True,361,QD
van-ban-tong-hop,0361_QD_2016_NA.pdf,2,QUET,,,,361,QD
van-ban-tong-hop,0361_QD_2017_NA.pdf,3,QUET,,,,361,QD
van-ban-tong-hop,0361_QD_2026_DHKTDN.pdf,2,QUET,,Epson Scan 2,,361,QD
van-ban-tong-hop,0362_QD_0000_DHKT.pdf,6,QUET,,,,362,QD
van-ban-tong-hop,0362_QD_2014_DHKT_05-06.pdf,2,LOP CHU HONG,0.0000,DPE Build 5656,True,362,QD
van-ban-tong-hop,0362_QD_2016_NA.pdf,2,QUET,,,,362,QD
van-ban-tong-hop,0362_QD_2017_NA.pdf,2,QUET,,,,362,QD
van-ban-tong-hop,0362_QD_2026_DHKTDN.pdf,1,QUET,,Epson Scan 2,,362,QD
van-ban-tong-hop,0363_QD_0000_DHKT.pdf,2,QUET,,,,363,QD
van-ban-tong-hop,0363_QD_2014_DHKT_05-06.pdf,2,LOP CHU HONG,0.0000,DPE Build 5656,True,363,QD
van-ban-tong-hop,0363_QD_2016_NA.pdf,2,QUET,,,,363,QD
van-ban-tong-hop,0363_QD_2017_NA.pdf,2,QUET,,,,363,QD
van-ban-tong-hop,0363_QD_2026_DHKTDN.pdf,3,QUET,,Epson Scan 2,,363,QD
van-ban-tong-hop,0364_QD_0000_DHKT.pdf,2,QUET,,,,364,QD
van-ban-tong-hop,0364_QD_2014_DHKT_07-06.pdf,2,LOP CHU HONG,0.0000,DPE Build 5656,True,364,QD
van-ban-tong-hop,0364_QD_2017_NA.pdf,2,QUET,,,,364,QD
van-ban-tong-hop,0364_QD_2026_DHKTDN.pdf,1,QUET,,Epson Scan 2,,364,QD
van-ban-tong-hop,0365_QD_0000_DHKT.pdf,4,QUET,,,,365,QD
van-ban-tong-hop,0365_QD_2014_DHKT_07-06.pdf,2,LOP CHU HONG,0.0000,DPE Build 5656,True,365,QD
van-ban-tong-hop,0365_QD_2017_NA.pdf,3,QUET,,,,365,QD
van-ban-tong-hop,0366_QD_0000_DHKT.pdf,2,QUET,,,,366,QD
van-ban-tong-hop,0366_QD_2014_DHKT_07-06.pdf,3,LOP CHU HONG,0.0000,DPE Build 5656,True,366,QD
van-ban-tong-hop,0366_QD_2016_NA.pdf,2,QUET,,,,366,QD
van-ban-tong-hop,0367_QD_0000_DHKT.pdf,2,QUET,,,,367,QD
van-ban-tong-hop,0367_QD_2014_DHKT_07-06.pdf,2,QUET,,,,367,QD
van-ban-tong-hop,0367_QD_2016_NA.pdf,2,QUET,,,,367,QD
van-ban-tong-hop,0368_QD_0000_DHKT.pdf,4,QUET,,,,368,QD
van-ban-tong-hop,0368_QD_2014_DHKT_07-06.pdf,2,LOP CHU HONG,0.0000,DPE Build 5656,True,368,QD
van-ban-tong-hop,0368_QD_2016_NA.pdf,6,QUET,,,,368,QD
van-ban-tong-hop,0369_QD_0000_DHKT.pdf,2,QUET,,,,369,QD
van-ban-tong-hop,0369_QD_2014_DHKT_07-06.pdf,2,LOP CHU HONG,0.0000,DPE Build 5656,True,369,QD
van-ban-tong-hop,0369_QD_2016_NA.pdf,3,QUET,,,,369,QD
van-ban-tong-hop,0369_QD_2025_NA.pdf,18,QUET,,PFU PDF Library 1.4.2,,369,QD
van-ban-tong-hop,0370_QD_0000_DHKT.pdf,6,QUET,,PFU PDF Library 1.4.2,,370,QD
van-ban-tong-hop,0370_QD_2014_DHKT_07-06.pdf,2,LOP CHU HONG,0.0000,DPE Build 5656,True,370,QD
van-ban-tong-hop,0370_QD_2016_NA.pdf,2,QUET,,,,370,QD
van-ban-tong-hop,0370_QD_2025_NA.pdf,4,QUET,,PFU PDF Library 1.4.2,,370,QD
van-ban-tong-hop,0371_QD_0000_DHKT.pdf,3,QUET,,,,371,QD
van-ban-tong-hop,0371_QD_2014_DHKT_07-06.pdf,4,LOP CHU HONG,0.0000,DPE Build 5656,True,371,QD
van-ban-tong-hop,0371_QD_2016_NA.pdf,2,QUET,,,,371,QD
van-ban-tong-hop,0371_QD_2025_NA.pdf,2,QUET,,PFU PDF Library 1.4.2,,371,QD
van-ban-tong-hop,0372_QD_0000_DHKT.pdf,3,QUET,,,,372,QD
van-ban-tong-hop,0372_QD_2014_DHKT_07-06.pdf,2,LOP CHU HONG,0.0000,DPE Build 5656,True,372,QD
van-ban-tong-hop,0372_QD_2016_NA.pdf,3,QUET,,,,372,QD
van-ban-tong-hop,0373_QD_0000_DHKT.pdf,2,QUET,,,,373,QD
van-ban-tong-hop,0373_QD_0000_DHKT-2.pdf,10,LOP CHU HONG,0.0000,DPE Build 5656,True,373,QD
van-ban-tong-hop,0373_QD_2014_DHKT_07-06.pdf,6,LOP CHU HONG,0.0000,DPE Build 5656,True,373,QD
van-ban-tong-hop,0373_QD_2016_NA.pdf,3,QUET,,,,373,QD
van-ban-tong-hop,0373_QD_2016_NA-2.pdf,3,QUET,,,,373,QD
van-ban-tong-hop,0374_QD_0000_DHKT.pdf,2,QUET,,,,374,QD
van-ban-tong-hop,0374_QD_2014_DHKT_07-06.pdf,3,LOP CHU HONG,0.0000,DPE Build 5656,True,374,QD
van-ban-tong-hop,0375_QD_0000_DHKT.pdf,2,QUET,,,,375,QD
van-ban-tong-hop,0375_QD_2014_DHKT_07-06.pdf,7,LOP CHU HONG,0.0000,DPE Build 5656,True,375,QD
van-ban-tong-hop,0376_QD_0000_DHKT.pdf,3,LOP CHU HONG,0.0000,DPE Build 5656,True,376,QD
van-ban-tong-hop,0376_QD_2014_DHKT_07-06.pdf,3,LOP CHU HONG,0.0000,DPE Build 5656,True,376,QD
van-ban-tong-hop,0377_QD_0000_DHKT.pdf,3,LOP CHU HONG,0.0000,DPE Build 5656,True,377,QD
van-ban-tong-hop,0377_QD_2014_DHKT_07-06.pdf,2,LOP CHU HONG,0.0000,DPE Build 5656,True,377,QD
van-ban-tong-hop,0378_QD_0000_DHKT.pdf,1,LOP CHU HONG,0.0000,DPE Build 5656,True,378,QD
van-ban-tong-hop,0378_QD_2014_DHKT_09-06.pdf,1,QUET,,,,378,QD
van-ban-tong-hop,0379_QD_0000_DHKT.pdf,1,LOP CHU HONG,0.0000,DPE Build 5656,True,379,QD
van-ban-tong-hop,0379_QD_2014_DHKT_09-06.pdf,1,LOP CHU HONG,0.0000,DPE Build 5656,True,379,QD
van-ban-tong-hop,0380_QD_0000_DHKT.pdf,1,LOP CHU HONG,0.0000,DPE Build 5656,True,380,QD
van-ban-tong-hop,0380_QD_2014_DHKT_09-06.pdf,3,LOP CHU HONG,0.0000,DPE Build 5656,True,380,QD
van-ban-tong-hop,0381_QD_0000_DHKT.pdf,1,LOP CHU HONG,0.0000,DPE Build 5656,True,381,QD
van-ban-tong-hop,0381_QD_2014_DHKT_10-06.pdf,2,LOP CHU HONG,0.0000,DPE Build 5656,True,381,QD
van-ban-tong-hop,0382_QD_0000_DHKT.pdf,3,QUET,,,,382,QD
van-ban-tong-hop,0382_QD_2014_DHKT_11-06.pdf,3,QUET,,,,382,QD
van-ban-tong-hop,0383_QD_0000_DHKT.pdf,3,QUET,,,,383,QD
van-ban-tong-hop,0383_QD_2014_DHKT_11-06.pdf,6,QUET,,,,383,QD
van-ban-tong-hop,0384_QD_0000_DHKT.pdf,3,QUET,,,,384,QD
van-ban-tong-hop,0384_QD_2014_DHKT_11-06.pdf,2,QUET,,,,384,QD
van-ban-tong-hop,0384_QD_2021_NA.pdf,1,QUET,,PFU PDF Library 1.4.2,,384,QD
van-ban-tong-hop,0385_QD_0000_DHKT.pdf,3,QUET,,,,385,QD
van-ban-tong-hop,0385_QD_2014_DHKT_11-06.pdf,2,QUET,,,,385,QD
van-ban-tong-hop,0385_QD_2020_NA.pdf,1,QUET,,PFU PDF Library 1.4.2,,385,QD
van-ban-tong-hop,0385_QD_2021_NA.pdf,1,QUET,,PFU PDF Library 1.4.2,,385,QD
van-ban-tong-hop,0386_QD_0000_DHKT.pdf,3,QUET,,,,386,QD
van-ban-tong-hop,0386_QD_2014_DHKT_11-06.pdf,4,QUET,,,,386,QD
van-ban-tong-hop,0386_QD_2020_NA.pdf,1,QUET,,PFU PDF Library 1.4.2,,386,QD
van-ban-tong-hop,0386_QD_2021_NA.pdf,5,QUET,,PFU PDF Library 1.4.2,,386,QD
van-ban-tong-hop,0387_QD_0000_DHKT.pdf,3,QUET,,,,387,QD
van-ban-tong-hop,0387_QD_2014_DHKT_11-06.pdf,3,QUET,,,,387,QD
van-ban-tong-hop,0387_QD_2020_NA.pdf,1,QUET,,PFU PDF Library 1.4.2,,387,QD
van-ban-tong-hop,0387_QD_2021_NA.pdf,3,QUET,,PFU PDF Library 1.4.2,,387,QD
van-ban-tong-hop,0388_QD_0000_DHKT.pdf,3,QUET,,,,388,QD
van-ban-tong-hop,0388_QD_2014_DHKT_16-06.pdf,3,QUET,,,,388,QD
van-ban-tong-hop,0388_QD_2016_NA.pdf,13,QUET,,,,388,QD
van-ban-tong-hop,0388_QD_2020_NA.pdf,1,QUET,,PFU PDF Library 1.4.2,,388,QD
van-ban-tong-hop,0388_QD_2021_NA.pdf,2,QUET,,PFU PDF Library 1.4.2,,388,QD
van-ban-tong-hop,0388_QD_2023_NA.pdf,8,QUET,,PFU PDF Library 1.4.2,,388,QD
van-ban-tong-hop,0388_QD_2025_NA.pdf,2,QUET,,PFU PDF Library 1.4.2,,388,QD
van-ban-tong-hop,0389_QD_0000_DHKT.pdf,1,LOP CHU HONG,0.0000,DPE Build 5656,True,389,QD
van-ban-tong-hop,0389_QD_2014_DHKT_16-06.pdf,3,QUET,,,,389,QD
van-ban-tong-hop,0389_QD_2016_NA.pdf,3,QUET,,,,389,QD
van-ban-tong-hop,0389_QD_2020_NA.pdf,1,QUET,,PFU PDF Library 1.4.2,,389,QD
van-ban-tong-hop,0389_QD_2021_NA.pdf,2,QUET,,PFU PDF Library 1.4.2,,389,QD
van-ban-tong-hop,0389_QD_2025_NA.pdf,1,QUET,,PFU PDF Library 1.4.2,,389,QD
van-ban-tong-hop,0390_QD_0000_DHKT.pdf,1,LOP CHU HONG,0.0000,DPE Build 5656,True,390,QD
van-ban-tong-hop,0390_QD_2014_DHKT_16-06.pdf,1,LOP CHU HONG,0.0000,DPE Build 5656,True,390,QD
van-ban-tong-hop,0390_QD_2016_NA.pdf,4,QUET,,,,390,QD
van-ban-tong-hop,0390_QD_2020_NA.pdf,1,QUET,,PFU PDF Library 1.4.2,,390,QD
van-ban-tong-hop,0390_QD_2025_NA.pdf,1,QUET,,PFU PDF Library 1.4.2,,390,QD
van-ban-tong-hop,0391_QD_0000_DHKT.pdf,1,LOP CHU HONG,0.0000,DPE Build 5656,True,391,QD
van-ban-tong-hop,0391_QD_2014_DHKT_16-07.pdf,1,LOP CHU HONG,0.0000,DPE Build 5656,True,391,QD
van-ban-tong-hop,0391_QD_2016_NA.pdf,3,QUET,,,,391,QD
van-ban-tong-hop,0391_QD_2021_NA.pdf,2,QUET,,PFU PDF Library 1.4.2,,391,QD
van-ban-tong-hop,0391_QD_2025_NA.pdf,2,QUET,,PFU PDF Library 1.4.2,,391,QD
van-ban-tong-hop,0392_QD_0000_DHKT.pdf,18,QUET,,,,392,QD
van-ban-tong-hop,0392_QD_2014_DHKT_16-06.pdf,2,QUET,,,,392,QD
van-ban-tong-hop,0392_QD_2016_NA.pdf,2,QUET,,,,392,QD
van-ban-tong-hop,0392_QD_2017_NA.pdf,2,QUET,,,,392,QD
van-ban-tong-hop,0392_QD_2021_NA.pdf,1,QUET,,PFU PDF Library 1.4.2,,392,QD
van-ban-tong-hop,0393_QD_0000_DHKT.pdf,6,QUET,,,,393,QD
van-ban-tong-hop,0393_QD_2014_DHKT_16-06.pdf,2,QUET,,,,393,QD
van-ban-tong-hop,0393_QD_2016_NA.pdf,2,QUET,,,,393,QD
van-ban-tong-hop,0393_QD_2017_NA.pdf,2,QUET,,,,393,QD
van-ban-tong-hop,0394_QD_0000_DHKT.pdf,21,QUET,,,,394,QD
van-ban-tong-hop,0394_QD_2014_DHKT_16-06.pdf,2,QUET,,,,394,QD
van-ban-tong-hop,0394_QD_2016_NA.pdf,2,QUET,,,,394,QD
van-ban-tong-hop,0394_QD_2017_NA.pdf,2,QUET,,,,394,QD
van-ban-tong-hop,0394_QD_2017_NA-2.pdf,2,QUET,,,,394,QD
van-ban-tong-hop,0395_QD_0000_DHKT.pdf,2,QUET,,,,395,QD
van-ban-tong-hop,0395_QD_2014_DHKT_16-06.pdf,3,QUET,,,,395,QD
van-ban-tong-hop,0395_QD_2016_NA.pdf,2,QUET,,,,395,QD
van-ban-tong-hop,0395_QD_2017_NA.pdf,2,QUET,,,,395,QD
van-ban-tong-hop,0395_QD_2020_NA.pdf,2,QUET,,PFU PDF Library 1.4.2,,395,QD
van-ban-tong-hop,0395_QD_2020_NA-2.pdf,2,QUET,,PFU PDF Library 1.4.2,,395,QD
van-ban-tong-hop,0396_QD_2014_DHKT_16-06.pdf,3,QUET,,,,396,QD
van-ban-tong-hop,0396_QD_2016_NA.pdf,2,QUET,,,,396,QD
van-ban-tong-hop,0397_QD_0000_DHKT.pdf,1,LOP CHU HONG,0.0000,DPE Build 5656,True,397,QD
van-ban-tong-hop,0397_QD_2014_DHKT_16-06.pdf,2,QUET,,,,397,QD
van-ban-tong-hop,0397_QD_2016_NA.pdf,1,QUET,,,,397,QD
van-ban-tong-hop,0398_QD_0000_DHKT.pdf,2,QUET,,,,398,QD
van-ban-tong-hop,0398_QD_2014_DHKT_16-06.pdf,3,QUET,,,,398,QD
van-ban-tong-hop,0399_QD_0000_DHKT.pdf,2,QUET,,,,399,QD
van-ban-tong-hop,0399_QD_2014_DHKT_16-06.pdf,8,QUET,,,,399,QD
van-ban-tong-hop,0399_QD_2016_NA.pdf,2,QUET,,,,399,QD
van-ban-tong-hop,0400_QD_0000_DHKT.pdf,1,LOP CHU HONG,0.0000,DPE Build 5656,True,400,QD
van-ban-tong-hop,0400_QD_0000_DHKT-2.pdf,1,LOP CHU HONG,0.0000,DPE Build 5656,True,400,QD
van-ban-tong-hop,0400_QD_2014_DHKT_16-06.pdf,2,QUET,,,,400,QD
van-ban-tong-hop,0400_QD_2016_NA.pdf,3,QUET,,,,400,QD
van-ban-tong-hop,0401_QD_0000_DHKT.pdf,1,LOP CHU HONG,0.0000,DPE Build 5656,True,401,QD
van-ban-tong-hop,0401_QD_2014_DHKT_16-06.pdf,3,QUET,,,,401,QD
van-ban-tong-hop,0401_QD_2016_NA.pdf,1,QUET,,,,401,QD
van-ban-tong-hop,0402_QD_0000_DHKT.pdf,1,LOP CHU HONG,0.0000,DPE Build 5656,True,402,QD
van-ban-tong-hop,0402_QD_2014_DHKT_16-06.pdf,5,QUET,,,,402,QD
van-ban-tong-hop,0402_QD_2016_NA.pdf,2,QUET,,,,402,QD
van-ban-tong-hop,0402_QD_2017_NA.pdf,1,QUET,,,,402,QD
van-ban-tong-hop,0403_QD_0000_DHKT.pdf,1,LOP CHU HONG,0.0000,DPE Build 5656,True,403,QD
van-ban-tong-hop,0403_QD_2014_DHKT_16-06.pdf,3,LOP CHU HONG,0.0000,DPE Build 5656,True,403,QD
van-ban-tong-hop,0403_QD_2017_NA.pdf,2,QUET,,,,403,QD
van-ban-tong-hop,0404_QD_0000_DHKT.pdf,1,LOP CHU HONG,0.0000,DPE Build 5656,True,404,QD
van-ban-tong-hop,0404_QD_0000_DHKT-2.pdf,1,LOP CHU HONG,0.0000,DPE Build 5656,True,404,QD
van-ban-tong-hop,0404_QD_2014_DHKT_17-06.pdf,2,QUET,,,,404,QD
van-ban-tong-hop,0404_QD_2019_NA.pdf,4,QUET,,ABBYY FineReader 12,,404,QD
van-ban-tong-hop,0405_QD_0000_DHKT.pdf,1,LOP CHU HONG,0.0000,DPE Build 5656,True,405,QD
van-ban-tong-hop,0405_QD_2014_DHKT_17-06.pdf,2,QUET,,,,405,QD
van-ban-tong-hop,0406_QD_0000_DHKT.pdf,1,LOP CHU HONG,0.0000,DPE Build 5656,True,406,QD
van-ban-tong-hop,0406_QD_2014_DHKT_17-06.pdf,1,LOP CHU HONG,0.0000,DPE Build 5656,True,406,QD
van-ban-tong-hop,0407_QD_0000_DHKT.pdf,1,LOP CHU HONG,0.0000,DPE Build 5656,True,407,QD
van-ban-tong-hop,0407_QD_2009_NA.pdf,1,QUET,,,,407,QD
van-ban-tong-hop,0408_QD_0000_DHKT.pdf,1,LOP CHU HONG,0.0000,DPE Build 5656,True,408,QD
van-ban-tong-hop,0408_QD_2014_DHKT_20-06.pdf,2,QUET,,,,408,QD
van-ban-tong-hop,0409_QD_0000_DHKT.pdf,1,LOP CHU HONG,0.0000,DPE Build 5656,True,409,QD
van-ban-tong-hop,0409_QD_2009_NA.pdf,1,QUET,,,,409,QD
van-ban-tong-hop,0409_QD_2014_DHKT_20-06.pdf,2,QUET,,,,409,QD
van-ban-tong-hop,0410_QD_0000_DHKT.pdf,2,QUET,,,,410,QD
van-ban-tong-hop,0410_QD_2015_DHKT_20-06.pdf,2,QUET,,,,410,QD
van-ban-tong-hop,0411_QD_0000_DHKT.pdf,2,QUET,,,,411,QD
van-ban-tong-hop,0411_QD_2015_DHKT_20-06.pdf,2,QUET,,,,411,QD
van-ban-tong-hop,0412_QD_0000_DHKT.pdf,2,QUET,,,,412,QD
van-ban-tong-hop,0412_QD_2016_DHKT_18-06.pdf,5,QUET,,,,412,QD
van-ban-tong-hop,0413_QD_0000_DHKT.pdf,2,LOP CHU HONG,0.0000,DPE Build 5656,True,413,QD
van-ban-tong-hop,0413_QD_0000_DHKT-2.pdf,2,QUET,,,,413,QD
van-ban-tong-hop,0413_QD_2017_DHKT_18-06.pdf,5,QUET,,,,413,QD
van-ban-tong-hop,0414_QD_0000_DHKT.pdf,6,LOP CHU HONG,0.0000,DPE Build 5656,True,414,QD
van-ban-tong-hop,0415_QD_0000_DHKT.pdf,1,LOP CHU HONG,0.0000,DPE Build 5656,True,415,QD
van-ban-tong-hop,0415_QD_2014_DHKT_23-06.pdf,2,QUET,,,,415,QD
van-ban-tong-hop,0416_QD_0000_DHKT.pdf,1,LOP CHU HONG,0.0000,DPE Build 5656,True,416,QD
van-ban-tong-hop,0416_QD_2014_DHKT_23-06.pdf,2,QUET,,,,416,QD
van-ban-tong-hop,0416_QD_2020_NA.pdf,3,QUET,,PFU PDF Library 1.4.2,,416,QD
van-ban-tong-hop,0417_QD_0000_DHKT.pdf,1,LOP CHU HONG,0.0000,DPE Build 5656,True,417,QD
van-ban-tong-hop,0417_QD_2014_DHKT_23-06.pdf,2,QUET,,,,417,QD
van-ban-tong-hop,0418_QD_2014_DHKT_23-06.pdf,2,QUET,,,,418,QD
van-ban-tong-hop,0419_QD_2014_DHKT_23-06.pdf,2,QUET,,,,419,QD
van-ban-tong-hop,0420_QD_2014_DHKT_26-06.pdf,3,QUET,,,,420,QD
van-ban-tong-hop,0420_QD_2017_NA.pdf,2,QUET,,,,420,QD
van-ban-tong-hop,0420_QD_2021_NA.pdf,2,QUET,,PFU PDF Library 1.4.2,,420,QD
van-ban-tong-hop,0421_QD_2014_DHKT_26-06.pdf,3,QUET,,,,421,QD
van-ban-tong-hop,0422_QD_2014_DHKT_26-06.pdf,3,LOP CHU HONG,0.0000,DPE Build 5656,True,422,QD
van-ban-tong-hop,0422_QD_2017_NA.pdf,1,QUET,,,,422,QD
van-ban-tong-hop,0423_QD_2014_DHKT_26-06.pdf,3,QUET,,,,423,QD
van-ban-tong-hop,0424_QD_2014_DHKT_26-06.pdf,4,QUET,,,,424,QD
van-ban-tong-hop,0425_QD_2014_DHKT_26-06.pdf,2,QUET,,,,425,QD
van-ban-tong-hop,0425_QD_2021_NA.pdf,1,QUET,,PFU PDF Library 1.4.2,,425,QD
van-ban-tong-hop,0426_QD_0000_DHKT.pdf,4,QUET,,,,426,QD
van-ban-tong-hop,0426_QD_2014_DHKT_27-06.pdf,2,QUET,,,,426,QD
van-ban-tong-hop,0427_QD_2014_DHKT_20-06.pdf,4,QUET,,,,427,QD
van-ban-tong-hop,0427_QD_2019_NA.pdf,1,QUET,,PFU PDF Library 1.2.1,,427,QD
van-ban-tong-hop,0428_QD_0000_DHKT.pdf,2,QUET,,,,428,QD
van-ban-tong-hop,0428_QD_2014_DHKT_27-06.pdf,2,LOP CHU HONG,0.0000,DPE Build 5656,True,428,QD
van-ban-tong-hop,0428_QD_2023_DHKT.pdf,7,QUET,,PFU PDF Library 2.0.1,,428,QD
van-ban-tong-hop,0429_QD_0000_DHKT.pdf,2,QUET,,,,429,QD
van-ban-tong-hop,0429_QD_2014_DHKT_28-06.pdf,1,LOP CHU HONG,0.0000,DPE Build 5656,True,429,QD
van-ban-tong-hop,0430_QD_0000_DHKT.pdf,2,QUET,,,,430,QD
van-ban-tong-hop,0430_QD_2014_DHKT_30-06.pdf,1,LOP CHU HONG,0.0000,DPE Build 5656,True,430,QD
van-ban-tong-hop,0431_QD_0000_DHKT.pdf,2,QUET,,,,431,QD
van-ban-tong-hop,0431_QD_2014_DHKT_15-07.pdf,1,LOP CHU HONG,0.0000,DPE Build 5656,True,431,QD
van-ban-tong-hop,0432_QD_0000_DHKT.pdf,2,QUET,,,,432,QD
van-ban-tong-hop,0432_QD_2014_DHKT_30-06.pdf,1,LOP CHU HONG,0.0000,DPE Build 5656,True,432,QD
van-ban-tong-hop,0433_QD_0000_DHKT.pdf,2,QUET,,,,433,QD
van-ban-tong-hop,0434_QD_0000_DHKT.pdf,2,LOP CHU HONG,0.0000,DPE Build 5656,True,434,QD
van-ban-tong-hop,0434_QD_2014_DHKT_01-07.pdf,1,LOP CHU HONG,0.0000,DPE Build 5656,True,434,QD
van-ban-tong-hop,0435_QD_2014_DHKT_24-07.pdf,1,LOP CHU HONG,0.0000,DPE Build 5656,True,435,QD
van-ban-tong-hop,0435_QD_2014_DHKT.pdf,1,LOP CHU HONG,0.0000,DPE Build 5656,True,435,QD
van-ban-tong-hop,0436_QD_2014_DHKT_25-07.pdf,1,LOP CHU HONG,0.0000,DPE Build 5656,True,436,QD
van-ban-tong-hop,0437_QD_2014_DHKT_23-07.pdf,1,LOP CHU HONG,0.0000,DPE Build 5656,True,437,QD
van-ban-tong-hop,0438_QD_0000_DHKT.pdf,1,LOP CHU HONG,0.0000,DPE Build 5656,True,438,QD
van-ban-tong-hop,0439_QD_0000_DHKT.pdf,1,LOP CHU HONG,0.0000,DPE Build 5656,True,439,QD
van-ban-tong-hop,0439_QD_0000_DHKT-2.pdf,1,LOP CHU HONG,0.0000,DPE Build 5656,True,439,QD
van-ban-tong-hop,0440_QD_0000_DHKT.pdf,1,LOP CHU HONG,0.0000,DPE Build 5656,True,440,QD
van-ban-tong-hop,0440_QD_0000_DHKT-2.pdf,1,LOP CHU HONG,0.0000,DPE Build 5656,True,440,QD
van-ban-tong-hop,0441_QD_0000_DHKT.pdf,1,LOP CHU HONG,0.0000,DPE Build 5656,True,441,QD
van-ban-tong-hop,0441_QD_0000_DHKT-2.pdf,1,LOP CHU HONG,0.0000,DPE Build 5656,True,441,QD
van-ban-tong-hop,0442_QD_0000_DHKT.pdf,1,LOP CHU HONG,0.0000,DPE Build 5656,True,442,QD
van-ban-tong-hop,0442_QD_0000_DHKT-2.pdf,1,LOP CHU HONG,0.0000,DPE Build 5656,True,442,QD
van-ban-tong-hop,0443_QD_0000_DHKT.pdf,1,LOP CHU HONG,0.0000,DPE Build 5656,True,443,QD
van-ban-tong-hop,0443_QD_0000_DHKT-2.pdf,1,LOP CHU HONG,0.0000,DPE Build 5656,True,443,QD
van-ban-tong-hop,0443_QD_2019_NA.pdf,2,QUET,,PFU PDF Library 1.2.1,,443,QD
van-ban-tong-hop,0443_QD_2023_NA.pdf,16,QUET,,PFU PDF Library 1.4.2,,443,QD
van-ban-tong-hop,0444_QD_0000_DHKT.pdf,1,LOP CHU HONG,0.0000,DPE Build 5656,True,444,QD
van-ban-tong-hop,0444_QD_0000_DHKT-2.pdf,1,LOP CHU HONG,0.0000,DPE Build 5656,True,444,QD
van-ban-tong-hop,0444_QD_2019_NA.pdf,1,QUET,,PFU PDF Library 1.2.1,,444,QD
van-ban-tong-hop,0445_QD_0000_DHKT.pdf,1,LOP CHU HONG,0.0000,DPE Build 5656,True,445,QD
van-ban-tong-hop,0445_QD_0000_DHKT-2.pdf,1,LOP CHU HONG,0.0000,DPE Build 5656,True,445,QD
van-ban-tong-hop,0446_QD_0000_DHKT.pdf,1,LOP CHU HONG,0.0000,DPE Build 5656,True,446,QD
van-ban-tong-hop,0446_QD_0000_DHKT-2.pdf,1,LOP CHU HONG,0.0000,DPE Build 5656,True,446,QD
van-ban-tong-hop,0447_QD_0000_DHKT.pdf,1,LOP CHU HONG,0.0000,DPE Build 5656,True,447,QD
van-ban-tong-hop,0447_QD_0000_DHKT-2.pdf,1,LOP CHU HONG,0.0000,DPE Build 5656,True,447,QD
van-ban-tong-hop,0448_QD_0000_DHKT.pdf,1,LOP CHU HONG,0.0000,DPE Build 5656,True,448,QD
van-ban-tong-hop,0449_QD_0000_DHKT.pdf,1,LOP CHU HONG,0.0000,DPE Build 5656,True,449,QD
van-ban-tong-hop,0450_QD_0000_DHKT.pdf,1,LOP CHU HONG,0.0000,DPE Build 5656,True,450,QD
van-ban-tong-hop,0450_QD_0000_DHKT-2.pdf,1,LOP CHU HONG,0.0000,DPE Build 5656,True,450,QD
van-ban-tong-hop,0450_QD_2019_NA.pdf,2,QUET,,PFU PDF Library 1.4.2,,450,QD
van-ban-tong-hop,0450_QD_2023_NA.pdf,3,QUET,,PFU PDF Library 2.0.1,,450,QD
van-ban-tong-hop,0451_QD_0000_DHKT.pdf,1,LOP CHU HONG,0.0000,DPE Build 5656,True,451,QD
van-ban-tong-hop,0451_QD_0000_DHKT-2.pdf,1,LOP CHU HONG,0.0000,DPE Build 5656,True,451,QD
van-ban-tong-hop,0451_QD_2017_NA.pdf,8,QUET,,,,451,QD
van-ban-tong-hop,0451_QD_2023_NA.pdf,1,QUET,,PFU PDF Library 1.4.2,,451,QD
van-ban-tong-hop,0452_QD_0000_DHKT.pdf,1,LOP CHU HONG,0.0000,DPE Build 5656,True,452,QD
van-ban-tong-hop,0452_QD_0000_DHKT-2.pdf,1,LOP CHU HONG,0.0000,DPE Build 5656,True,452,QD
van-ban-tong-hop,0453_QD_0000_DHKT.pdf,1,LOP CHU HONG,0.0000,DPE Build 5656,True,453,QD
van-ban-tong-hop,0453_QD_0000_DHKT-2.pdf,1,LOP CHU HONG,0.0000,DPE Build 5656,True,453,QD
van-ban-tong-hop,0454_QD_0000_DHKT.pdf,1,LOP CHU HONG,0.0000,DPE Build 5656,True,454,QD
van-ban-tong-hop,0454_QD_0000_DHKT-2.pdf,1,LOP CHU HONG,0.0000,DPE Build 5656,True,454,QD
van-ban-tong-hop,0455_QD_0000_DHKT.pdf,1,LOP CHU HONG,0.0000,DPE Build 5656,True,455,QD
van-ban-tong-hop,0455_QD_0000_DHKT-2.pdf,1,LOP CHU HONG,0.0000,DPE Build 5656,True,455,QD
van-ban-tong-hop,0456_QD_0000_DHKT.pdf,1,LOP CHU HONG,0.0000,DPE Build 5656,True,456,QD
van-ban-tong-hop,0456_QD_0000_DHKT-2.pdf,1,LOP CHU HONG,0.0000,DPE Build 5656,True,456,QD
van-ban-tong-hop,0456_QD_2018_NA.pdf,1,QUET,,,,456,QD
van-ban-tong-hop,0457_QD_0000_DHKT.pdf,2,LOP CHU HONG,0.0000,DPE Build 5656,True,457,QD
van-ban-tong-hop,0457_QD_0000_NA.pdf,1,LOP CHU HONG,0.0000,DPE Build 5656,True,457,QD
van-ban-tong-hop,0457_QD_2016_NA.pdf,1,QUET,,,,457,QD
van-ban-tong-hop,0458_QD_0000_DHKT.pdf,2,QUET,,,,458,QD
van-ban-tong-hop,0458_QD_2016_NA.pdf,1,QUET,,,,458,QD
van-ban-tong-hop,0458_QD_2018_NA.pdf,2,QUET,,,,458,QD
van-ban-tong-hop,0459_QD_0000_DHKT.pdf,3,QUET,,,,459,QD
van-ban-tong-hop,0459_QD_2016_NA.pdf,1,QUET,,,,459,QD
van-ban-tong-hop,0459_QD_2018_NA.pdf,1,QUET,,,,459,QD
van-ban-tong-hop,0460_QD_0000_DHKT.pdf,2,LOP CHU HONG,0.0000,DPE Build 5656,True,460,QD
van-ban-tong-hop,0460_QD_2016_NA.pdf,1,QUET,,,,460,QD
van-ban-tong-hop,0460_QD_2018_NA.pdf,1,QUET,,,,460,QD
van-ban-tong-hop,0461_QD_0000_DHKT.pdf,2,LOP CHU HONG,0.0000,DPE Build 5656,True,461,QD
van-ban-tong-hop,0461_QD_2018_NA.pdf,1,QUET,,,,461,QD
van-ban-tong-hop,0462_QD_0000_DHKT.pdf,2,LOP CHU HONG,0.0000,DPE Build 5656,True,462,QD
van-ban-tong-hop,0462_QD_2016_NA.pdf,1,QUET,,,,462,QD
van-ban-tong-hop,0462_QD_2018_NA.pdf,1,QUET,,,,462,QD
van-ban-tong-hop,0463_QD_0000_DHKT.pdf,3,QUET,,,,463,QD
van-ban-tong-hop,0463_QD_2018_NA.pdf,1,QUET,,,,463,QD
van-ban-tong-hop,0464_QD_0000_DHKT.pdf,3,QUET,,,,464,QD
van-ban-tong-hop,0464_QD_2016_NA.pdf,1,QUET,,,,464,QD
van-ban-tong-hop,0464_QD_2023_NA.pdf,3,QUET,,PFU PDF Library 1.4.2,,464,QD
van-ban-tong-hop,0465_QD_0000_DHKT.pdf,2,QUET,,,,465,QD
van-ban-tong-hop,0466_QD_0000_DHKT.pdf,1,LOP CHU HONG,0.0000,DPE Build 5656,True,466,QD
van-ban-tong-hop,0466_QD_0000_DHKT-2.pdf,2,QUET,,,,466,QD
van-ban-tong-hop,0467_QD_0000_DHKT.pdf,1,LOP CHU HONG,0.0000,DPE Build 5656,True,467,QD
van-ban-tong-hop,0467_QD_2009_NA.pdf,16,QUET,,,,467,QD
van-ban-tong-hop,0467_QD_2016_NA.pdf,1,QUET,,,,467,QD
van-ban-tong-hop,0468_QD_0000_DHKT.pdf,1,LOP CHU HONG,0.0000,DPE Build 5656,True,468,QD
van-ban-tong-hop,0468_QD_0000_DHKT-2.pdf,1,LOP CHU HONG,0.0000,DPE Build 5656,True,468,QD
van-ban-tong-hop,0468_QD_2016_NA.pdf,1,QUET,,,,468,QD
van-ban-tong-hop,0468_QD_2016_NA-2.pdf,1,QUET,,,,468,QD
van-ban-tong-hop,0469_QD_0000_DHKT.pdf,1,LOP CHU HONG,0.0000,DPE Build 5656,True,469,QD
van-ban-tong-hop,0469_QD_2023_NA.pdf,2,QUET,,PFU PDF Library 2.0.1,,469,QD
van-ban-tong-hop,0470_QD_0000_DHKT.pdf,1,LOP CHU HONG,0.0000,DPE Build 5656,True,470,QD
van-ban-tong-hop,0470_QD_0000_DHKT-2.pdf,1,LOP CHU HONG,0.0000,DPE Build 5656,True,470,QD
van-ban-tong-hop,0470_QD_2019_NA.pdf,2,QUET,,PFU PDF Library 1.2.1,,470,QD
van-ban-tong-hop,0471_QD_0000_DHKT.pdf,1,LOP CHU HONG,0.0000,DPE Build 5656,True,471,QD
van-ban-tong-hop,0471_QD_2019_NA.pdf,2,QUET,,PFU PDF Library 1.2.1,,471,QD
van-ban-tong-hop,0472_QD_0000_DHKT.pdf,1,LOP CHU HONG,0.0000,DPE Build 5656,True,472,QD
van-ban-tong-hop,0473_QD_0000_DHKT.pdf,1,LOP CHU HONG,0.0000,DPE Build 5656,True,473,QD
van-ban-tong-hop,0473_QD_0000_DHKT-2.pdf,6,LOP CHU HONG,0.0000,DPE Build 5656,True,473,QD
van-ban-tong-hop,0474_QD_0000_DHKT.pdf,1,LOP CHU HONG,0.0000,DPE Build 5656,True,474,QD
van-ban-tong-hop,0474_QD_2019_NA.pdf,2,QUET,,PFU PDF Library 1.2.1,,474,QD
van-ban-tong-hop,0475_QD_0000_DHKT.pdf,1,LOP CHU HONG,0.0000,DPE Build 5656,True,475,QD
van-ban-tong-hop,0475_QD_0000_DHKT-2.pdf,3,QUET,,,,475,QD
van-ban-tong-hop,0475_QD_2019_NA.pdf,2,QUET,,PFU PDF Library 1.2.1,,475,QD
van-ban-tong-hop,0475_QD_2023_NA.pdf,2,QUET,,PFU PDF Library 1.4.2,,475,QD
van-ban-tong-hop,0476_QD_0000_DHKT.pdf,1,LOP CHU HONG,0.0000,DPE Build 5656,True,476,QD
van-ban-tong-hop,0476_QD_0000_DHKT-2.pdf,2,LOP CHU HONG,0.0000,DPE Build 5656,True,476,QD
van-ban-tong-hop,0476_QD_2018_NA.pdf,2,QUET,,,,476,QD
van-ban-tong-hop,0476_QD_2020_NA.pdf,2,QUET,,PFU PDF Library 1.4.2,,476,QD
van-ban-tong-hop,0477_QD_0000_DHKT.pdf,2,LOP CHU HONG,0.0000,DPE Build 5656,True,477,QD
van-ban-tong-hop,0477_QD_0000_DHKT-2.pdf,6,QUET,,,,477,QD
van-ban-tong-hop,0477_QD_0000_NA.pdf,1,QUET,,,,477,QD
van-ban-tong-hop,0477_QD_2020_NA.pdf,4,QUET,,PFU PDF Library 1.4.2,,477,QD
van-ban-tong-hop,0478_QD_0000_DHKT.pdf,1,LOP CHU HONG,0.0000,DPE Build 5656,True,478,QD
van-ban-tong-hop,0478_QD_0000_DHKT-2.pdf,2,LOP CHU HONG,0.0000,DPE Build 5656,True,478,QD
van-ban-tong-hop,0478_QD_2018_NA.pdf,2,QUET,,,,478,QD
van-ban-tong-hop,0479_QD_0000_DHKT.pdf,5,QUET,,,,479,QD
van-ban-tong-hop,0479_QD_0000_DHKT-2.pdf,2,LOP CHU HONG,0.0000,DPE Build 5656,True,479,QD
van-ban-tong-hop,0479_QD_2018_NA.pdf,1,QUET,,,,479,QD
van-ban-tong-hop,0480_QD_0000_DHKT.pdf,5,QUET,,,,480,QD
van-ban-tong-hop,0480_QD_0000_DHKT-2.pdf,2,LOP CHU HONG,0.0000,DPE Build 5656,True,480,QD
van-ban-tong-hop,0480_QD_2009_NA.pdf,1,QUET,,,,480,QD
van-ban-tong-hop,0480_QD_2018_NA.pdf,1,QUET,,,,480,QD
van-ban-tong-hop,0481_QD_0000_DHKT.pdf,1,LOP CHU HONG,0.0000,DPE Build 5656,True,481,QD
van-ban-tong-hop,0481_QD_0000_DHKT-2.pdf,2,LOP CHU HONG,0.0000,DPE Build 5656,True,481,QD
van-ban-tong-hop,0481_QD_2018_NA.pdf,3,QUET,,,,481,QD
van-ban-tong-hop,0482_QD_0000_DHKT.pdf,1,LOP CHU HONG,0.0000,DPE Build 5656,True,482,QD
van-ban-tong-hop,0482_QD_0000_DHKT-2.pdf,2,LOP CHU HONG,0.0000,DPE Build 5656,True,482,QD
van-ban-tong-hop,0482_QD_2018_NA.pdf,1,QUET,,,,482,QD
van-ban-tong-hop,0483_QD_0000_DHKT.pdf,1,LOP CHU HONG,0.0000,DPE Build 5656,True,483,QD
van-ban-tong-hop,0483_QD_0000_DHKT-2.pdf,1,LOP CHU HONG,0.0000,DPE Build 5656,True,483,QD
van-ban-tong-hop,0483_QD_2018_NA.pdf,1,QUET,,,,483,QD
van-ban-tong-hop,0484_QD_0000_DHKT.pdf,1,LOP CHU HONG,0.0000,DPE Build 5656,True,484,QD
van-ban-tong-hop,0484_QD_2018_NA.pdf,1,QUET,,,,484,QD
van-ban-tong-hop,0484_QD_2019_NA.pdf,2,QUET,,PFU PDF Library 1.2.1,,484,QD
van-ban-tong-hop,0485_QD_0000_DHKT.pdf,2,QUET,,,,485,QD
van-ban-tong-hop,0485_QD_0000_DHKT-2.pdf,1,LOP CHU HONG,0.0000,DPE Build 5656,True,485,QD
van-ban-tong-hop,0485_QD_2018_NA.pdf,1,QUET,,,,485,QD
van-ban-tong-hop,0485_QD_2023_NA.pdf,1,QUET,,PFU PDF Library 1.4.2,,485,QD
van-ban-tong-hop,0486_QD_0000_DHKT.pdf,2,LOP CHU HONG,0.0000,DPE Build 5656,True,486,QD
van-ban-tong-hop,0486_QD_0000_DHKT-2.pdf,1,LOP CHU HONG,0.0000,DPE Build 5656,True,486,QD
van-ban-tong-hop,0486_QD_2018_NA.pdf,1,QUET,,,,486,QD
van-ban-tong-hop,0487_QD_0000_DHKT.pdf,2,LOP CHU HONG,0.0000,DPE Build 5656,True,487,QD
van-ban-tong-hop,0487_QD_0000_DHKT-2.pdf,2,LOP CHU HONG,0.0000,DPE Build 5656,True,487,QD
van-ban-tong-hop,0487_QD_0000_DHKT-3.pdf,1,LOP CHU HONG,0.0000,DPE Build 5656,True,487,QD
van-ban-tong-hop,0487_QD_2018_NA.pdf,1,QUET,,,,487,QD
van-ban-tong-hop,0487_QD_2022_NA.pdf,1,QUET,,PFU PDF Library 1.4.2,,487,QD
van-ban-tong-hop,0488_QD_0000_DHKT.pdf,3,QUET,,,,488,QD
van-ban-tong-hop,0488_QD_0000_DHKT-2.pdf,3,LOP CHU HONG,0.0000,DPE Build 5656,True,488,QD
van-ban-tong-hop,0488_QD_2020_NA.pdf,2,QUET,,PFU PDF Library 1.4.2,,488,QD
van-ban-tong-hop,0489_QD_0000_DHKT.pdf,3,QUET,,,,489,QD
van-ban-tong-hop,0489_QD_2022_NA.pdf,1,QUET,,PFU PDF Library 2.0.1,,489,QD
van-ban-tong-hop,0489_QD_2023_NA.pdf,4,QUET,,PFU PDF Library 2.0.1,,489,QD
van-ban-tong-hop,0490_QD_0000_DHKT.pdf,2,LOP CHU HONG,0.0000,DPE Build 5656,True,490,QD
van-ban-tong-hop,0490_QD_2019_NA.pdf,2,QUET,,PFU PDF Library 1.2.1,,490,QD
van-ban-tong-hop,0491_QD_0000_DHKT.pdf,3,QUET,,,,491,QD
van-ban-tong-hop,0491_QD_0000_DHKT-2.pdf,1,LOP CHU HONG,0.0000,DPE Build 5656,True,491,QD
van-ban-tong-hop,0492_QD_0000_DHKT.pdf,2,LOP CHU HONG,0.0000,DPE Build 5656,True,492,QD
van-ban-tong-hop,0493_QD_0000_DHKT.pdf,3,QUET,,,,493,QD
van-ban-tong-hop,0493_QD_2019_NA.pdf,1,QUET,,PFU PDF Library 1.2.1,,493,QD
van-ban-tong-hop,0494_QD_0000_DHKT.pdf,1,LOP CHU HONG,0.0000,DPE Build 5656,True,494,QD
van-ban-tong-hop,0494_QD_2019_NA.pdf,1,QUET,,PFU PDF Library 1.2.1,,494,QD
van-ban-tong-hop,0495_QD_0000_DHKT.pdf,1,LOP CHU HONG,0.0000,DPE Build 5656,True,495,QD
van-ban-tong-hop,0495_QD_2019_NA.pdf,1,QUET,,PFU PDF Library 1.2.1,,495,QD
van-ban-tong-hop,0495_QD_2023_NA.pdf,3,QUET,,PFU PDF Library 2.0.1,,495,QD
van-ban-tong-hop,0496_QD_0000_DHKT.pdf,7,LOP CHU HONG,0.0000,DPE Build 5656,True,496,QD
van-ban-tong-hop,0496_QD_2009_NA.pdf,1,QUET,,,,496,QD
van-ban-tong-hop,0497_QD_0000_DHKT.pdf,13,QUET,,,,497,QD
van-ban-tong-hop,0497_QD_2019_NA.pdf,2,QUET,,PFU PDF Library 1.2.1,,497,QD
van-ban-tong-hop,0498_QD_0000_DHKT.pdf,1,LOP CHU HONG,0.0000,DPE Build 5656,True,498,QD
van-ban-tong-hop,0498_QD_0000_DHKT-2.pdf,1,LOP CHU HONG,0.0000,DPE Build 5656,True,498,QD
van-ban-tong-hop,0499_QD_0000_DHKT.pdf,1,LOP CHU HONG,0.0000,DPE Build 5656,True,499,QD
van-ban-tong-hop,0499_QD_0000_DHKT-2.pdf,6,LOP CHU HONG,0.0000,DPE Build 5656,True,499,QD
van-ban-tong-hop,0499_QD_0000_DHKT-3.pdf,1,LOP CHU HONG,0.0000,DPE Build 5656,True,499,QD
van-ban-tong-hop,0499_QD_2019_NA.pdf,2,QUET,,PFU PDF Library 1.2.1,,499,QD
van-ban-tong-hop,0499_QD_2020_NA.pdf,2,QUET,,PFU PDF Library 1.4.2,,499,QD
van-ban-tong-hop,0500_QD_0000_DHKT.pdf,1,LOP CHU HONG,0.0000,DPE Build 5656,True,500,QD
van-ban-tong-hop,0500_QD_0000_DHKT-2.pdf,1,LOP CHU HONG,0.0000,DPE Build 5656,True,500,QD
van-ban-tong-hop,0500_QD_2020_NA.pdf,9,QUET,,PFU PDF Library 1.4.2,,500,QD
van-ban-tong-hop,0501_QD_0000_DHKT.pdf,1,LOP CHU HONG,0.0000,DPE Build 5656,True,501,QD
van-ban-tong-hop,0501_QD_0000_DHKT-2.pdf,1,LOP CHU HONG,0.0000,DPE Build 5656,True,501,QD
van-ban-tong-hop,0501_QD_0000_DHKTDN.pdf,1,QUET,,PFU PDF Library 2.0.1,,501,QD
van-ban-tong-hop,0501_QD_2020_NA.pdf,2,QUET,,PFU PDF Library 1.4.2,,501,QD
van-ban-tong-hop,0502_QD_0000_DHKT.pdf,1,LOP CHU HONG,0.0000,DPE Build 5656,True,502,QD
van-ban-tong-hop,0502_QD_0000_DHKT-2.pdf,1,LOP CHU HONG,0.0000,DPE Build 5656,True,502,QD
van-ban-tong-hop,0502_QD_0000_DHKTDN.pdf,19,QUET,,PFU PDF Library 2.0.1,,502,QD
van-ban-tong-hop,0502_QD_2020_NA.pdf,2,QUET,,PFU PDF Library 1.4.2,,502,QD
van-ban-tong-hop,0504_QD_0000_DHKT.pdf,2,LOP CHU HONG,0.0000,DPE Build 5656,True,504,QD
van-ban-tong-hop,0504_QD_2021_NA.pdf,2,QUET,,PFU PDF Library 1.4.2,,504,QD
van-ban-tong-hop,0504_QD_2022_NA.pdf,1,QUET,,PFU PDF Library 1.4.2,,504,QD
van-ban-tong-hop,0505_QD_0000_DHKT.pdf,2,LOP CHU HONG,0.0000,DPE Build 5656,True,505,QD
van-ban-tong-hop,0505_QD_0000_DHKT-2.pdf,2,LOP CHU HONG,0.0000,DPE Build 5656,True,505,QD
van-ban-tong-hop,0505_QD_2021_NA.pdf,1,QUET,,PFU PDF Library 1.4.2,,505,QD
van-ban-tong-hop,0505_QD_2022_NA.pdf,1,QUET,,PFU PDF Library 1.4.2,,505,QD
van-ban-tong-hop,0506_QD_0000_DHKT.pdf,2,LOP CHU HONG,0.0000,DPE Build 5656,True,506,QD
van-ban-tong-hop,0506_QD_0000_DHKT-2.pdf,2,LOP CHU HONG,0.0000,DPE Build 5656,True,506,QD
van-ban-tong-hop,0507_QD_0000_DHKT.pdf,2,LOP CHU HONG,0.0000,DPE Build 5656,True,507,QD
van-ban-tong-hop,0507_QD_0000_DHKT-2.pdf,2,LOP CHU HONG,0.0000,DPE Build 5656,True,507,QD
van-ban-tong-hop,0507_QD_2022_NA.pdf,2,QUET,,PFU PDF Library 1.4.2,,507,QD
van-ban-tong-hop,0508_QD_0000_DHKT.pdf,2,LOP CHU HONG,0.0000,DPE Build 5656,True,508,QD
van-ban-tong-hop,0508_QD_0000_DHKT-2.pdf,2,LOP CHU HONG,0.0000,DPE Build 5656,True,508,QD
van-ban-tong-hop,0508_QD_2022_NA.pdf,6,QUET,,PFU PDF Library 1.4.2,,508,QD
van-ban-tong-hop,0509_QD_0000_DHKT.pdf,3,QUET,,,,509,QD
van-ban-tong-hop,0509_QD_0000_DHKT-2.pdf,3,QUET,,,,509,QD
van-ban-tong-hop,0510_QD_0000_DHKT.pdf,3,QUET,,,,510,QD
van-ban-tong-hop,0510_QD_0000_DHKT-2.pdf,5,LOP CHU HONG,0.0000,DPE Build 5656,True,510,QD
van-ban-tong-hop,0510_QD_2023_NA.pdf,2,QUET,,PFU PDF Library 1.4.2,,510,QD
van-ban-tong-hop,0511_QD_0000_DHKT.pdf,1,LOP CHU HONG,0.0000,DPE Build 5656,True,511,QD
van-ban-tong-hop,0512_QD_0000_DHKT.pdf,2,LOP CHU HONG,0.0000,DPE Build 5656,True,512,QD
van-ban-tong-hop,0512_QD_0000_DHKT-2.pdf,8,LOP CHU HONG,0.0000,DPE Build 5656,True,512,QD
van-ban-tong-hop,0513_QD_0000_DHKT.pdf,3,QUET,,,,513,QD
van-ban-tong-hop,0513_QD_0000_DHKT-2.pdf,1,LOP CHU HONG,0.0000,DPE Build 5656,True,513,QD
van-ban-tong-hop,0514_QD_0000_DHKT.pdf,2,LOP CHU HONG,0.0000,DPE Build 5656,True,514,QD
van-ban-tong-hop,0514_QD_0000_DHKT-2.pdf,1,LOP CHU HONG,0.0000,DPE Build 5656,True,514,QD
van-ban-tong-hop,0515_QD_0000_DHKT.pdf,3,QUET,,,,515,QD
van-ban-tong-hop,0515_QD_0000_DHKT-2.pdf,1,LOP CHU HONG,0.0000,DPE Build 5656,True,515,QD
van-ban-tong-hop,0515_QD_2020_NA.pdf,2,QUET,,PFU PDF Library 1.4.2,,515,QD
van-ban-tong-hop,0516_QD_0000_DHKT.pdf,2,QUET,,,,516,QD
van-ban-tong-hop,0516_QD_0000_DHKT-2.pdf,3,QUET,,,,516,QD
van-ban-tong-hop,0517_QD_0000_DHKT.pdf,3,QUET,,,,517,QD
van-ban-tong-hop,0517_QD_0000_DHKT-2.pdf,1,LOP CHU HONG,0.0000,DPE Build 5656,True,517,QD
van-ban-tong-hop,0517_QD_2022_NA.pdf,5,QUET,,PFU PDF Library 1.4.2,,517,QD
van-ban-tong-hop,0518_QD_0000_DHKT.pdf,3,LOP CHU HONG,0.0000,DPE Build 5656,True,518,QD
van-ban-tong-hop,0518_QD_0000_DHKT-2.pdf,2,LOP CHU HONG,0.0000,DPE Build 5656,True,518,QD
van-ban-tong-hop,0518_QD_2020_NA.pdf,5,QUET,,PFU PDF Library 1.4.2,,518,QD
van-ban-tong-hop,0519_QD_0000_DHKT.pdf,1,LOP CHU HONG,0.0000,DPE Build 5656,True,519,QD
van-ban-tong-hop,0519_QD_0000_DHKT-2.pdf,1,LOP CHU HONG,0.0000,DPE Build 5656,True,519,QD
van-ban-tong-hop,0519_QD_0000_DHKT-3.pdf,2,LOP CHU HONG,0.0000,DPE Build 5656,True,519,QD
van-ban-tong-hop,0519_QD_2023_NA.pdf,2,QUET,,PFU PDF Library 1.4.2,,519,QD
van-ban-tong-hop,0520_QD_0000_DHKT.pdf,1,LOP CHU HONG,0.0000,DPE Build 5656,True,520,QD
van-ban-tong-hop,0520_QD_0000_DHKT-2.pdf,2,LOP CHU HONG,0.0000,DPE Build 5656,True,520,QD
van-ban-tong-hop,0520_QD_2020_NA.pdf,2,QUET,,Foxit Reader PDF Printer Version 9.6.0.1818,,520,QD
van-ban-tong-hop,0521_QD_0000_DHKT.pdf,1,LOP CHU HONG,0.0000,DPE Build 5656,True,521,QD
van-ban-tong-hop,0521_QD_0000_DHKT-2.pdf,1,LOP CHU HONG,0.0000,DPE Build 5656,True,521,QD
van-ban-tong-hop,0522_QD_0000_DHKT.pdf,2,LOP CHU HONG,0.0000,DPE Build 5656,True,522,QD
van-ban-tong-hop,0522_QD_0000_DHKT-2.pdf,1,LOP CHU HONG,0.0000,DPE Build 5656,True,522,QD
van-ban-tong-hop,0523_QD_0000_DHKT.pdf,5,LOP CHU HONG,0.0000,DPE Build 5656,True,523,QD
van-ban-tong-hop,0523_QD_0000_DHKT-2.pdf,1,LOP CHU HONG,0.0000,DPE Build 5656,True,523,QD
van-ban-tong-hop,0524_QD_0000_DHKT.pdf,1,LOP CHU HONG,0.0000,DPE Build 5656,True,524,QD
van-ban-tong-hop,0524_QD_0000_DHKT-2.pdf,1,LOP CHU HONG,0.0000,DPE Build 5656,True,524,QD
van-ban-tong-hop,0525_QD_0000_DHKT.pdf,3,QUET,,,,525,QD
van-ban-tong-hop,0525_QD_0000_DHKT-2.pdf,1,LOP CHU HONG,0.0000,DPE Build 5656,True,525,QD
van-ban-tong-hop,0525_QD_2021_NA.pdf,1,QUET,,PFU PDF Library 1.4.2,,525,QD
van-ban-tong-hop,0525_QD_2022_NA.pdf,1,QUET,,PFU PDF Library 1.4.2,,525,QD
van-ban-tong-hop,0526_QD_0000_DHKT.pdf,2,LOP CHU HONG,0.0000,DPE Build 5656,True,526,QD
van-ban-tong-hop,0526_QD_0000_DHKT-2.pdf,1,LOP CHU HONG,0.0000,DPE Build 5656,True,526,QD
van-ban-tong-hop,0526_QD_2021_NA.pdf,1,QUET,,PFU PDF Library 1.4.2,,526,QD
van-ban-tong-hop,0526_QD_2022_NA.pdf,1,QUET,,PFU PDF Library 1.4.2,,526,QD
van-ban-tong-hop,0527_QD_0000_DHKT.pdf,1,LOP CHU HONG,0.0000,DPE Build 5656,True,527,QD
van-ban-tong-hop,0527_QD_0000_DHKT-2.pdf,2,QUET,,,,527,QD
van-ban-tong-hop,0527_QD_0000_DHKT-3.pdf,1,LOP CHU HONG,0.0000,DPE Build 5656,True,527,QD
van-ban-tong-hop,0527_QD_2021_NA.pdf,1,QUET,,PFU PDF Library 1.4.2,,527,QD
van-ban-tong-hop,0527_QD_2022_NA.pdf,1,QUET,,PFU PDF Library 1.4.2,,527,QD
van-ban-tong-hop,0527_QD_2023_NA.pdf,2,QUET,,PFUPDF Engine 1.2.0,,527,QD
van-ban-tong-hop,0528_QD_0000_DHKT.pdf,1,LOP CHU HONG,0.0000,DPE Build 5656,True,528,QD
van-ban-tong-hop,0528_QD_2021_NA.pdf,2,QUET,,PFU PDF Library 1.4.2,,528,QD
van-ban-tong-hop,0528_QD_2022_NA.pdf,1,QUET,,PFU PDF Library 1.4.2,,528,QD
van-ban-tong-hop,0528_QD_2023_NA.pdf,3,QUET,,PFUPDF Engine 1.2.0,,528,QD
van-ban-tong-hop,0529_QD_0000_DHKT.pdf,1,LOP CHU HONG,0.0000,DPE Build 5656,True,529,QD
van-ban-tong-hop,0529_QD_2022_NA.pdf,1,QUET,,PFU PDF Library 1.4.2,,529,QD
van-ban-tong-hop,0530_QD_0000_DHKT.pdf,1,LOP CHU HONG,0.0000,DPE Build 5656,True,530,QD
van-ban-tong-hop,0530_QD_2021_NA.pdf,2,QUET,,PFU PDF Library 1.4.2,,530,QD
van-ban-tong-hop,0530_QD_2022_NA.pdf,8,QUET,,PFU PDF Library 1.4.2,,530,QD
van-ban-tong-hop,0531_QD_0000_DHKT.pdf,1,LOP CHU HONG,0.0000,DPE Build 5656,True,531,QD
van-ban-tong-hop,0531_QD_0000_NA.pdf,1,QUET,,,,531,QD
van-ban-tong-hop,0532_QD_0000_DHKT.pdf,2,LOP CHU HONG,0.0000,DPE Build 5656,True,532,QD
van-ban-tong-hop,0532_QD_0000_DHKT-2.pdf,1,LOP CHU HONG,0.0000,DPE Build 5656,True,532,QD
van-ban-tong-hop,0533_QD_0000_DHKT.pdf,2,LOP CHU HONG,0.0000,DPE Build 5656,True,533,QD
van-ban-tong-hop,0533_QD_0000_DHKT-2.pdf,1,LOP CHU HONG,0.0000,DPE Build 5656,True,533,QD
van-ban-tong-hop,0533_QD_2020_NA.pdf,1,QUET,,PFU PDF Library 1.4.2,,533,QD
van-ban-tong-hop,0534_QD_0000_DHKT.pdf,2,LOP CHU HONG,0.0000,DPE Build 5656,True,534,QD
van-ban-tong-hop,0535_QD_0000_DHKT.pdf,2,LOP CHU HONG,0.0000,DPE Build 5656,True,535,QD
van-ban-tong-hop,0535_QD_2017_NA.pdf,1,QUET,,,,535,QD
van-ban-tong-hop,0535_QD_2022_NA.pdf,2,QUET,,PFU PDF Library 1.4.2,,535,QD
van-ban-tong-hop,0535_QD_2024_NA.pdf,4,QUET,,PFU PDF Library 1.4.2,,535,QD
van-ban-tong-hop,0536_QD_0000_DHKT.pdf,3,LOP CHU HONG,0.0000,DPE Build 5656,True,536,QD
van-ban-tong-hop,0536_QD_2017_NA.pdf,1,QUET,,,,536,QD
van-ban-tong-hop,0537_QD_0000_DHKT.pdf,3,LOP CHU HONG,0.0000,DPE Build 5656,True,537,QD
van-ban-tong-hop,0537_QD_0000_DHKT-2.pdf,3,LOP CHU HONG,0.0000,DPE Build 5656,True,537,QD
van-ban-tong-hop,0538_QD_0000_DHKT.pdf,3,QUET,,,,538,QD
van-ban-tong-hop,0538_QD_0000_DHKT-2.pdf,3,LOP CHU HONG,0.0000,DPE Build 5656,True,538,QD
van-ban-tong-hop,0539_QD_0000_DHKT.pdf,2,LOP CHU HONG,0.0000,DPE Build 5656,True,539,QD
van-ban-tong-hop,0539_QD_0000_DHKT-2.pdf,3,QUET,,,,539,QD
van-ban-tong-hop,0539_QD_2020_NA.pdf,2,QUET,,PFU PDF Library 1.4.2,,539,QD
van-ban-tong-hop,0539_QD_2021_NA.pdf,2,QUET,,PFU PDF Library 1.4.2,,539,QD
van-ban-tong-hop,0540_QD_0000_DHKT.pdf,2,LOP CHU HONG,0.0000,DPE Build 5656,True,540,QD
van-ban-tong-hop,0540_QD_0000_DHKT-2.pdf,3,LOP CHU HONG,0.0000,DPE Build 5656,True,540,QD
van-ban-tong-hop,0540_QD_2021_NA.pdf,2,QUET,,PFU PDF Library 1.4.2,,540,QD
van-ban-tong-hop,0541_QD_0000_DHKT.pdf,4,LOP CHU HONG,0.0000,DPE Build 5656,True,541,QD
van-ban-tong-hop,0541_QD_2016_NA.pdf,1,QUET,,,,541,QD
van-ban-tong-hop,0542_QD_0000_DHKT.pdf,3,LOP CHU HONG,0.0000,DPE Build 5656,True,542,QD
van-ban-tong-hop,0542_QD_2016_NA.pdf,1,QUET,,,,542,QD
van-ban-tong-hop,0543_QD_0000_DHKT.pdf,3,LOP CHU HONG,0.0000,DPE Build 5656,True,543,QD
van-ban-tong-hop,0543_QD_2016_NA.pdf,1,QUET,,,,543,QD
van-ban-tong-hop,0544_QD_0000_DHKT.pdf,1,LOP CHU HONG,0.0000,DPE Build 5656,True,544,QD
van-ban-tong-hop,0544_QD_0000_DHKT-2.pdf,2,LOP CHU HONG,0.0000,DPE Build 5656,True,544,QD
van-ban-tong-hop,0544_QD_0000_DHKTDN.pdf,2,QUET,,PFUPDF Engine 1.2.0,,544,QD
van-ban-tong-hop,0544_QD_2016_NA.pdf,1,QUET,,,,544,QD
van-ban-tong-hop,0545_QD_0000_DHKT.pdf,1,LOP CHU HONG,0.0000,DPE Build 5656,True,545,QD
van-ban-tong-hop,0545_QD_2018_NA.pdf,3,QUET,,,,545,QD
van-ban-tong-hop,0545_QD_2018_NA-2.pdf,3,QUET,,,,545,QD
van-ban-tong-hop,0546_QD_0000_DHKT.pdf,1,LOP CHU HONG,0.0000,DPE Build 5656,True,546,QD
van-ban-tong-hop,0546_QD_2018_NA.pdf,1,QUET,,,,546,QD
van-ban-tong-hop,0547_QD_0000_DHKT.pdf,1,LOP CHU HONG,0.0000,DPE Build 5656,True,547,QD
van-ban-tong-hop,0547_QD_0000_DHKT-2.pdf,5,LOP CHU HONG,0.0000,DPE Build 5656,True,547,QD
van-ban-tong-hop,0547_QD_2020_NA.pdf,15,QUET,,PFU PDF Library 1.4.2,,547,QD
van-ban-tong-hop,0548_QD_0000_DHKT.pdf,3,QUET,,,,548,QD
van-ban-tong-hop,0548_QD_2020_NA.pdf,5,QUET,,PFU PDF Library 1.4.2,,548,QD
van-ban-tong-hop,0549_QD_0000_DHKT.pdf,1,LOP CHU HONG,0.0000,DPE Build 5656,True,549,QD
van-ban-tong-hop,0549_QD_0000_DHKT-2.pdf,1,LOP CHU HONG,0.0000,DPE Build 5656,True,549,QD
van-ban-tong-hop,0550_QD_0000_DHKT.pdf,1,LOP CHU HONG,0.0000,DPE Build 5656,True,550,QD
van-ban-tong-hop,0550_QD_0000_DHKT-2.pdf,2,LOP CHU HONG,0.0000,DPE Build 5656,True,550,QD
van-ban-tong-hop,0550_QD_2018_NA.pdf,1,QUET,,,,550,QD
van-ban-tong-hop,0551_QD_0000_DHKT.pdf,1,LOP CHU HONG,0.0000,DPE Build 5656,True,551,QD
van-ban-tong-hop,0551_QD_0000_DHKT-2.pdf,2,LOP CHU HONG,0.0000,DPE Build 5656,True,551,QD
van-ban-tong-hop,0552_QD_0000_DHKT.pdf,3,LOP CHU HONG,0.0000,DPE Build 5656,True,552,QD
van-ban-tong-hop,0553_QD_0000_DHKT.pdf,6,QUET,,,,553,QD
van-ban-tong-hop,0553_QD_0000_DHKT-2.pdf,3,LOP CHU HONG,0.0000,DPE Build 5656,True,553,QD
van-ban-tong-hop,0553_QD_2020_NA.pdf,2,QUET,,PFU PDF Library 1.4.2,,553,QD
van-ban-tong-hop,0554_QD_0000_DHKT.pdf,3,LOP CHU HONG,0.0000,DPE Build 5656,True,554,QD
van-ban-tong-hop,0554_QD_0000_DHKT-2.pdf,2,LOP CHU HONG,0.0000,DPE Build 5656,True,554,QD
van-ban-tong-hop,0554_QD_2018_NA.pdf,1,QUET,,,,554,QD
van-ban-tong-hop,0555_QD_0000_DHKT.pdf,3,LOP CHU HONG,0.0000,DPE Build 5656,True,555,QD
van-ban-tong-hop,0555_QD_0000_DHKT-2.pdf,2,QUET,,,,555,QD
van-ban-tong-hop,0555_QD_0000_DHKT-3.pdf,3,LOP CHU HONG,0.0000,DPE Build 5656,True,555,QD
van-ban-tong-hop,0555_QD_2023_NA.pdf,2,QUET,,PFU PDF Library 1.4.2,,555,QD
van-ban-tong-hop,0556_QD_0000_DHKT.pdf,2,QUET,,,,556,QD
van-ban-tong-hop,0556_QD_0000_DHKT-2.pdf,3,LOP CHU HONG,0.0000,DPE Build 5656,True,556,QD
van-ban-tong-hop,0557_QD_0000_DHKT.pdf,2,QUET,,,,557,QD
van-ban-tong-hop,0557_QD_0000_DHKT-2.pdf,2,LOP CHU HONG,0.0000,DPE Build 5656,True,557,QD
van-ban-tong-hop,0557_QD_2023_NA.pdf,10,QUET,,PFU PDF Library 1.4.2,,557,QD
van-ban-tong-hop,0558_QD_0000_DHKT.pdf,2,QUET,,,,558,QD
van-ban-tong-hop,0558_QD_0000_DHKT-2.pdf,2,LOP CHU HONG,0.0000,DPE Build 5656,True,558,QD
van-ban-tong-hop,0558_QD_2020_NA.pdf,2,QUET,,PFU PDF Library 1.4.2,,558,QD
van-ban-tong-hop,0558_QD_2023_NA.pdf,2,QUET,,PFU PDF Library 1.4.2,,558,QD
van-ban-tong-hop,0558_QD_2025_NA.pdf,3,QUET,,PFUPDF Engine 1.2.0,,558,QD
van-ban-tong-hop,0559_QD_0000_DHKT.pdf,2,QUET,,,,559,QD
van-ban-tong-hop,0559_QD_0000_DHKT-2.pdf,3,LOP CHU HONG,0.0000,DPE Build 5656,True,559,QD
van-ban-tong-hop,0559_QD_2020_NA.pdf,3,QUET,,PFU PDF Library 1.4.2,,559,QD
van-ban-tong-hop,0559_QD_2023_NA.pdf,2,QUET,,PFU PDF Library 1.4.2,,559,QD
van-ban-tong-hop,0560_QD_0000_DHKT.pdf,4,LOP CHU HONG,0.0000,DPE Build 5656,True,560,QD
van-ban-tong-hop,0560_QD_0000_DHKT-2.pdf,2,QUET,,,,560,QD
van-ban-tong-hop,0560_QD_2020_NA.pdf,2,QUET,,PFU PDF Library 1.4.2,,560,QD
van-ban-tong-hop,0560_QD_2023_NA.pdf,2,QUET,,PFU PDF Library 1.4.2,,560,QD
van-ban-tong-hop,0561_QD_0000_DHKT.pdf,2,QUET,,,,561,QD
van-ban-tong-hop,0561_QD_0000_DHKT-2.pdf,2,LOP CHU HONG,0.0000,DPE Build 5656,True,561,QD
van-ban-tong-hop,0561_QD_2020_NA.pdf,2,QUET,,PFU PDF Library 1.4.2,,561,QD
van-ban-tong-hop,0562_QD_0000_DHKT.pdf,2,QUET,,,,562,QD
van-ban-tong-hop,0562_QD_0000_DHKT-2.pdf,3,LOP CHU HONG,0.0000,DPE Build 5656,True,562,QD
van-ban-tong-hop,0562_QD_2019_NA.pdf,15,QUET,,PFU PDF Library 1.2.1,,562,QD
van-ban-tong-hop,0562_QD_2020_NA.pdf,2,QUET,,PFU PDF Library 1.4.2,,562,QD
van-ban-tong-hop,0563_QD_0000_DHKT.pdf,2,QUET,,,,563,QD
van-ban-tong-hop,0563_QD_0000_DHKT-2.pdf,5,LOP CHU HONG,0.0000,DPE Build 5656,True,563,QD
van-ban-tong-hop,0563_QD_2017_NA.pdf,1,QUET,,,,563,QD
van-ban-tong-hop,0563_QD_2020_NA.pdf,2,QUET,,PFU PDF Library 1.4.2,,563,QD
van-ban-tong-hop,0564_QD_0000_DHKT.pdf,2,QUET,,,,564,QD
van-ban-tong-hop,0564_QD_0000_DHKT-2.pdf,1,LOP CHU HONG,0.0000,DPE Build 5656,True,564,QD
van-ban-tong-hop,0564_QD_2016_NA.pdf,1,QUET,,,,564,QD
van-ban-tong-hop,0565_QD_0000_DHKT.pdf,2,QUET,,,,565,QD
van-ban-tong-hop,0565_QD_0000_DHKT-2.pdf,1,LOP CHU HONG,0.0000,DPE Build 5656,True,565,QD
van-ban-tong-hop,0565_QD_2020_NA.pdf,3,QUET,,PFU PDF Library 1.4.2,,565,QD
van-ban-tong-hop,0566_QD_0000_DHKT.pdf,2,QUET,,,,566,QD
van-ban-tong-hop,0566_QD_0000_DHKT-2.pdf,1,LOP CHU HONG,0.0000,DPE Build 5656,True,566,QD
van-ban-tong-hop,0566_QD_2024_NA.pdf,2,QUET,,PFU PDF Library 1.4.2,,566,QD
van-ban-tong-hop,0567_QD_0000_DHKT.pdf,2,QUET,,,,567,QD
van-ban-tong-hop,0567_QD_0000_DHKT-2.pdf,1,LOP CHU HONG,0.0000,DPE Build 5656,True,567,QD
van-ban-tong-hop,0567_QD_2017_NA.pdf,2,QUET,,,,567,QD
van-ban-tong-hop,0567_QD_2021_NA.pdf,1,QUET,,PFU PDF Library 1.4.2,,567,QD
van-ban-tong-hop,0568_QD_0000_DHKT.pdf,2,QUET,,,,568,QD
van-ban-tong-hop,0568_QD_0000_DHKT-2.pdf,3,QUET,,,,568,QD
van-ban-tong-hop,0568_QD_2017_NA.pdf,1,QUET,,,,568,QD
van-ban-tong-hop,0569_QD_0000_DHKT.pdf,2,QUET,,,,569,QD
van-ban-tong-hop,0569_QD_0000_DHKT-2.pdf,3,QUET,,,,569,QD
van-ban-tong-hop,0569_QD_2021_NA.pdf,2,QUET,,PFU PDF Library 1.4.2,,569,QD
van-ban-tong-hop,0569_QD_2021_NA-2.pdf,2,QUET,,PFU PDF Library 1.4.2,,569,QD
van-ban-tong-hop,0570_QD_0000_DHKT.pdf,2,QUET,,,,570,QD
van-ban-tong-hop,0570_QD_0000_DHKT-2.pdf,2,LOP CHU HONG,0.0000,DPE Build 5656,True,570,QD
van-ban-tong-hop,0570_QD_2019_NA.pdf,1,QUET,,PFU PDF Library 1.2.1,,570,QD
van-ban-tong-hop,0571_QD_0000_DHKT.pdf,2,QUET,,,,571,QD
van-ban-tong-hop,0571_QD_0000_DHKT-2.pdf,2,LOP CHU HONG,0.0000,DPE Build 5656,True,571,QD
van-ban-tong-hop,0572_QD_0000_DHKT.pdf,2,LOP CHU HONG,0.0000,DPE Build 5656,True,572,QD
van-ban-tong-hop,0572_QD_0000_DHKT-2.pdf,2,LOP CHU HONG,0.0000,DPE Build 5656,True,572,QD
van-ban-tong-hop,0573_QD_0000_DHKT.pdf,2,LOP CHU HONG,0.0000,DPE Build 5656,True,573,QD
van-ban-tong-hop,0573_QD_2017_NA.pdf,2,QUET,,,,573,QD
van-ban-tong-hop,0574_QD_0000_DHKT.pdf,2,LOP CHU HONG,0.0000,DPE Build 5656,True,574,QD
van-ban-tong-hop,0574_QD_2017_NA.pdf,1,QUET,,,,574,QD
van-ban-tong-hop,0574_QD_2019_NA.pdf,1,QUET,,PFU PDF Library 1.2.1,,574,QD
van-ban-tong-hop,0575_QD_0000_DHKT.pdf,1,LOP CHU HONG,0.0000,DPE Build 5656,True,575,QD
van-ban-tong-hop,0575_QD_0000_DHKT-2.pdf,2,LOP CHU HONG,0.0000,DPE Build 5656,True,575,QD
van-ban-tong-hop,0576_QD_0000_DHKT.pdf,1,LOP CHU HONG,0.0000,DPE Build 5656,True,576,QD
van-ban-tong-hop,0576_QD_0000_DHKT-2.pdf,2,LOP CHU HONG,0.0000,DPE Build 5656,True,576,QD
van-ban-tong-hop,0577_QD_0000_DHKT.pdf,1,LOP CHU HONG,0.0000,DPE Build 5656,True,577,QD
van-ban-tong-hop,0577_QD_0000_DHKT-2.pdf,2,LOP CHU HONG,0.0000,DPE Build 5656,True,577,QD
van-ban-tong-hop,0577_QD_2018_NA.pdf,1,QUET,,,,577,QD
van-ban-tong-hop,0578_QD_0000_DHKT.pdf,3,LOP CHU HONG,0.0000,DPE Build 5656,True,578,QD
van-ban-tong-hop,0578_QD_0000_DHKT-2.pdf,2,LOP CHU HONG,0.0000,DPE Build 5656,True,578,QD
van-ban-tong-hop,0578_QD_2018_NA.pdf,1,QUET,,,,578,QD
van-ban-tong-hop,0579_QD_0000_DHKT.pdf,3,QUET,,,,579,QD
van-ban-tong-hop,0579_QD_0000_DHKT-2.pdf,2,LOP CHU HONG,0.0000,DPE Build 5656,True,579,QD
van-ban-tong-hop,0580_QD_0000_DHKT.pdf,2,LOP CHU HONG,0.0000,DPE Build 5656,True,580,QD
van-ban-tong-hop,0581_QD_0000_DHKT.pdf,2,LOP CHU HONG,0.0000,DPE Build 5656,True,581,QD
van-ban-tong-hop,0582_QD_0000_DHKT.pdf,3,LOP CHU HONG,0.0000,DPE Build 5656,True,582,QD
van-ban-tong-hop,0582_QD_0000_DHKT-2.pdf,2,LOP CHU HONG,0.0000,DPE Build 5656,True,582,QD
van-ban-tong-hop,0583_QD_0000_DHKT.pdf,5,LOP CHU HONG,0.0000,DPE Build 5656,True,583,QD
van-ban-tong-hop,0583_QD_0000_DHKT-2.pdf,2,LOP CHU HONG,0.0000,DPE Build 5656,True,583,QD
van-ban-tong-hop,0584_QD_0000_DHKT.pdf,6,LOP CHU HONG,0.0000,DPE Build 5656,True,584,QD
van-ban-tong-hop,0584_QD_0000_DHKT-2.pdf,2,LOP CHU HONG,0.0000,DPE Build 5656,True,584,QD
van-ban-tong-hop,0584_QD_2024_NA.pdf,3,QUET,,PFU PDF Library 1.4.2,,584,QD
van-ban-tong-hop,0585_QD_0000_DHKT.pdf,4,LOP CHU HONG,0.0000,DPE Build 5656,True,585,QD
van-ban-tong-hop,0585_QD_0000_DHKT-2.pdf,2,LOP CHU HONG,0.0000,DPE Build 5656,True,585,QD
van-ban-tong-hop,0586_QD_0000_DHKT.pdf,3,LOP CHU HONG,0.0000,DPE Build 5656,True,586,QD
van-ban-tong-hop,0586_QD_0000_DHKT-2.pdf,2,LOP CHU HONG,0.0000,DPE Build 5656,True,586,QD
van-ban-tong-hop,0587_QD_0000_DHKT.pdf,4,LOP CHU HONG,0.0000,DPE Build 5656,True,587,QD
van-ban-tong-hop,0587_QD_0000_DHKT-2.pdf,1,LOP CHU HONG,0.0000,DPE Build 5656,True,587,QD
van-ban-tong-hop,0587_QD_2022_NA.pdf,2,QUET,,PFU PDF Library 1.4.2,,587,QD
van-ban-tong-hop,0588_QD_0000_DHKT.pdf,3,LOP CHU HONG,0.0000,DPE Build 5656,True,588,QD
van-ban-tong-hop,0588_QD_0000_DHKT-2.pdf,1,LOP CHU HONG,0.0000,DPE Build 5656,True,588,QD
van-ban-tong-hop,0588_QD_2022_NA.pdf,1,QUET,,PFU PDF Library 1.4.2,,588,QD
van-ban-tong-hop,0589_QD_0000_DHKT.pdf,3,LOP CHU HONG,0.0000,DPE Build 5656,True,589,QD
van-ban-tong-hop,0589_QD_0000_DHKT-2.pdf,1,LOP CHU HONG,0.0000,DPE Build 5656,True,589,QD
van-ban-tong-hop,0589_QD_2016_NA.pdf,1,QUET,,,,589,QD
van-ban-tong-hop,0590_QD_0000_DHKT.pdf,3,LOP CHU HONG,0.0000,DPE Build 5656,True,590,QD
van-ban-tong-hop,0590_QD_0000_DHKT-2.pdf,2,LOP CHU HONG,0.0000,DPE Build 5656,True,590,QD
van-ban-tong-hop,0591_QD_0000_DHKT.pdf,1,QUET,,PFU PDF Library 1.4.2,,591,QD
van-ban-tong-hop,0591_QD_0000_DHKT-2.pdf,3,LOP CHU HONG,0.0000,DPE Build 5656,True,591,QD
van-ban-tong-hop,0591_QD_0000_DHKT-3.pdf,2,LOP CHU HONG,0.0000,DPE Build 5656,True,591,QD
van-ban-tong-hop,0591_QD_2018_NA.pdf,1,QUET,,,,591,QD
van-ban-tong-hop,0591_QD_2021_NA.pdf,1,QUET,,PFU PDF Library 1.4.2,,591,QD
van-ban-tong-hop,0591_QD_2022_NA.pdf,1,QUET,,PFU PDF Library 2.0.1,,591,QD
van-ban-tong-hop,0592_QD_0000_DHKT.pdf,5,LOP CHU HONG,0.0000,DPE Build 5656,True,592,QD
van-ban-tong-hop,0592_QD_0000_DHKT-2.pdf,2,LOP CHU HONG,0.0000,DPE Build 5656,True,592,QD
van-ban-tong-hop,0592_QD_2018_NA.pdf,1,QUET,,,,592,QD
van-ban-tong-hop,0592_QD_2022_NA.pdf,2,QUET,,PFU PDF Library 1.4.2,,592,QD
van-ban-tong-hop,0593_QD_0000_DHKT.pdf,3,LOP CHU HONG,0.0000,DPE Build 5656,True,593,QD
van-ban-tong-hop,0593_QD_0000_DHKT-2.pdf,2,LOP CHU HONG,0.0000,DPE Build 5656,True,593,QD
van-ban-tong-hop,0593_QD_2018_NA.pdf,2,QUET,,,,593,QD
van-ban-tong-hop,0594_QD_0000_DHKT.pdf,3,LOP CHU HONG,0.0000,DPE Build 5656,True,594,QD
van-ban-tong-hop,0594_QD_0000_DHKT-2.pdf,1,LOP CHU HONG,0.0000,DPE Build 5656,True,594,QD
van-ban-tong-hop,0594_QD_2018_NA.pdf,1,QUET,,,,594,QD
van-ban-tong-hop,0595_QD_0000_DHKT.pdf,3,LOP CHU HONG,0.0000,DPE Build 5656,True,595,QD
van-ban-tong-hop,0595_QD_0000_DHKT-2.pdf,1,LOP CHU HONG,0.0000,DPE Build 5656,True,595,QD
van-ban-tong-hop,0595_QD_2018_NA.pdf,2,QUET,,,,595,QD
van-ban-tong-hop,0595_QD_2022_NA.pdf,3,QUET,,PFU PDF Library 1.4.2,,595,QD
van-ban-tong-hop,0596_QD_0000_DHKT.pdf,4,LOP CHU HONG,0.0000,DPE Build 5656,True,596,QD
van-ban-tong-hop,0596_QD_2009_NA.pdf,1,QUET,,,,596,QD
van-ban-tong-hop,0596_QD_2018_NA.pdf,1,QUET,,,,596,QD
van-ban-tong-hop,0596_QD_2022_NA.pdf,2,QUET,,PFU PDF Library 1.4.2,,596,QD
van-ban-tong-hop,0597_QD_0000_DHKT.pdf,3,LOP CHU HONG,0.0000,DPE Build 5656,True,597,QD
van-ban-tong-hop,0597_QD_0000_DHKT-2.pdf,1,LOP CHU HONG,0.0000,DPE Build 5656,True,597,QD
van-ban-tong-hop,0597_QD_2016_NA.pdf,3,QUET,,,,597,QD
van-ban-tong-hop,0597_QD_2018_NA.pdf,2,QUET,,,,597,QD
van-ban-tong-hop,0597_QD_2022_NA.pdf,8,QUET,,PFU PDF Library 1.4.2,,597,QD
van-ban-tong-hop,0598_QD_0000_DHKT.pdf,4,LOP CHU HONG,0.0000,DPE Build 5656,True,598,QD
van-ban-tong-hop,0598_QD_0000_DHKT-2.pdf,3,QUET,,,,598,QD
van-ban-tong-hop,0598_QD_2016_NA.pdf,4,QUET,,,,598,QD
van-ban-tong-hop,0598_QD_2022_NA.pdf,2,QUET,,PFU PDF Library 1.4.2,,598,QD
van-ban-tong-hop,0599_QD_0000_DHKT.pdf,4,LOP CHU HONG,0.0000,DPE Build 5656,True,599,QD
van-ban-tong-hop,0599_QD_0000_DHKT-2.pdf,2,LOP CHU HONG,0.0000,DPE Build 5656,True,599,QD
van-ban-tong-hop,0599_QD_0000_DHKT-3.pdf,2,LOP CHU HONG,0.0000,DPE Build 5656,True,599,QD
van-ban-tong-hop,0599_QD_2016_NA.pdf,4,QUET,,,,599,QD
van-ban-tong-hop,0599_QD_2018_NA.pdf,2,QUET,,,,599,QD
van-ban-tong-hop,0599_QD_2022_NA.pdf,2,QUET,,PFU PDF Library 1.4.2,,599,QD
van-ban-tong-hop,0600_QD_0000_DHKT.pdf,4,LOP CHU HONG,0.0000,DPE Build 5656,True,600,QD
van-ban-tong-hop,0600_QD_0000_DHKT-2.pdf,2,LOP CHU HONG,0.0000,DPE Build 5656,True,600,QD
van-ban-tong-hop,0600_QD_2016_NA.pdf,4,QUET,,,,600,QD
van-ban-tong-hop,0600_QD_2018_NA.pdf,2,QUET,,,,600,QD
van-ban-tong-hop,0600_QD_2022_NA.pdf,2,QUET,,PFU PDF Library 1.4.2,,600,QD
van-ban-tong-hop,0601_QD_0000_DHKT.pdf,3,LOP CHU HONG,0.0000,DPE Build 5656,True,601,QD
van-ban-tong-hop,0601_QD_0000_DHKT-2.pdf,2,LOP CHU HONG,0.0000,DPE Build 5656,True,601,QD
van-ban-tong-hop,0601_QD_2016_NA.pdf,4,QUET,,,,601,QD
van-ban-tong-hop,0601_QD_2018_NA.pdf,1,QUET,,,,601,QD
van-ban-tong-hop,0601_QD_2022_NA.pdf,5,QUET,,PFU PDF Library 1.4.2,,601,QD
van-ban-tong-hop,0602_QD_0000_DHKT.pdf,4,LOP CHU HONG,0.0000,DPE Build 5656,True,602,QD
van-ban-tong-hop,0602_QD_0000_DHKT-2.pdf,3,LOP CHU HONG,0.0000,DPE Build 5656,True,602,QD
van-ban-tong-hop,0602_QD_2016_NA.pdf,3,QUET,,,,602,QD
van-ban-tong-hop,0602_QD_2017_NA.pdf,2,QUET,,,,602,QD
van-ban-tong-hop,0602_QD_2018_NA.pdf,1,QUET,,,,602,QD
van-ban-tong-hop,0602_QD_2022_NA.pdf,1,QUET,,PFU PDF Library 1.4.2,,602,QD
van-ban-tong-hop,0603_QD_0000_DHKT.pdf,4,LOP CHU HONG,0.0000,DPE Build 5656,True,603,QD
van-ban-tong-hop,0603_QD_0000_DHKT-2.pdf,5,LOP CHU HONG,0.0000,DPE Build 5656,True,603,QD
van-ban-tong-hop,0603_QD_2016_NA.pdf,3,QUET,,,,603,QD
van-ban-tong-hop,0603_QD_2017_NA.pdf,2,QUET,,,,603,QD
van-ban-tong-hop,0603_QD_2018_NA.pdf,1,QUET,,,,603,QD
van-ban-tong-hop,0603_QD_2022_NA.pdf,2,QUET,,PFU PDF Library 1.4.2,,603,QD
van-ban-tong-hop,0604_QD_0000_DHKT.pdf,3,LOP CHU HONG,0.0000,DPE Build 5656,True,604,QD
van-ban-tong-hop,0604_QD_0000_DHKT-2.pdf,4,LOP CHU HONG,0.0000,DPE Build 5656,True,604,QD
van-ban-tong-hop,0604_QD_2016_NA.pdf,4,QUET,,,,604,QD
van-ban-tong-hop,0604_QD_2017_NA.pdf,2,QUET,,,,604,QD
van-ban-tong-hop,0604_QD_2018_NA.pdf,1,QUET,,,,604,QD
van-ban-tong-hop,0605_QD_0000_DHKT.pdf,3,LOP CHU HONG,0.0000,DPE Build 5656,True,605,QD
van-ban-tong-hop,0605_QD_0000_DHKT-2.pdf,5,LOP CHU HONG,0.0000,DPE Build 5656,True,605,QD
van-ban-tong-hop,0605_QD_2017_NA.pdf,2,QUET,,,,605,QD
van-ban-tong-hop,0605_QD_2018_NA.pdf,1,QUET,,,,605,QD
van-ban-tong-hop,0606_QD_0000_DHKT.pdf,3,LOP CHU HONG,0.0000,DPE Build 5656,True,606,QD
van-ban-tong-hop,0606_QD_0000_DHKT-2.pdf,3,LOP CHU HONG,0.0000,DPE Build 5656,True,606,QD
van-ban-tong-hop,0606_QD_2017_NA.pdf,2,QUET,,,,606,QD
van-ban-tong-hop,0606_QD_2018_NA.pdf,1,QUET,,,,606,QD
van-ban-tong-hop,0606_QD_2025_NA.pdf,2,QUET,,PFUPDF Engine 1.2.0,,606,QD
van-ban-tong-hop,0607_QD_0000_DHKT.pdf,3,LOP CHU HONG,0.0000,DPE Build 5656,True,607,QD
van-ban-tong-hop,0607_QD_0000_DHKT-2.pdf,3,LOP CHU HONG,0.0000,DPE Build 5656,True,607,QD
van-ban-tong-hop,0607_QD_2016_NA.pdf,3,QUET,,,,607,QD
van-ban-tong-hop,0607_QD_2017_NA.pdf,2,QUET,,,,607,QD
van-ban-tong-hop,0607_QD_2018_NA.pdf,1,QUET,,,,607,QD
van-ban-tong-hop,0607_QD_2022_NA.pdf,11,QUET,,PFU PDF Library 1.4.2,,607,QD
van-ban-tong-hop,0608_QD_0000_DHKT.pdf,4,LOP CHU HONG,0.0000,DPE Build 5656,True,608,QD
van-ban-tong-hop,0608_QD_0000_DHKT-2.pdf,3,LOP CHU HONG,0.0000,DPE Build 5656,True,608,QD
van-ban-tong-hop,0608_QD_2016_NA.pdf,3,QUET,,,,608,QD
van-ban-tong-hop,0608_QD_2017_NA.pdf,2,QUET,,,,608,QD
van-ban-tong-hop,0608_QD_2018_NA.pdf,1,QUET,,,,608,QD
van-ban-tong-hop,0609_QD_0000_DHKT.pdf,3,LOP CHU HONG,0.0000,DPE Build 5656,True,609,QD
van-ban-tong-hop,0609_QD_0000_DHKT-2.pdf,3,LOP CHU HONG,0.0000,DPE Build 5656,True,609,QD
van-ban-tong-hop,0609_QD_2016_NA.pdf,4,QUET,,,,609,QD
van-ban-tong-hop,0609_QD_2017_NA.pdf,2,QUET,,,,609,QD
van-ban-tong-hop,0609_QD_2018_NA.pdf,1,QUET,,,,609,QD
van-ban-tong-hop,0610_QD_0000_DHKT.pdf,3,LOP CHU HONG,0.0000,DPE Build 5656,True,610,QD
van-ban-tong-hop,0610_QD_0000_DHKT-2.pdf,3,LOP CHU HONG,0.0000,DPE Build 5656,True,610,QD
van-ban-tong-hop,0610_QD_2016_NA.pdf,5,QUET,,,,610,QD
van-ban-tong-hop,0610_QD_2017_NA.pdf,3,QUET,,,,610,QD
van-ban-tong-hop,0610_QD_2018_NA.pdf,1,QUET,,,,610,QD
van-ban-tong-hop,0610_QD_2021_NA.pdf,4,QUET,,PFU PDF Library 1.4.2,,610,QD
van-ban-tong-hop,0610_QD_2022_NA.pdf,4,QUET,,PFU PDF Library 1.4.2,,610,QD
van-ban-tong-hop,0611_QD_0000_DHKT.pdf,4,LOP CHU HONG,0.0000,DPE Build 5656,True,611,QD
van-ban-tong-hop,0611_QD_2016_NA.pdf,4,QUET,,,,611,QD
van-ban-tong-hop,0611_QD_2017_NA.pdf,2,QUET,,,,611,QD
van-ban-tong-hop,0611_QD_2018_NA.pdf,2,QUET,,,,611,QD
van-ban-tong-hop,0611_QD_2022_NA.pdf,1,QUET,,PFU PDF Library 1.4.2,,611,QD
van-ban-tong-hop,0612_QD_0000_DHKT.pdf,4,LOP CHU HONG,0.0000,DPE Build 5656,True,612,QD
van-ban-tong-hop,0612_QD_0000_DHKT-2.pdf,4,LOP CHU HONG,0.0000,DPE Build 5656,True,612,QD
van-ban-tong-hop,0612_QD_2016_NA.pdf,3,QUET,,,,612,QD
van-ban-tong-hop,0612_QD_2017_NA.pdf,2,QUET,,,,612,QD
van-ban-tong-hop,0612_QD_2018_NA.pdf,2,QUET,,,,612,QD
van-ban-tong-hop,0612_QD_2022_NA.pdf,1,QUET,,PFU PDF Library 1.4.2,,612,QD
van-ban-tong-hop,0613_QD_0000_DHKT.pdf,3,LOP CHU HONG,0.0000,DPE Build 5656,True,613,QD
van-ban-tong-hop,0613_QD_0000_DHKT-2.pdf,3,LOP CHU HONG,0.0000,DPE Build 5656,True,613,QD
van-ban-tong-hop,0613_QD_2016_NA.pdf,3,QUET,,,,613,QD
van-ban-tong-hop,0613_QD_2017_NA.pdf,3,QUET,,,,613,QD
van-ban-tong-hop,0613_QD_2018_NA.pdf,2,QUET,,,,613,QD
van-ban-tong-hop,0614_QD_0000_DHKT.pdf,4,LOP CHU HONG,0.0000,DPE Build 5656,True,614,QD
van-ban-tong-hop,0614_QD_0000_DHKT-2.pdf,3,LOP CHU HONG,0.0000,DPE Build 5656,True,614,QD
van-ban-tong-hop,0614_QD_2016_NA.pdf,3,QUET,,,,614,QD
van-ban-tong-hop,0614_QD_2017_NA.pdf,2,QUET,,,,614,QD
van-ban-tong-hop,0614_QD_2018_NA.pdf,2,QUET,,,,614,QD
van-ban-tong-hop,0615_QD_0000_DHKT.pdf,6,LOP CHU HONG,0.0000,DPE Build 5656,True,615,QD
van-ban-tong-hop,0615_QD_0000_DHKT-2.pdf,4,LOP CHU HONG,0.0000,DPE Build 5656,True,615,QD
van-ban-tong-hop,0615_QD_2016_NA.pdf,3,QUET,,,,615,QD
van-ban-tong-hop,0615_QD_2017_NA.pdf,2,QUET,,,,615,QD
van-ban-tong-hop,0615_QD_2018_NA.pdf,2,QUET,,,,615,QD
van-ban-tong-hop,0615_QD_2024_NA.pdf,10,QUET,,PFU PDF Library 1.4.2,,615,QD
van-ban-tong-hop,0616_QD_0000_DHKT.pdf,5,LOP CHU HONG,0.0000,DPE Build 5656,True,616,QD
van-ban-tong-hop,0616_QD_0000_DHKT-2.pdf,4,LOP CHU HONG,0.0000,DPE Build 5656,True,616,QD
van-ban-tong-hop,0616_QD_2016_NA.pdf,4,QUET,,,,616,QD
van-ban-tong-hop,0616_QD_2017_NA.pdf,2,QUET,,,,616,QD
van-ban-tong-hop,0616_QD_2018_NA.pdf,2,QUET,,,,616,QD
van-ban-tong-hop,0616_QD_2024_NA.pdf,2,QUET,,PFU PDF Library 1.4.2,,616,QD
van-ban-tong-hop,0617_QD_0000_DHKT.pdf,4,LOP CHU HONG,0.0000,DPE Build 5656,True,617,QD
van-ban-tong-hop,0617_QD_2016_NA.pdf,4,QUET,,,,617,QD
van-ban-tong-hop,0617_QD_2017_NA.pdf,2,QUET,,,,617,QD
van-ban-tong-hop,0617_QD_2018_NA.pdf,2,QUET,,,,617,QD
van-ban-tong-hop,0618_QD_0000_DHKT.pdf,2,LOP CHU HONG,0.0000,DPE Build 5656,True,618,QD
van-ban-tong-hop,0618_QD_0000_DHKT-2.pdf,3,LOP CHU HONG,0.0000,DPE Build 5656,True,618,QD
van-ban-tong-hop,0618_QD_2016_NA.pdf,5,QUET,,,,618,QD
van-ban-tong-hop,0618_QD_2017_NA.pdf,2,QUET,,,,618,QD
van-ban-tong-hop,0618_QD_2018_NA.pdf,2,QUET,,,,618,QD
van-ban-tong-hop,0619_QD_0000_DHKT.pdf,2,LOP CHU HONG,0.0000,DPE Build 5656,True,619,QD
van-ban-tong-hop,0619_QD_0000_DHKT-2.pdf,3,LOP CHU HONG,0.0000,DPE Build 5656,True,619,QD
van-ban-tong-hop,0619_QD_2016_NA.pdf,3,QUET,,,,619,QD
van-ban-tong-hop,0619_QD_2017_NA.pdf,2,QUET,,,,619,QD
van-ban-tong-hop,0619_QD_2018_NA.pdf,2,QUET,,,,619,QD
van-ban-tong-hop,0620_QD_0000_DHKT.pdf,2,LOP CHU HONG,0.0000,DPE Build 5656,True,620,QD
van-ban-tong-hop,0620_QD_0000_DHKT-2.pdf,3,LOP CHU HONG,0.0000,DPE Build 5656,True,620,QD
van-ban-tong-hop,0620_QD_2016_NA.pdf,3,QUET,,,,620,QD
van-ban-tong-hop,0620_QD_2017_NA.pdf,1,QUET,,,,620,QD
van-ban-tong-hop,0620_QD_2018_NA.pdf,2,QUET,,,,620,QD
van-ban-tong-hop,0621_QD_0000_DHKT.pdf,1,LOP CHU HONG,0.0000,DPE Build 5656,True,621,QD
van-ban-tong-hop,0621_QD_0000_DHKT-2.pdf,3,LOP CHU HONG,0.0000,DPE Build 5656,True,621,QD
van-ban-tong-hop,0621_QD_2016_NA.pdf,3,QUET,,,,621,QD
van-ban-tong-hop,0621_QD_2017_NA.pdf,1,QUET,,,,621,QD
van-ban-tong-hop,0621_QD_2018_NA.pdf,2,QUET,,,,621,QD
van-ban-tong-hop,0621_QD_2024_NA.pdf,6,QUET,,PFU PDF Library 1.4.2,,621,QD
van-ban-tong-hop,0622_QD_0000_DHKT.pdf,1,LOP CHU HONG,0.0000,DPE Build 5656,True,622,QD
van-ban-tong-hop,0622_QD_0000_DHKT-2.pdf,4,LOP CHU HONG,0.0000,DPE Build 5656,True,622,QD
van-ban-tong-hop,0622_QD_2016_NA.pdf,5,QUET,,,,622,QD
van-ban-tong-hop,0622_QD_2017_NA.pdf,1,QUET,,,,622,QD
van-ban-tong-hop,0622_QD_2018_NA.pdf,2,QUET,,,,622,QD
van-ban-tong-hop,0622_QD_2022_NA.pdf,2,QUET,,PFU PDF Library 1.4.2,,622,QD
van-ban-tong-hop,0623_QD_0000_DHKT.pdf,1,LOP CHU HONG,0.0000,DPE Build 5656,True,623,QD
van-ban-tong-hop,0623_QD_0000_DHKT-2.pdf,3,LOP CHU HONG,0.0000,DPE Build 5656,True,623,QD
van-ban-tong-hop,0623_QD_2016_NA.pdf,5,QUET,,,,623,QD
van-ban-tong-hop,0623_QD_2017_NA.pdf,1,QUET,,,,623,QD
van-ban-tong-hop,0623_QD_2018_NA.pdf,2,QUET,,,,623,QD
van-ban-tong-hop,0623_QD_2022_NA.pdf,3,QUET,,PFU PDF Library 1.4.2,,623,QD
van-ban-tong-hop,0623_QD_2025_NA.pdf,2,QUET,,PFUPDF Engine 1.2.0,,623,QD
van-ban-tong-hop,0624_QD_0000_DHKT.pdf,1,LOP CHU HONG,0.0000,DPE Build 5656,True,624,QD
van-ban-tong-hop,0624_QD_0000_DHKT-2.pdf,5,LOP CHU HONG,0.0000,DPE Build 5656,True,624,QD
van-ban-tong-hop,0624_QD_0000_NA.pdf,5,QUET,,PFU PDF Library 1.4.2,,624,QD
van-ban-tong-hop,0624_QD_2016_NA.pdf,3,QUET,,,,624,QD
van-ban-tong-hop,0624_QD_2017_NA.pdf,1,QUET,,,,624,QD
van-ban-tong-hop,0624_QD_2018_NA.pdf,2,QUET,,,,624,QD
van-ban-tong-hop,0624_QD_2022_NA.pdf,2,QUET,,PFU PDF Library 1.4.2,,624,QD
van-ban-tong-hop,0625_QD_0000_DHKT.pdf,1,LOP CHU HONG,0.0000,DPE Build 5656,True,625,QD
van-ban-tong-hop,0625_QD_0000_DHKT-2.pdf,4,LOP CHU HONG,0.0000,DPE Build 5656,True,625,QD
van-ban-tong-hop,0625_QD_2016_NA.pdf,4,QUET,,,,625,QD
van-ban-tong-hop,0625_QD_2017_NA.pdf,1,QUET,,,,625,QD
van-ban-tong-hop,0625_QD_2018_NA.pdf,2,QUET,,,,625,QD
van-ban-tong-hop,0625_QD_2022_NA.pdf,4,QUET,,PFU PDF Library 1.4.2,,625,QD
van-ban-tong-hop,0626_QD_0000_DHKT.pdf,1,LOP CHU HONG,0.0000,DPE Build 5656,True,626,QD
van-ban-tong-hop,0626_QD_0000_DHKT-2.pdf,1,LOP CHU HONG,0.0000,DPE Build 5656,True,626,QD
van-ban-tong-hop,0626_QD_0000_DHKT-3.pdf,4,LOP CHU HONG,0.0000,DPE Build 5656,True,626,QD
van-ban-tong-hop,0626_QD_0000_DHKT-4.pdf,3,LOP CHU HONG,0.0000,DPE Build 5656,True,626,QD
van-ban-tong-hop,0626_QD_2016_NA.pdf,3,QUET,,,,626,QD
van-ban-tong-hop,0626_QD_2017_NA.pdf,1,QUET,,,,626,QD
van-ban-tong-hop,0626_QD_2018_NA.pdf,3,QUET,,,,626,QD
van-ban-tong-hop,0626_QD_2018_NA-2.pdf,4,QUET,,,,626,QD
van-ban-tong-hop,0626_QD_2022_NA.pdf,2,QUET,,PFU PDF Library 1.4.2,,626,QD
van-ban-tong-hop,0627_QD_0000_DHKT.pdf,1,LOP CHU HONG,0.0000,DPE Build 5656,True,627,QD
van-ban-tong-hop,0627_QD_0000_DHKT-2.pdf,3,LOP CHU HONG,0.0000,DPE Build 5656,True,627,QD
van-ban-tong-hop,0627_QD_2017_NA.pdf,1,QUET,,,,627,QD
van-ban-tong-hop,0627_QD_2018_NA.pdf,1,QUET,,,,627,QD
van-ban-tong-hop,0627_QD_2022_NA.pdf,2,QUET,,PFU PDF Library 1.4.2,,627,QD
van-ban-tong-hop,0628_QD_0000_DHKT.pdf,7,LOP CHU HONG,0.0000,DPE Build 5656,True,628,QD
van-ban-tong-hop,0628_QD_0000_DHKT-2.pdf,3,LOP CHU HONG,0.0000,DPE Build 5656,True,628,QD
van-ban-tong-hop,0628_QD_2017_NA.pdf,1,QUET,,,,628,QD
van-ban-tong-hop,0628_QD_2018_NA.pdf,2,QUET,,,,628,QD
van-ban-tong-hop,0628_QD_2022_NA.pdf,3,QUET,,PFU PDF Library 1.4.2,,628,QD
van-ban-tong-hop,0629_QD_0000_DHKT.pdf,2,LOP CHU HONG,0.0000,DPE Build 5656,True,629,QD
van-ban-tong-hop,0629_QD_2018_NA.pdf,52,QUET,,,,629,QD
van-ban-tong-hop,0629_QD_2022_NA.pdf,2,QUET,,PFU PDF Library 1.4.2,,629,QD
van-ban-tong-hop,0630_QD_0000_DHKT.pdf,1,LOP CHU HONG,0.0000,DPE Build 5656,True,630,QD
van-ban-tong-hop,0630_QD_2018_NA.pdf,1,QUET,,,,630,QD
van-ban-tong-hop,0631_QD_0000_DHKT.pdf,1,LOP CHU HONG,0.0000,DPE Build 5656,True,631,QD
van-ban-tong-hop,0631_QD_0000_DHKT-2.pdf,1,LOP CHU HONG,0.0000,DPE Build 5656,True,631,QD
van-ban-tong-hop,0631_QD_2018_NA.pdf,2,QUET,,,,631,QD
van-ban-tong-hop,0632_QD_0000_DHKT.pdf,1,LOP CHU HONG,0.0000,DPE Build 5656,True,632,QD
van-ban-tong-hop,0632_QD_0000_DHKT-2.pdf,1,LOP CHU HONG,0.0000,DPE Build 5656,True,632,QD
van-ban-tong-hop,0632_QD_2018_NA.pdf,2,QUET,,,,632,QD
van-ban-tong-hop,0633_QD_0000_DHKT.pdf,1,LOP CHU HONG,0.0000,DPE Build 5656,True,633,QD
van-ban-tong-hop,0633_QD_0000_DHKT-2.pdf,1,LOP CHU HONG,0.0000,DPE Build 5656,True,633,QD
van-ban-tong-hop,0634_QD_0000_DHKT.pdf,1,LOP CHU HONG,0.0000,DPE Build 5656,True,634,QD
van-ban-tong-hop,0634_QD_0000_DHKT-2.pdf,2,LOP CHU HONG,0.0000,DPE Build 5656,True,634,QD
van-ban-tong-hop,0634_QD_2016_NA.pdf,3,QUET,,,,634,QD
van-ban-tong-hop,0635_QD_0000_DHKT.pdf,2,LOP CHU HONG,0.0000,DPE Build 5656,True,635,QD
van-ban-tong-hop,0635_QD_0000_DHKT-2.pdf,2,LOP CHU HONG,0.0000,DPE Build 5656,True,635,QD
van-ban-tong-hop,0635_QD_2016_NA.pdf,3,QUET,,,,635,QD
van-ban-tong-hop,0635_QD_2018_NA.pdf,1,QUET,,,,635,QD
van-ban-tong-hop,0635_QD_2022_NA.pdf,2,QUET,,PFU PDF Library 1.4.2,,635,QD
van-ban-tong-hop,0636_QD_0000_DHKT.pdf,6,LOP CHU HONG,0.0000,DPE Build 5656,True,636,QD
van-ban-tong-hop,0636_QD_0000_DHKT-2.pdf,2,LOP CHU HONG,0.0000,DPE Build 5656,True,636,QD
van-ban-tong-hop,0636_QD_2016_NA.pdf,3,QUET,,,,636,QD
van-ban-tong-hop,0636_QD_2023_NA.pdf,2,QUET,,PFUPDF Engine 1.2.0,,636,QD
van-ban-tong-hop,0637_QD_0000_DHKT.pdf,2,LOP CHU HONG,0.0000,DPE Build 5656,True,637,QD
van-ban-tong-hop,0637_QD_0000_DHKT-2.pdf,2,LOP CHU HONG,0.0000,DPE Build 5656,True,637,QD
van-ban-tong-hop,0637_QD_2016_NA.pdf,3,QUET,,,,637,QD
van-ban-tong-hop,0637_QD_2018_NA.pdf,2,QUET,,,,637,QD
van-ban-tong-hop,0637_QD_2023_NA.pdf,3,QUET,,PFUPDF Engine 1.2.0,,637,QD
van-ban-tong-hop,0638_QD_0000_DHKT.pdf,2,LOP CHU HONG,0.0000,DPE Build 5656,True,638,QD
van-ban-tong-hop,0638_QD_0000_DHKT-2.pdf,2,LOP CHU HONG,0.0000,DPE Build 5656,True,638,QD
van-ban-tong-hop,0639_QD_0000_DHKT.pdf,2,LOP CHU HONG,0.0000,DPE Build 5656,True,639,QD
van-ban-tong-hop,0639_QD_0000_DHKT-2.pdf,3,QUET,,,,639,QD
van-ban-tong-hop,0640_QD_0000_DHKT.pdf,2,LOP CHU HONG,0.0000,DPE Build 5656,True,640,QD
van-ban-tong-hop,0640_QD_0000_DHKT-2.pdf,2,LOP CHU HONG,0.0000,DPE Build 5656,True,640,QD
van-ban-tong-hop,0640_QD_2016_NA.pdf,6,QUET,,,,640,QD
van-ban-tong-hop,0640_QD_2023_NA.pdf,8,QUET,,PFUPDF Engine 1.2.0,,640,QD
van-ban-tong-hop,0641_QD_0000_DHKT.pdf,2,LOP CHU HONG,0.0000,DPE Build 5656,True,641,QD
van-ban-tong-hop,0641_QD_0000_DHKT-2.pdf,3,QUET,,,,641,QD
van-ban-tong-hop,0641_QD_2016_NA.pdf,4,QUET,,,,641,QD
van-ban-tong-hop,0642_QD_0000_DHKT.pdf,2,LOP CHU HONG,0.0000,DPE Build 5656,True,642,QD
van-ban-tong-hop,0642_QD_0000_DHKT-2.pdf,1,LOP CHU HONG,0.0000,DPE Build 5656,True,642,QD
van-ban-tong-hop,0642_QD_2016_NA.pdf,3,QUET,,,,642,QD
van-ban-tong-hop,0642_QD_2018_NA.pdf,1,QUET,,,,642,QD
van-ban-tong-hop,0643_QD_0000_DHKT.pdf,2,LOP CHU HONG,0.0000,DPE Build 5656,True,643,QD
van-ban-tong-hop,0643_QD_0000_DHKT-2.pdf,3,QUET,,,,643,QD
van-ban-tong-hop,0643_QD_2016_NA.pdf,2,QUET,,,,643,QD
van-ban-tong-hop,0644_QD_0000_DHKT.pdf,2,LOP CHU HONG,0.0000,DPE Build 5656,True,644,QD
van-ban-tong-hop,0644_QD_0000_DHKT-2.pdf,2,LOP CHU HONG,0.0000,DPE Build 5656,True,644,QD
van-ban-tong-hop,0644_QD_2016_NA.pdf,2,QUET,,,,644,QD
van-ban-tong-hop,0644_QD_2018_NA.pdf,2,QUET,,,,644,QD
van-ban-tong-hop,0645_QD_0000_DHKT.pdf,2,LOP CHU HONG,0.0000,DPE Build 5656,True,645,QD
van-ban-tong-hop,0645_QD_0000_DHKT-2.pdf,1,LOP CHU HONG,0.0000,DPE Build 5656,True,645,QD
van-ban-tong-hop,0645_QD_0000_NA.pdf,5,QUET,,,,645,QD
van-ban-tong-hop,0645_QD_2016_NA.pdf,2,QUET,,,,645,QD
van-ban-tong-hop,0645_QD_2018_NA.pdf,4,QUET,,,,645,QD
van-ban-tong-hop,0646_QD_0000_DHKT.pdf,2,LOP CHU HONG,0.0000,DPE Build 5656,True,646,QD
van-ban-tong-hop,0646_QD_0000_DHKT-2.pdf,2,LOP CHU HONG,0.0000,DPE Build 5656,True,646,QD
van-ban-tong-hop,0646_QD_2016_NA.pdf,3,QUET,,,,646,QD
van-ban-tong-hop,0647_QD_0000_DHKT.pdf,2,LOP CHU HONG,0.0000,DPE Build 5656,True,647,QD
van-ban-tong-hop,0647_QD_0000_DHKT-2.pdf,2,LOP CHU HONG,0.0000,DPE Build 5656,True,647,QD
van-ban-tong-hop,0647_QD_2016_NA.pdf,2,QUET,,,,647,QD
van-ban-tong-hop,0647_QD_2018_NA.pdf,7,QUET,,,,647,QD
van-ban-tong-hop,0648_QD_0000_DHKT.pdf,2,LOP CHU HONG,0.0000,DPE Build 5656,True,648,QD
van-ban-tong-hop,0648_QD_0000_DHKT-2.pdf,2,LOP CHU HONG,0.0000,DPE Build 5656,True,648,QD
van-ban-tong-hop,0648_QD_2016_NA.pdf,2,QUET,,,,648,QD
van-ban-tong-hop,0648_QD_2017_NA.pdf,2,QUET,,,,648,QD
van-ban-tong-hop,0648_QD_2018_NA.pdf,7,QUET,,,,648,QD
van-ban-tong-hop,0649_QD_0000_DHKT.pdf,2,LOP CHU HONG,0.0000,DPE Build 5656,True,649,QD
van-ban-tong-hop,0649_QD_0000_DHKT-2.pdf,2,LOP CHU HONG,0.0000,DPE Build 5656,True,649,QD
van-ban-tong-hop,0649_QD_2016_NA.pdf,2,QUET,,,,649,QD
van-ban-tong-hop,0649_QD_2017_NA.pdf,1,QUET,,,,649,QD
van-ban-tong-hop,0649_QD_2018_NA.pdf,7,QUET,,,,649,QD
van-ban-tong-hop,0650_QD_0000_DHKT.pdf,2,LOP CHU HONG,0.0000,DPE Build 5656,True,650,QD
van-ban-tong-hop,0650_QD_0000_DHKT-2.pdf,1,LOP CHU HONG,0.0000,DPE Build 5656,True,650,QD
van-ban-tong-hop,0650_QD_2016_NA.pdf,2,QUET,,,,650,QD
van-ban-tong-hop,0650_QD_2018_NA.pdf,7,QUET,,,,650,QD
van-ban-tong-hop,0651_QD_0000_DHKT.pdf,2,LOP CHU HONG,0.0000,DPE Build 5656,True,651,QD
van-ban-tong-hop,0651_QD_0000_DHKT-2.pdf,1,LOP CHU HONG,0.0000,DPE Build 5656,True,651,QD
van-ban-tong-hop,0651_QD_2016_NA.pdf,2,QUET,,,,651,QD
van-ban-tong-hop,0651_QD_2018_NA.pdf,7,QUET,,,,651,QD
van-ban-tong-hop,0651_QD_2022_NA.pdf,12,QUET,,PFU PDF Library 2.0.1,,651,QD
van-ban-tong-hop,0651_QD_2023_NA.pdf,4,QUET,,PFU PDF Library 1.4.2,,651,QD
van-ban-tong-hop,0652_QD_0000_DHKT.pdf,2,LOP CHU HONG,0.0000,DPE Build 5656,True,652,QD
van-ban-tong-hop,0652_QD_0000_DHKT-2.pdf,2,LOP CHU HONG,0.0000,DPE Build 5656,True,652,QD
van-ban-tong-hop,0652_QD_2016_NA.pdf,2,QUET,,,,652,QD
van-ban-tong-hop,0652_QD_2018_NA.pdf,7,QUET,,,,652,QD
van-ban-tong-hop,0652_QD_2023_NA.pdf,16,QUET,,PFU PDF Library 1.4.2,,652,QD
van-ban-tong-hop,0653_QD_0000_DHKT.pdf,2,LOP CHU HONG,0.0000,DPE Build 5656,True,653,QD
van-ban-tong-hop,0653_QD_0000_DHKT-2.pdf,1,LOP CHU HONG,0.0000,DPE Build 5656,True,653,QD
van-ban-tong-hop,0653_QD_2016_NA.pdf,3,QUET,,,,653,QD
van-ban-tong-hop,0653_QD_2018_NA.pdf,7,QUET,,,,653,QD
van-ban-tong-hop,0653_QD_2023_NA.pdf,2,QUET,,PFU PDF Library 1.4.2,,653,QD
van-ban-tong-hop,0654_QD_0000_DHKT.pdf,3,LOP CHU HONG,0.0000,DPE Build 5656,True,654,QD
van-ban-tong-hop,0654_QD_0000_DHKT-2.pdf,2,LOP CHU HONG,0.0000,DPE Build 5656,True,654,QD
van-ban-tong-hop,0654_QD_2016_NA.pdf,3,QUET,,,,654,QD
van-ban-tong-hop,0654_QD_2018_NA.pdf,7,QUET,,,,654,QD
van-ban-tong-hop,0655_QD_0000_DHKT.pdf,3,LOP CHU HONG,0.0000,DPE Build 5656,True,655,QD
van-ban-tong-hop,0655_QD_0000_DHKT-2.pdf,2,LOP CHU HONG,0.0000,DPE Build 5656,True,655,QD
van-ban-tong-hop,0655_QD_2016_NA.pdf,2,QUET,,,,655,QD
van-ban-tong-hop,0655_QD_2018_NA.pdf,4,QUET,,,,655,QD
van-ban-tong-hop,0656_QD_0000_DHKT.pdf,3,LOP CHU HONG,0.0000,DPE Build 5656,True,656,QD
van-ban-tong-hop,0656_QD_0000_DHKT-2.pdf,2,LOP CHU HONG,0.0000,DPE Build 5656,True,656,QD
van-ban-tong-hop,0656_QD_2016_NA.pdf,2,QUET,,,,656,QD
van-ban-tong-hop,0656_QD_2018_NA.pdf,6,QUET,,,,656,QD
van-ban-tong-hop,0657_QD_0000_DHKT.pdf,3,LOP CHU HONG,0.0000,DPE Build 5656,True,657,QD
van-ban-tong-hop,0657_QD_0000_DHKT-2.pdf,2,LOP CHU HONG,0.0000,DPE Build 5656,True,657,QD
van-ban-tong-hop,0657_QD_2016_NA.pdf,2,QUET,,,,657,QD
van-ban-tong-hop,0658_QD_0000_DHKT.pdf,1,LOP CHU HONG,0.0000,DPE Build 5656,True,658,QD
van-ban-tong-hop,0658_QD_0000_DHKT-2.pdf,2,LOP CHU HONG,0.0000,DPE Build 5656,True,658,QD
van-ban-tong-hop,0658_QD_2016_NA.pdf,2,QUET,,,,658,QD
van-ban-tong-hop,0658_QD_2022_NA.pdf,9,QUET,,PFU PDF Library 1.4.2,,658,QD
van-ban-tong-hop,0659_QD_0000_DHKT.pdf,2,LOP CHU HONG,0.0000,DPE Build 5656,True,659,QD
van-ban-tong-hop,0659_QD_0000_DHKT-2.pdf,3,LOP CHU HONG,0.0000,DPE Build 5656,True,659,QD
van-ban-tong-hop,0659_QD_0000_DHKT-3.pdf,2,LOP CHU HONG,0.0000,DPE Build 5656,True,659,QD
van-ban-tong-hop,0659_QD_2016_NA.pdf,2,QUET,,,,659,QD
van-ban-tong-hop,0659_QD_2023_NA.pdf,9,QUET,,PFU PDF Library 1.4.2,,659,QD
van-ban-tong-hop,0660_QD_0000_DHKT.pdf,1,LOP CHU HONG,0.0000,DPE Build 5656,True,660,QD
van-ban-tong-hop,0660_QD_2016_NA.pdf,2,QUET,,,,660,QD
van-ban-tong-hop,0661_QD_0000_DHKT.pdf,1,LOP CHU HONG,0.0000,DPE Build 5656,True,661,QD
van-ban-tong-hop,0661_QD_2016_NA.pdf,3,QUET,,,,661,QD
van-ban-tong-hop,0662_QD_0000_DHKT.pdf,2,LOP CHU HONG,0.0000,DPE Build 5656,True,662,QD
van-ban-tong-hop,0662_QD_0000_DHKT-2.pdf,2,LOP CHU HONG,0.0000,DPE Build 5656,True,662,QD
van-ban-tong-hop,0662_QD_2016_NA.pdf,2,QUET,,,,662,QD
van-ban-tong-hop,0663_QD_0000_DHKT.pdf,3,LOP CHU HONG,0.0000,DPE Build 5656,True,663,QD
van-ban-tong-hop,0663_QD_0000_DHKT-2.pdf,1,LOP CHU HONG,0.0000,DPE Build 5656,True,663,QD
van-ban-tong-hop,0663_QD_2016_NA.pdf,2,QUET,,,,663,QD
van-ban-tong-hop,0664_QD_0000_DHKT.pdf,5,LOP CHU HONG,0.0000,DPE Build 5656,True,664,QD
van-ban-tong-hop,0664_QD_0000_DHKT-2.pdf,5,LOP CHU HONG,0.0000,DPE Build 5656,True,664,QD
van-ban-tong-hop,0664_QD_0000_DHKT-3.pdf,1,LOP CHU HONG,0.0000,DPE Build 5656,True,664,QD
van-ban-tong-hop,0664_QD_2016_NA.pdf,2,QUET,,,,664,QD
van-ban-tong-hop,0665_QD_0000_DHKT.pdf,4,LOP CHU HONG,0.0000,DPE Build 5656,True,665,QD
van-ban-tong-hop,0665_QD_0000_DHKT-2.pdf,1,LOP CHU HONG,0.0000,DPE Build 5656,True,665,QD
van-ban-tong-hop,0665_QD_0000_DHKT-3.pdf,1,LOP CHU HONG,0.0000,DPE Build 5656,True,665,QD
van-ban-tong-hop,0665_QD_2016_NA.pdf,2,QUET,,,,665,QD
van-ban-tong-hop,0666_QD_0000_DHKT.pdf,4,LOP CHU HONG,0.0000,DPE Build 5656,True,666,QD
van-ban-tong-hop,0666_QD_0000_DHKT-2.pdf,2,LOP CHU HONG,0.0000,DPE Build 5656,True,666,QD
van-ban-tong-hop,0666_QD_2016_NA.pdf,2,QUET,,,,666,QD
van-ban-tong-hop,0667_QD_0000_DHKT.pdf,2,LOP CHU HONG,0.0000,DPE Build 5656,True,667,QD
van-ban-tong-hop,0667_QD_0000_DHKT-2.pdf,3,QUET,,,,667,QD
van-ban-tong-hop,0667_QD_2016_NA.pdf,3,QUET,,,,667,QD
van-ban-tong-hop,0668_QD_0000_DHKT.pdf,2,LOP CHU HONG,0.0000,DPE Build 5656,True,668,QD
van-ban-tong-hop,0668_QD_0000_DHKT-2.pdf,2,LOP CHU HONG,0.0000,DPE Build 5656,True,668,QD
van-ban-tong-hop,0668_QD_2016_NA.pdf,4,QUET,,,,668,QD
van-ban-tong-hop,0669_QD_0000_DHKT.pdf,2,LOP CHU HONG,0.0000,DPE Build 5656,True,669,QD
van-ban-tong-hop,0669_QD_0000_DHKT-2.pdf,2,LOP CHU HONG,0.0000,DPE Build 5656,True,669,QD
van-ban-tong-hop,0669_QD_2016_NA.pdf,5,QUET,,,,669,QD
van-ban-tong-hop,0670_QD_0000_DHKT.pdf,2,LOP CHU HONG,0.0000,DPE Build 5656,True,670,QD
van-ban-tong-hop,0670_QD_0000_DHKT-2.pdf,2,LOP CHU HONG,0.0000,DPE Build 5656,True,670,QD
van-ban-tong-hop,0671_QD_0000_DHKT.pdf,2,LOP CHU HONG,0.0000,DPE Build 5656,True,671,QD
van-ban-tong-hop,0671_QD_0000_DHKT-2.pdf,3,LOP CHU HONG,0.0000,DPE Build 5656,True,671,QD
van-ban-tong-hop,0672_QD_0000_DHKT.pdf,1,LOP CHU HONG,0.0000,DPE Build 5656,True,672,QD
van-ban-tong-hop,0672_QD_0000_NA.pdf,3,LOP CHU HONG,0.0000,DPE Build 5656,True,672,QD
van-ban-tong-hop,0672_QD_2016_NA.pdf,2,QUET,,,,672,QD
van-ban-tong-hop,0673_QD_0000_DHKT.pdf,3,LOP CHU HONG,0.0000,DPE Build 5656,True,673,QD
van-ban-tong-hop,0673_QD_0000_NA.pdf,3,LOP CHU HONG,0.0000,DPE Build 5656,True,673,QD
van-ban-tong-hop,0673_QD_2016_NA.pdf,2,QUET,,,,673,QD
van-ban-tong-hop,0674_QD_0000_DHKT.pdf,1,LOP CHU HONG,0.0000,DPE Build 5656,True,674,QD
van-ban-tong-hop,0674_QD_0000_NA.pdf,2,LOP CHU HONG,0.0000,DPE Build 5656,True,674,QD
van-ban-tong-hop,0675_QD_0000_DHKT.pdf,1,LOP CHU HONG,0.0000,DPE Build 5656,True,675,QD
van-ban-tong-hop,0675_QD_0000_NA.pdf,2,LOP CHU HONG,0.0000,DPE Build 5656,True,675,QD
van-ban-tong-hop,0675_QD_0000_NA-2.pdf,1,LOP CHU HONG,0.0000,DPE Build 5656,True,675,QD
van-ban-tong-hop,0675_QD_2019_NA.pdf,1,QUET,,PFU PDF Library 1.4.2,,675,QD
van-ban-tong-hop,0676_QD_0000_DHKT.pdf,1,LOP CHU HONG,0.0000,DPE Build 5656,True,676,QD
van-ban-tong-hop,0676_QD_0000_NA.pdf,2,LOP CHU HONG,0.0000,DPE Build 5656,True,676,QD
van-ban-tong-hop,0677_QD_0000_DHKT.pdf,1,LOP CHU HONG,0.0000,DPE Build 5656,True,677,QD
van-ban-tong-hop,0677_QD_0000_NA.pdf,2,LOP CHU HONG,0.0000,DPE Build 5656,True,677,QD
van-ban-tong-hop,0678_QD_0000_DHKT.pdf,2,LOP CHU HONG,0.0000,DPE Build 5656,True,678,QD
van-ban-tong-hop,0678_QD_0000_NA.pdf,2,LOP CHU HONG,0.0000,DPE Build 5656,True,678,QD
van-ban-tong-hop,0679_QD_0000_DHKT.pdf,1,LOP CHU HONG,0.0000,DPE Build 5656,True,679,QD
van-ban-tong-hop,0679_QD_0000_NA.pdf,2,LOP CHU HONG,0.0000,DPE Build 5656,True,679,QD
van-ban-tong-hop,0680_QD_0000_DHKT.pdf,1,LOP CHU HONG,0.0000,DPE Build 5656,True,680,QD
van-ban-tong-hop,0680_QD_0000_NA.pdf,2,LOP CHU HONG,0.0000,DPE Build 5656,True,680,QD
van-ban-tong-hop,0681_QD_0000_DHKT.pdf,1,LOP CHU HONG,0.0000,DPE Build 5656,True,681,QD
van-ban-tong-hop,0681_QD_0000_NA.pdf,3,LOP CHU HONG,0.0000,DPE Build 5656,True,681,QD
van-ban-tong-hop,0681_QD_2017_NA.pdf,9,QUET,,,,681,QD
van-ban-tong-hop,0682_QD_0000_DHKT.pdf,1,LOP CHU HONG,0.0000,DPE Build 5656,True,682,QD
van-ban-tong-hop,0682_QD_0000_NA.pdf,2,LOP CHU HONG,0.0000,DPE Build 5656,True,682,QD
van-ban-tong-hop,0683_QD_0000_DHKT.pdf,1,LOP CHU HONG,0.0000,DPE Build 5656,True,683,QD
van-ban-tong-hop,0683_QD_0000_NA.pdf,2,LOP CHU HONG,0.0000,DPE Build 5656,True,683,QD
van-ban-tong-hop,0683_QD_2017_NA.pdf,2,QUET,,,,683,QD
van-ban-tong-hop,0684_QD_0000_DHKT.pdf,1,LOP CHU HONG,0.0000,DPE Build 5656,True,684,QD
van-ban-tong-hop,0684_QD_0000_NA.pdf,3,LOP CHU HONG,0.0000,DPE Build 5656,True,684,QD
van-ban-tong-hop,0684_QD_2017_NA.pdf,2,QUET,,,,684,QD
van-ban-tong-hop,0685_QD_0000_DHKT.pdf,1,LOP CHU HONG,0.0000,DPE Build 5656,True,685,QD
van-ban-tong-hop,0685_QD_0000_NA.pdf,2,LOP CHU HONG,0.0000,DPE Build 5656,True,685,QD
van-ban-tong-hop,0686_QD_0000_DHKT.pdf,1,LOP CHU HONG,0.0000,DPE Build 5656,True,686,QD
van-ban-tong-hop,0686_QD_0000_NA.pdf,2,LOP CHU HONG,0.0000,DPE Build 5656,True,686,QD
van-ban-tong-hop,0686_QD_2017_NA.pdf,2,QUET,,,,686,QD
van-ban-tong-hop,0686_QD_2018_NA.pdf,3,QUET,,,,686,QD
van-ban-tong-hop,0687_QD_0000_DHKT.pdf,1,LOP CHU HONG,0.0000,DPE Build 5656,True,687,QD
van-ban-tong-hop,0687_QD_0000_NA.pdf,3,LOP CHU HONG,0.0000,DPE Build 5656,True,687,QD
van-ban-tong-hop,0688_QD_0000_DHKT.pdf,1,LOP CHU HONG,0.0000,DPE Build 5656,True,688,QD
van-ban-tong-hop,0688_QD_0000_NA.pdf,4,LOP CHU HONG,0.0000,DPE Build 5656,True,688,QD
van-ban-tong-hop,0689_QD_0000_DHKT.pdf,1,LOP CHU HONG,0.0000,DPE Build 5656,True,689,QD
van-ban-tong-hop,0689_QD_0000_DHKTDN.pdf,2,QUET,,PFUPDF Engine 1.2.0,,689,QD
van-ban-tong-hop,0689_QD_0000_NA.pdf,2,LOP CHU HONG,0.0000,DPE Build 5656,True,689,QD
van-ban-tong-hop,0690_QD_0000_DHKT.pdf,1,LOP CHU HONG,0.0000,DPE Build 5656,True,690,QD
van-ban-tong-hop,0690_QD_0000_NA.pdf,2,LOP CHU HONG,0.0000,DPE Build 5656,True,690,QD
van-ban-tong-hop,0690_QD_2018_NA.pdf,2,QUET,,,,690,QD
van-ban-tong-hop,0691_QD_0000_DHKT.pdf,1,LOP CHU HONG,0.0000,DPE Build 5656,True,691,QD
van-ban-tong-hop,0691_QD_0000_DHKT-2.pdf,1,LOP CHU HONG,0.0000,DPE Build 5656,True,691,QD
van-ban-tong-hop,0691_QD_0000_NA.pdf,4,LOP CHU HONG,0.0000,DPE Build 5656,True,691,QD
van-ban-tong-hop,0691_QD_2018_NA.pdf,1,QUET,,,,691,QD
van-ban-tong-hop,0692_QD_0000_DHKT.pdf,1,LOP CHU HONG,0.0000,DPE Build 5656,True,692,QD
van-ban-tong-hop,0692_QD_0000_NA.pdf,3,LOP CHU HONG,0.0000,DPE Build 5656,True,692,QD
van-ban-tong-hop,0693_QD_0000_DHKT.pdf,2,LOP CHU HONG,0.0000,DPE Build 5656,True,693,QD
van-ban-tong-hop,0693_QD_0000_NA.pdf,3,LOP CHU HONG,0.0000,DPE Build 5656,True,693,QD
van-ban-tong-hop,0693_QD_2016_NA.pdf,1,QUET,,,,693,QD
van-ban-tong-hop,0694_QD_0000_DHKT.pdf,2,LOP CHU HONG,0.0000,DPE Build 5656,True,694,QD
van-ban-tong-hop,0694_QD_0000_NA.pdf,2,LOP CHU HONG,0.0000,DPE Build 5656,True,694,QD
van-ban-tong-hop,0694_QD_2018_NA.pdf,7,QUET,,,,694,QD
van-ban-tong-hop,0695_QD_0000_DHKT.pdf,6,LOP CHU HONG,0.0000,DPE Build 5656,True,695,QD
van-ban-tong-hop,0695_QD_0000_NA.pdf,2,LOP CHU HONG,0.0000,DPE Build 5656,True,695,QD
van-ban-tong-hop,0695_QD_2018_NA.pdf,7,QUET,,,,695,QD
van-ban-tong-hop,0696_QD_0000_NA.pdf,2,LOP CHU HONG,0.0000,DPE Build 5656,True,696,QD
van-ban-tong-hop,0697_QD_0000_DHKT.pdf,2,LOP CHU HONG,0.0000,DPE Build 5656,True,697,QD
van-ban-tong-hop,0697_QD_0000_NA.pdf,2,LOP CHU HONG,0.0000,DPE Build 5656,True,697,QD
van-ban-tong-hop,0698_QD_0000_DHKT.pdf,1,LOP CHU HONG,0.0000,DPE Build 5656,True,698,QD
van-ban-tong-hop,0698_QD_0000_NA.pdf,1,LOP CHU HONG,0.0000,DPE Build 5656,True,698,QD
van-ban-tong-hop,0698_QD_2024_NA.pdf,13,QUET,,PFU PDF Library 1.4.2,,698,QD
van-ban-tong-hop,0699_QD_0000_DHKT.pdf,1,LOP CHU HONG,0.0000,DPE Build 5656,True,699,QD
van-ban-tong-hop,0700_QD_0000_DHKT.pdf,1,LOP CHU HONG,0.0000,DPE Build 5656,True,700,QD
van-ban-tong-hop,0700_QD_0000_NA.pdf,3,LOP CHU HONG,0.0000,DPE Build 5656,True,700,QD
van-ban-tong-hop,0700_QD_2024_NA.pdf,2,QUET,,PFU PDF Library 1.4.2,,700,QD
van-ban-tong-hop,0701_QD_0000_DHKT.pdf,3,LOP CHU HONG,0.0000,DPE Build 5656,True,701,QD
van-ban-tong-hop,0701_QD_0000_NA.pdf,2,LOP CHU HONG,0.0000,DPE Build 5656,True,701,QD
van-ban-tong-hop,0702_QD_0000_DHKT.pdf,4,LOP CHU HONG,0.0000,DPE Build 5656,True,702,QD
van-ban-tong-hop,0702_QD_0000_NA.pdf,2,LOP CHU HONG,0.0000,DPE Build 5656,True,702,QD
van-ban-tong-hop,0703_QD_0000_DHKT.pdf,4,LOP CHU HONG,0.0000,DPE Build 5656,True,703,QD
van-ban-tong-hop,0703_QD_0000_NA.pdf,3,LOP CHU HONG,0.0000,DPE Build 5656,True,703,QD
van-ban-tong-hop,0704_QD_0000_DHKT.pdf,1,LOP CHU HONG,0.0000,DPE Build 5656,True,704,QD
van-ban-tong-hop,0704_QD_0000_NA.pdf,1,LOP CHU HONG,0.0000,DPE Build 5656,True,704,QD
van-ban-tong-hop,0704_QD_2024_NA.pdf,2,QUET,,PFU PDF Library 1.4.2,,704,QD
van-ban-tong-hop,0705_QD_0000_DHKT.pdf,2,QUET,,,,705,QD
van-ban-tong-hop,0705_QD_0000_DHKT-2.pdf,2,LOP CHU HONG,0.0000,DPE Build 5656,True,705,QD
van-ban-tong-hop,0705_QD_2024_NA.pdf,2,QUET,,PFU PDF Library 1.4.2,,705,QD
van-ban-tong-hop,0706_QD_0000_DHKT.pdf,2,LOP CHU HONG,0.0000,DPE Build 5656,True,706,QD
van-ban-tong-hop,0706_QD_2024_NA.pdf,9,QUET,,PFUPDF Engine 1.2.0,,706,QD
van-ban-tong-hop,0707_QD_0000_DHKT.pdf,11,LOP CHU HONG,0.0000,DPE Build 5656,True,707,QD
van-ban-tong-hop,0707_QD_0000_DHKT-2.pdf,1,LOP CHU HONG,0.0000,DPE Build 5656,True,707,QD
van-ban-tong-hop,0707_QD_2018_NA.pdf,3,QUET,,,,707,QD
van-ban-tong-hop,0707_QD_2024_NA.pdf,18,QUET,,PFUPDF Engine 1.2.0,,707,QD
van-ban-tong-hop,0708_QD_0000_DHKT.pdf,2,LOP CHU HONG,0.0000,DPE Build 5656,True,708,QD
van-ban-tong-hop,0709_QD_0000_DHKT.pdf,3,LOP CHU HONG,0.0000,DPE Build 5656,True,709,QD
van-ban-tong-hop,0709_QD_0000_DHKT-2.pdf,1,LOP CHU HONG,0.0000,DPE Build 5656,True,709,QD
van-ban-tong-hop,0710_QD_0000_DHKT.pdf,2,LOP CHU HONG,0.0000,DPE Build 5656,True,710,QD
van-ban-tong-hop,0710_QD_0000_NA.pdf,3,LOP CHU HONG,0.0000,DPE Build 5656,True,710,QD
van-ban-tong-hop,0711_QD_0000_DHKT.pdf,3,QUET,,,,711,QD
van-ban-tong-hop,0711_QD_0000_NA.pdf,2,LOP CHU HONG,0.0000,DPE Build 5656,True,711,QD
van-ban-tong-hop,0712_QD_0000_DHKT.pdf,2,LOP CHU HONG,0.0000,DPE Build 5656,True,712,QD
van-ban-tong-hop,0712_QD_0000_NA.pdf,1,LOP CHU HONG,0.0000,DPE Build 5656,True,712,QD
van-ban-tong-hop,0712_QD_2016_NA.pdf,6,QUET,,,,712,QD
van-ban-tong-hop,0712_QD_2019_NA.pdf,15,QUET,,PFU PDF Library 1.4.2,,712,QD
van-ban-tong-hop,0713_QD_0000_DHKT.pdf,3,QUET,,,,713,QD
van-ban-tong-hop,0713_QD_0000_NA.pdf,1,LOP CHU HONG,0.0000,DPE Build 5656,True,713,QD
van-ban-tong-hop,0713_QD_2024_NA.pdf,2,QUET,,PFU PDF Library 1.4.2,,713,QD
van-ban-tong-hop,0714_QD_0000_DHKT.pdf,1,LOP CHU HONG,0.0000,DPE Build 5656,True,714,QD
van-ban-tong-hop,0714_QD_0000_NA.pdf,3,LOP CHU HONG,0.0000,DPE Build 5656,True,714,QD
van-ban-tong-hop,0714_QD_2018_NA.pdf,1,QUET,,,,714,QD
van-ban-tong-hop,0715_QD_0000_DHKT.pdf,3,QUET,,,,715,QD
van-ban-tong-hop,0715_QD_0000_NA.pdf,3,LOP CHU HONG,0.0000,DPE Build 5656,True,715,QD
van-ban-tong-hop,0716_QD_0000_DHKT.pdf,2,LOP CHU HONG,0.0000,DPE Build 5656,True,716,QD
van-ban-tong-hop,0716_QD_0000_DHKT-2.pdf,2,LOP CHU HONG,0.0000,DPE Build 5656,True,716,QD
van-ban-tong-hop,0716_QD_0000_NA.pdf,2,LOP CHU HONG,0.0000,DPE Build 5656,True,716,QD
van-ban-tong-hop,0716_QD_2018_NA.pdf,2,QUET,,,,716,QD
van-ban-tong-hop,0717_QD_0000_DHKT.pdf,2,LOP CHU HONG,0.0000,DPE Build 5656,True,717,QD
van-ban-tong-hop,0717_QD_0000_NA.pdf,2,LOP CHU HONG,0.0000,DPE Build 5656,True,717,QD
van-ban-tong-hop,0717_QD_2025_NA.pdf,3,QUET,,PFUPDF Engine 1.2.0,,717,QD
van-ban-tong-hop,0718_QD_0000_DHKT.pdf,2,LOP CHU HONG,0.0000,DPE Build 5656,True,718,QD
van-ban-tong-hop,0718_QD_0000_NA.pdf,2,LOP CHU HONG,0.0000,DPE Build 5656,True,718,QD
van-ban-tong-hop,0718_QD_2018_NA.pdf,1,QUET,,,,718,QD
van-ban-tong-hop,0719_QD_0000_DHKT.pdf,2,LOP CHU HONG,0.0000,DPE Build 5656,True,719,QD
van-ban-tong-hop,0719_QD_0000_NA.pdf,2,LOP CHU HONG,0.0000,DPE Build 5656,True,719,QD
van-ban-tong-hop,0720_QD_0000_DHKT.pdf,2,LOP CHU HONG,0.0000,DPE Build 5656,True,720,QD
van-ban-tong-hop,0720_QD_0000_NA.pdf,2,LOP CHU HONG,0.0000,DPE Build 5656,True,720,QD
van-ban-tong-hop,0721_QD_0000_DHKT.pdf,2,LOP CHU HONG,0.0000,DPE Build 5656,True,721,QD
van-ban-tong-hop,0721_QD_0000_NA.pdf,2,LOP CHU HONG,0.0000,DPE Build 5656,True,721,QD
van-ban-tong-hop,0722_QD_0000_DHKT.pdf,2,LOP CHU HONG,0.0000,DPE Build 5656,True,722,QD
van-ban-tong-hop,0722_QD_0000_NA.pdf,2,LOP CHU HONG,0.0000,DPE Build 5656,True,722,QD
van-ban-tong-hop,0723_QD_0000_DHKT.pdf,2,LOP CHU HONG,0.0000,DPE Build 5656,True,723,QD
van-ban-tong-hop,0723_QD_0000_NA.pdf,2,LOP CHU HONG,0.0000,DPE Build 5656,True,723,QD
van-ban-tong-hop,0723_QD_2019_NA.pdf,2,QUET,,PFU PDF Library 1.4.2,,723,QD
van-ban-tong-hop,0724_QD_0000_DHKT.pdf,2,LOP CHU HONG,0.0000,DPE Build 5656,True,724,QD
van-ban-tong-hop,0724_QD_0000_NA.pdf,2,LOP CHU HONG,0.0000,DPE Build 5656,True,724,QD
van-ban-tong-hop,0725_QD_0000_DHKT.pdf,1,LOP CHU HONG,0.0000,DPE Build 5656,True,725,QD
van-ban-tong-hop,0725_QD_0000_NA.pdf,2,LOP CHU HONG,0.0000,DPE Build 5656,True,725,QD
van-ban-tong-hop,0725_QD_2018_NA.pdf,3,QUET,,,,725,QD
van-ban-tong-hop,0726_QD_0000_DHKT.pdf,2,LOP CHU HONG,0.0000,DPE Build 5656,True,726,QD
van-ban-tong-hop,0726_QD_0000_NA.pdf,2,LOP CHU HONG,0.0000,DPE Build 5656,True,726,QD
van-ban-tong-hop,0726_QD_2018_NA.pdf,3,QUET,,,,726,QD
van-ban-tong-hop,0727_QD_0000_DHKT.pdf,1,QUET,,,,727,QD
van-ban-tong-hop,0727_QD_0000_NA.pdf,2,LOP CHU HONG,0.0000,DPE Build 5656,True,727,QD
van-ban-tong-hop,0727_QD_2018_NA.pdf,3,QUET,,,,727,QD
van-ban-tong-hop,0728_QD_0000_DHKT.pdf,2,LOP CHU HONG,0.0000,DPE Build 5656,True,728,QD
van-ban-tong-hop,0728_QD_0000_NA.pdf,2,LOP CHU HONG,0.0000,DPE Build 5656,True,728,QD
van-ban-tong-hop,0728_QD_2018_NA.pdf,3,QUET,,,,728,QD
van-ban-tong-hop,0729_QD_0000_DHKT.pdf,2,LOP CHU HONG,0.0000,DPE Build 5656,True,729,QD
van-ban-tong-hop,0729_QD_0000_NA.pdf,1,LOP CHU HONG,0.0000,DPE Build 5656,True,729,QD
van-ban-tong-hop,0729_QD_2018_NA.pdf,2,QUET,,,,729,QD
van-ban-tong-hop,0730_QD_0000_DHKT.pdf,2,LOP CHU HONG,0.0000,DPE Build 5656,True,730,QD
van-ban-tong-hop,0730_QD_0000_NA.pdf,1,LOP CHU HONG,0.0000,DPE Build 5656,True,730,QD
van-ban-tong-hop,0730_QD_2018_NA.pdf,3,QUET,,,,730,QD
van-ban-tong-hop,0731_QD_0000_DHKT.pdf,2,LOP CHU HONG,0.0000,DPE Build 5656,True,731,QD
van-ban-tong-hop,0731_QD_0000_NA.pdf,1,LOP CHU HONG,0.0000,DPE Build 5656,True,731,QD
van-ban-tong-hop,0732_QD_0000_DHKT.pdf,2,LOP CHU HONG,0.0000,DPE Build 5656,True,732,QD
van-ban-tong-hop,0732_QD_0000_NA.pdf,1,LOP CHU HONG,0.0000,DPE Build 5656,True,732,QD
van-ban-tong-hop,0733_QD_0000_DHKT.pdf,2,LOP CHU HONG,0.0000,DPE Build 5656,True,733,QD
van-ban-tong-hop,0733_QD_0000_NA.pdf,2,LOP CHU HONG,0.0000,DPE Build 5656,True,733,QD
van-ban-tong-hop,0734_QD_0000_DHKT.pdf,2,LOP CHU HONG,0.0000,DPE Build 5656,True,734,QD
van-ban-tong-hop,0734_QD_0000_NA.pdf,3,LOP CHU HONG,0.0000,DPE Build 5656,True,734,QD
van-ban-tong-hop,0735_QD_0000_DHKT.pdf,2,LOP CHU HONG,0.0000,DPE Build 5656,True,735,QD
van-ban-tong-hop,0735_QD_0000_NA.pdf,2,LOP CHU HONG,0.0000,DPE Build 5656,True,735,QD
van-ban-tong-hop,0736_QD_0000_DHKT.pdf,2,LOP CHU HONG,0.0000,DPE Build 5656,True,736,QD
van-ban-tong-hop,0736_QD_0000_NA.pdf,2,LOP CHU HONG,0.0000,DPE Build 5656,True,736,QD
van-ban-tong-hop,0737_QD_0000_DHKT.pdf,2,LOP CHU HONG,0.0000,DPE Build 5656,True,737,QD
van-ban-tong-hop,0737_QD_0000_NA.pdf,2,LOP CHU HONG,0.0000,DPE Build 5656,True,737,QD
van-ban-tong-hop,0738_QD_0000_DHKT.pdf,2,LOP CHU HONG,0.0000,DPE Build 5656,True,738,QD
van-ban-tong-hop,0738_QD_0000_NA.pdf,1,LOP CHU HONG,0.0000,DPE Build 5656,True,738,QD
van-ban-tong-hop,0738_QD_2024_NA.pdf,12,QUET,,PFUPDF Engine 1.2.0,,738,QD
van-ban-tong-hop,0739_QD_0000_DHKT.pdf,1,LOP CHU HONG,0.0000,DPE Build 5656,True,739,QD
van-ban-tong-hop,0739_QD_0000_NA.pdf,2,LOP CHU HONG,0.0000,DPE Build 5656,True,739,QD
van-ban-tong-hop,0739_QD_2017_NA.pdf,1,QUET,,,,739,QD
van-ban-tong-hop,0739_QD_2018_NA.pdf,1,QUET,,,,739,QD
van-ban-tong-hop,0740_QD_0000_DHKT.pdf,1,LOP CHU HONG,0.0000,DPE Build 5656,True,740,QD
van-ban-tong-hop,0741_QD_0000_DHKT.pdf,1,LOP CHU HONG,0.0000,DPE Build 5656,True,741,QD
van-ban-tong-hop,0741_QD_0000_NA.pdf,6,QUET,,,,741,QD
van-ban-tong-hop,0742_QD_0000_DHKT.pdf,1,LOP CHU HONG,0.0000,DPE Build 5656,True,742,QD
van-ban-tong-hop,0742_QD_0000_NA.pdf,5,QUET,,,,742,QD
van-ban-tong-hop,0742_QD_2025_NA.pdf,14,QUET,,PFUPDF Engine 1.2.0,,742,QD
van-ban-tong-hop,0743_QD_0000_DHKT.pdf,1,LOP CHU HONG,0.0000,DPE Build 5656,True,743,QD
van-ban-tong-hop,0743_QD_0000_NA.pdf,2,QUET,,,,743,QD
van-ban-tong-hop,0743_QD_2025_NA.pdf,9,QUET,,PFUPDF Engine 1.2.0,,743,QD
van-ban-tong-hop,0744_QD_0000_DHKT.pdf,1,LOP CHU HONG,0.0000,DPE Build 5656,True,744,QD
van-ban-tong-hop,0744_QD_0000_NA.pdf,2,QUET,,,,744,QD
van-ban-tong-hop,0744_QD_2025_NA.pdf,2,QUET,,PFUPDF Engine 1.2.0,,744,QD
van-ban-tong-hop,0745_QD_0000_DHKT.pdf,1,LOP CHU HONG,0.0000,DPE Build 5656,True,745,QD
van-ban-tong-hop,0745_QD_2025_NA.pdf,3,QUET,,PFUPDF Engine 1.2.0,,745,QD
van-ban-tong-hop,0746_QD_0000_DHKT.pdf,1,LOP CHU HONG,0.0000,DPE Build 5656,True,746,QD
van-ban-tong-hop,0747_QD_0000_DHKT.pdf,1,LOP CHU HONG,0.0000,DPE Build 5656,True,747,QD
van-ban-tong-hop,0748_QD_0000_DHKT.pdf,1,LOP CHU HONG,0.0000,DPE Build 5656,True,748,QD
van-ban-tong-hop,0749_QD_0000_DHKT.pdf,1,LOP CHU HONG,0.0000,DPE Build 5656,True,749,QD
van-ban-tong-hop,0749_QD_0000_NA.pdf,1,LOP CHU HONG,0.0000,DPE Build 5656,True,749,QD
van-ban-tong-hop,0749_QD_2021_NA.pdf,16,QUET,,PFU PDF Library 1.4.2,,749,QD
van-ban-tong-hop,0750_QD_0000_DHKT.pdf,1,LOP CHU HONG,0.0000,DPE Build 5656,True,750,QD
van-ban-tong-hop,0750_QD_0000_NA.pdf,1,LOP CHU HONG,0.0000,DPE Build 5656,True,750,QD
van-ban-tong-hop,0751_QD_0000_DHKT.pdf,1,LOP CHU HONG,0.0000,DPE Build 5656,True,751,QD
van-ban-tong-hop,0751_QD_0000_NA.pdf,1,LOP CHU HONG,0.0000,DPE Build 5656,True,751,QD
van-ban-tong-hop,0752_QD_0000_DHKT.pdf,1,LOP CHU HONG,0.0000,DPE Build 5656,True,752,QD
van-ban-tong-hop,0752_QD_0000_NA.pdf,1,LOP CHU HONG,0.0000,DPE Build 5656,True,752,QD
van-ban-tong-hop,0753_QD_0000_DHKT.pdf,1,LOP CHU HONG,0.0000,DPE Build 5656,True,753,QD
van-ban-tong-hop,0753_QD_0000_NA.pdf,1,LOP CHU HONG,0.0000,DPE Build 5656,True,753,QD
van-ban-tong-hop,0754_QD_0000_DHKT.pdf,1,LOP CHU HONG,0.0000,DPE Build 5656,True,754,QD
van-ban-tong-hop,0754_QD_0000_NA.pdf,1,LOP CHU HONG,0.0000,DPE Build 5656,True,754,QD
van-ban-tong-hop,0755_QD_0000_NA.pdf,3,LOP CHU HONG,0.0000,DPE Build 5656,True,755,QD
van-ban-tong-hop,0755_QD_2025_DHKTDN.pdf,2,QUET,,PFU PDF Library 1.4.2,,755,QD
van-ban-tong-hop,0756_QD_0000_DHKT.pdf,1,LOP CHU HONG,0.0000,DPE Build 5656,True,756,QD
van-ban-tong-hop,0756_QD_0000_NA.pdf,2,LOP CHU HONG,0.0000,DPE Build 5656,True,756,QD
van-ban-tong-hop,0757_QD_0000_DHKT.pdf,1,LOP CHU HONG,0.0000,DPE Build 5656,True,757,QD
van-ban-tong-hop,0757_QD_0000_NA.pdf,4,LOP CHU HONG,0.0000,DPE Build 5656,True,757,QD
van-ban-tong-hop,0758_QD_0000_DHKT.pdf,1,LOP CHU HONG,0.0000,DPE Build 5656,True,758,QD
van-ban-tong-hop,0758_QD_0000_NA.pdf,1,LOP CHU HONG,0.0000,DPE Build 5656,True,758,QD
van-ban-tong-hop,0759_QD_0000_DHKT.pdf,1,LOP CHU HONG,0.0000,DPE Build 5656,True,759,QD
van-ban-tong-hop,0759_QD_0000_NA.pdf,1,LOP CHU HONG,0.0000,DPE Build 5656,True,759,QD
van-ban-tong-hop,0760_QD_0000_DHKT.pdf,1,LOP CHU HONG,0.0000,DPE Build 5656,True,760,QD
van-ban-tong-hop,0760_QD_0000_NA.pdf,1,LOP CHU HONG,0.0000,DPE Build 5656,True,760,QD
van-ban-tong-hop,0761_QD_0000_DHKT.pdf,1,LOP CHU HONG,0.0000,DPE Build 5656,True,761,QD
van-ban-tong-hop,0761_QD_0000_NA.pdf,2,LOP CHU HONG,0.0000,DPE Build 5656,True,761,QD
van-ban-tong-hop,0762_QD_0000_DHKT.pdf,1,LOP CHU HONG,0.0000,DPE Build 5656,True,762,QD
van-ban-tong-hop,0762_QD_0000_NA.pdf,2,LOP CHU HONG,0.0000,DPE Build 5656,True,762,QD
van-ban-tong-hop,0763_QD_0000_DHKT.pdf,1,LOP CHU HONG,0.0000,DPE Build 5656,True,763,QD
van-ban-tong-hop,0763_QD_0000_NA.pdf,3,QUET,,,,763,QD
van-ban-tong-hop,0764_QD_0000_DHKT.pdf,1,LOP CHU HONG,0.0000,DPE Build 5656,True,764,QD
van-ban-tong-hop,0764_QD_0000_NA.pdf,3,QUET,,,,764,QD
van-ban-tong-hop,0765_QD_0000_DHKT.pdf,1,LOP CHU HONG,0.0000,DPE Build 5656,True,765,QD
van-ban-tong-hop,0765_QD_0000_NA.pdf,1,LOP CHU HONG,0.0000,DPE Build 5656,True,765,QD
van-ban-tong-hop,0766_QD_0000_DHKT.pdf,1,LOP CHU HONG,0.0000,DPE Build 5656,True,766,QD
van-ban-tong-hop,0766_QD_0000_NA.pdf,1,LOP CHU HONG,0.0000,DPE Build 5656,True,766,QD
van-ban-tong-hop,0767_QD_0000_DHKT.pdf,1,LOP CHU HONG,0.0000,DPE Build 5656,True,767,QD
van-ban-tong-hop,0767_QD_0000_NA.pdf,1,LOP CHU HONG,0.0000,DPE Build 5656,True,767,QD
van-ban-tong-hop,0768_QD_0000_DHKT.pdf,1,LOP CHU HONG,0.0000,DPE Build 5656,True,768,QD
van-ban-tong-hop,0768_QD_0000_NA.pdf,1,LOP CHU HONG,0.0000,DPE Build 5656,True,768,QD
van-ban-tong-hop,0769_QD_0000_DHKT.pdf,1,LOP CHU HONG,0.0000,DPE Build 5656,True,769,QD
van-ban-tong-hop,0770_QD_0000_DHKT.pdf,1,LOP CHU HONG,0.0000,DPE Build 5656,True,770,QD
van-ban-tong-hop,0770_QD_0000_NA.pdf,1,LOP CHU HONG,0.0000,DPE Build 5656,True,770,QD
van-ban-tong-hop,0771_QD_0000_DHKT.pdf,1,LOP CHU HONG,0.0000,DPE Build 5656,True,771,QD
van-ban-tong-hop,0772_QD_0000_DHKT.pdf,1,LOP CHU HONG,0.0000,DPE Build 5656,True,772,QD
van-ban-tong-hop,0773_QD_0000_DHKT.pdf,1,LOP CHU HONG,0.0000,DPE Build 5656,True,773,QD
van-ban-tong-hop,0774_QD_0000_NA.pdf,1,LOP CHU HONG,0.0000,DPE Build 5656,True,774,QD
van-ban-tong-hop,0775_QD_0000_DHKT.pdf,1,LOP CHU HONG,0.0000,DPE Build 5656,True,775,QD
van-ban-tong-hop,0776_QD_0000_DHKT.pdf,1,LOP CHU HONG,0.0000,DPE Build 5656,True,776,QD
van-ban-tong-hop,0777_QD_0000_DHKT.pdf,1,LOP CHU HONG,0.0000,DPE Build 5656,True,777,QD
van-ban-tong-hop,0777_QD_0000_NA.pdf,2,LOP CHU HONG,0.0000,DPE Build 5656,True,777,QD
van-ban-tong-hop,0778_QD_0000_DHKT.pdf,1,LOP CHU HONG,0.0000,DPE Build 5656,True,778,QD
van-ban-tong-hop,0779_QD_0000_DHKT.pdf,1,LOP CHU HONG,0.0000,DPE Build 5656,True,779,QD
van-ban-tong-hop,0780_QD_0000_DHKT.pdf,1,LOP CHU HONG,0.0000,DPE Build 5656,True,780,QD
van-ban-tong-hop,0781_QD_0000_DHKT.pdf,1,LOP CHU HONG,0.0000,DPE Build 5656,True,781,QD
van-ban-tong-hop,0781_QD_2025_NA.pdf,4,QUET,,PFUPDF Engine 1.2.0,,781,QD
van-ban-tong-hop,0782_QD_0000_DHKT.pdf,1,LOP CHU HONG,0.0000,DPE Build 5656,True,782,QD
van-ban-tong-hop,0782_QD_2017_NA.pdf,4,QUET,,,,782,QD
van-ban-tong-hop,0783_QD_0000_DHKT.pdf,1,LOP CHU HONG,0.0000,DPE Build 5656,True,783,QD
van-ban-tong-hop,0783_QD_2017_NA.pdf,2,QUET,,,,783,QD
van-ban-tong-hop,0784_QD_0000_DHKT.pdf,3,LOP CHU HONG,0.0000,DPE Build 5656,True,784,QD
van-ban-tong-hop,0785_QD_0000_DHKT.pdf,25,QUET,,,,785,QD
van-ban-tong-hop,0786_QD_0000_DHKT.pdf,6,QUET,,,,786,QD
van-ban-tong-hop,0787_QD_0000_DHKT.pdf,7,QUET,,,,787,QD
van-ban-tong-hop,0788_QD_0000_DHKT.pdf,1,LOP CHU HONG,0.0000,DPE Build 5656,True,788,QD
van-ban-tong-hop,0789_QD_0000_DHKT.pdf,1,LOP CHU HONG,0.0000,DPE Build 5656,True,789,QD
van-ban-tong-hop,0790_QD_0000_DHKT.pdf,1,LOP CHU HONG,0.0000,DPE Build 5656,True,790,QD
van-ban-tong-hop,0791_QD_0000_DHKT.pdf,1,LOP CHU HONG,0.0000,DPE Build 5656,True,791,QD
van-ban-tong-hop,0792_QD_0000_DHKT.pdf,1,LOP CHU HONG,0.0000,DPE Build 5656,True,792,QD
van-ban-tong-hop,0793_QD_0000_DHKT.pdf,1,LOP CHU HONG,0.0000,DPE Build 5656,True,793,QD
van-ban-tong-hop,0794_QD_0000_DHKT.pdf,1,LOP CHU HONG,0.0000,DPE Build 5656,True,794,QD
van-ban-tong-hop,0795_QD_0000_DHKT.pdf,8,LOP CHU HONG,0.0000,DPE Build 5656,True,795,QD
van-ban-tong-hop,0796_QD_0000_DHKT.pdf,2,LOP CHU HONG,0.0000,DPE Build 5656,True,796,QD
van-ban-tong-hop,0797_QD_0000_DHKT.pdf,2,LOP CHU HONG,0.0000,DPE Build 5656,True,797,QD
van-ban-tong-hop,0798_QD_0000_DHKT.pdf,1,LOP CHU HONG,0.0000,DPE Build 5656,True,798,QD
van-ban-tong-hop,0799_QD_0000_DHKT.pdf,1,LOP CHU HONG,0.0000,DPE Build 5656,True,799,QD
van-ban-tong-hop,0800_QD_0000_DHKT.pdf,1,LOP CHU HONG,0.0000,DPE Build 5656,True,800,QD
van-ban-tong-hop,0801_QD_0000_DHKT.pdf,2,LOP CHU HONG,0.0000,DPE Build 5656,True,801,QD
van-ban-tong-hop,0802_QD_0000_DHKT.pdf,2,LOP CHU HONG,0.0000,DPE Build 5656,True,802,QD
van-ban-tong-hop,0803_QD_0000_DHKT.pdf,3,QUET,,,,803,QD
van-ban-tong-hop,0804_QD_0000_DHKT.pdf,2,LOP CHU HONG,0.0000,DPE Build 5656,True,804,QD
van-ban-tong-hop,0804_QD_2018_NA.pdf,4,QUET,,,,804,QD
van-ban-tong-hop,0805_QD_0000_DHKT.pdf,2,LOP CHU HONG,0.0000,DPE Build 5656,True,805,QD
van-ban-tong-hop,0805_QD_2018_NA.pdf,2,QUET,,,,805,QD
van-ban-tong-hop,0806_QD_0000_DHKT.pdf,2,LOP CHU HONG,0.0000,DPE Build 5656,True,806,QD
van-ban-tong-hop,0807_QD_0000_DHKT.pdf,2,LOP CHU HONG,0.0000,DPE Build 5656,True,807,QD
van-ban-tong-hop,0807_QD_2018_NA.pdf,1,QUET,,,,807,QD
van-ban-tong-hop,0807_QD_2025_NA.pdf,4,QUET,,PFUPDF Engine 1.2.0,,807,QD
van-ban-tong-hop,0808_QD_0000_DHKT.pdf,8,QUET,,,,808,QD
van-ban-tong-hop,0808_QD_0000_NA.pdf,1,LOP CHU HONG,0.0000,DPE Build 5656,True,808,QD
van-ban-tong-hop,0808_QD_2025_NA.pdf,4,QUET,,PFUPDF Engine 1.2.0,,808,QD
van-ban-tong-hop,0809_QD_0000_DHKT.pdf,2,LOP CHU HONG,0.0000,DPE Build 5656,True,809,QD
van-ban-tong-hop,0809_QD_2025_NA.pdf,2,QUET,,PFUPDF Engine 1.2.0,,809,QD
van-ban-tong-hop,0810_QD_2025_NA.pdf,4,QUET,,PFUPDF Engine 1.2.0,,810,QD
van-ban-tong-hop,0811_QD_0000_DHKT.pdf,1,LOP CHU HONG,0.0000,DPE Build 5656,True,811,QD
van-ban-tong-hop,0811_QD_2025_NA.pdf,4,QUET,,PFUPDF Engine 1.2.0,,811,QD
van-ban-tong-hop,0812_QD_0000_DHKT.pdf,1,LOP CHU HONG,0.0000,DPE Build 5656,True,812,QD
van-ban-tong-hop,0812_QD_2018_NA.pdf,1,QUET,,,,812,QD
van-ban-tong-hop,0812_QD_2025_NA.pdf,4,QUET,,PFUPDF Engine 1.2.0,,812,QD
van-ban-tong-hop,0813_QD_0000_DHKT.pdf,1,LOP CHU HONG,0.0000,DPE Build 5656,True,813,QD
van-ban-tong-hop,0813_QD_2025_NA.pdf,4,QUET,,PFUPDF Engine 1.2.0,,813,QD
van-ban-tong-hop,0814_QD_0000_DHKT.pdf,1,LOP CHU HONG,0.0000,DPE Build 5656,True,814,QD
van-ban-tong-hop,0814_QD_2018_NA.pdf,1,QUET,,,,814,QD
van-ban-tong-hop,0814_QD_2025_NA.pdf,4,QUET,,PFUPDF Engine 1.2.0,,814,QD
van-ban-tong-hop,0815_QD_0000_DHKT.pdf,2,LOP CHU HONG,0.0000,DPE Build 5656,True,815,QD
van-ban-tong-hop,0815_QD_2018_NA.pdf,1,QUET,,,,815,QD
van-ban-tong-hop,0816_QD_0000_DHKT.pdf,1,LOP CHU HONG,0.0000,DPE Build 5656,True,816,QD
van-ban-tong-hop,0816_QD_2018_NA.pdf,1,QUET,,,,816,QD
van-ban-tong-hop,0817_QD_0000_DHKT.pdf,10,QUET,,,,817,QD
van-ban-tong-hop,0818_QD_0000_DHKT.pdf,1,LOP CHU HONG,0.0000,DPE Build 5656,True,818,QD
van-ban-tong-hop,0819_QD_0000_DHKT.pdf,2,LOP CHU HONG,0.0000,DPE Build 5656,True,819,QD
van-ban-tong-hop,0820_QD_0000_DHKT.pdf,2,LOP CHU HONG,0.0000,DPE Build 5656,True,820,QD
van-ban-tong-hop,0821_QD_0000_DHKT.pdf,2,LOP CHU HONG,0.0000,DPE Build 5656,True,821,QD
van-ban-tong-hop,0822_QD_0000_DHKT.pdf,2,LOP CHU HONG,0.0000,DPE Build 5656,True,822,QD
van-ban-tong-hop,0823_QD_0000_DHKT.pdf,1,LOP CHU HONG,0.0000,DPE Build 5656,True,823,QD
van-ban-tong-hop,0824_QD_0000_DHKT.pdf,3,QUET,,,,824,QD
van-ban-tong-hop,0825_QD_0000_DHKT.pdf,5,LOP CHU HONG,0.0000,DPE Build 5656,True,825,QD
van-ban-tong-hop,0826_QD_0000_DHKT.pdf,3,LOP CHU HONG,0.0000,DPE Build 5656,True,826,QD
van-ban-tong-hop,0827_QD_0000_DHKT.pdf,4,LOP CHU HONG,0.0000,DPE Build 5656,True,827,QD
van-ban-tong-hop,0828_QD_0000_DHKT.pdf,2,LOP CHU HONG,0.0000,DPE Build 5656,True,828,QD
van-ban-tong-hop,0829_QD_0000_DHKT.pdf,2,LOP CHU HONG,0.0000,DPE Build 5656,True,829,QD
van-ban-tong-hop,0830_QD_0000_DHKT.pdf,2,QUET,,,,830,QD
van-ban-tong-hop,0831_QD_0000_DHKT.pdf,8,QUET,,,,831,QD
van-ban-tong-hop,0832_QD_0000_DHKT.pdf,13,QUET,,,,832,QD
van-ban-tong-hop,0833_QD_0000_DHKT.pdf,12,QUET,,,,833,QD
van-ban-tong-hop,0834_QD_0000_DHKT.pdf,9,QUET,,,,834,QD
van-ban-tong-hop,0835_QD_0000_DHKT.pdf,2,QUET,,,,835,QD
van-ban-tong-hop,0835_QD_2018_NA.pdf,1,QUET,,,,835,QD
van-ban-tong-hop,0836_QD_0000_DHKT.pdf,2,LOP CHU HONG,0.0000,DPE Build 5656,True,836,QD
van-ban-tong-hop,0837_QD_0000_DHKT.pdf,2,LOP CHU HONG,0.0000,DPE Build 5656,True,837,QD
van-ban-tong-hop,0839_QD_0000_DHKT.pdf,1,LOP CHU HONG,0.0000,DPE Build 5656,True,839,QD
van-ban-tong-hop,0840_QD_0000_DHKT.pdf,4,QUET,,,,840,QD
van-ban-tong-hop,0841_QD_0000_DHKT.pdf,1,LOP CHU HONG,0.0000,DPE Build 5656,True,841,QD
van-ban-tong-hop,0842_QD_0000_DHKT.pdf,4,QUET,,,,842,QD
van-ban-tong-hop,0843_QD_0000_DHKT.pdf,1,LOP CHU HONG,0.0000,DPE Build 5656,True,843,QD
van-ban-tong-hop,0844_QD_0000_DHKT.pdf,2,LOP CHU HONG,0.0000,DPE Build 5656,True,844,QD
van-ban-tong-hop,0845_QD_0000_DHKT.pdf,2,LOP CHU HONG,0.0000,DPE Build 5656,True,845,QD
van-ban-tong-hop,0845_QD_2018_NA.pdf,15,QUET,,,,845,QD
van-ban-tong-hop,0846_QD_0000_DHKT.pdf,2,LOP CHU HONG,0.0000,DPE Build 5656,True,846,QD
van-ban-tong-hop,0847_QD_0000_DHKT.pdf,8,QUET,,,,847,QD
van-ban-tong-hop,0848_QD_0000_DHKT.pdf,1,LOP CHU HONG,0.0000,DPE Build 5656,True,848,QD
van-ban-tong-hop,0849_QD_0000_DHKT.pdf,1,LOP CHU HONG,0.0000,DPE Build 5656,True,849,QD
van-ban-tong-hop,0850_QD_0000_DHKT.pdf,1,LOP CHU HONG,0.0000,DPE Build 5656,True,850,QD
van-ban-tong-hop,0852_QD_0000_DHKT.pdf,4,LOP CHU HONG,0.0000,DPE Build 5656,True,852,QD
van-ban-tong-hop,0853_QD_0000_DHKT.pdf,2,LOP CHU HONG,0.0000,DPE Build 5656,True,853,QD
van-ban-tong-hop,0854_QD_0000_DHKT.pdf,2,LOP CHU HONG,0.0000,DPE Build 5656,True,854,QD
van-ban-tong-hop,0855_QD_0000_DHKT.pdf,2,LOP CHU HONG,0.0000,DPE Build 5656,True,855,QD
van-ban-tong-hop,0857_QD_0000_DHKT.pdf,1,LOP CHU HONG,0.0000,DPE Build 5656,True,857,QD
van-ban-tong-hop,0858_QD_0000_DHKT.pdf,1,LOP CHU HONG,0.0000,DPE Build 5656,True,858,QD
van-ban-tong-hop,0859_QD_0000_DHKT.pdf,8,LOP CHU HONG,0.0000,DPE Build 5656,True,859,QD
van-ban-tong-hop,0860_QD_0000_DHKT.pdf,2,LOP CHU HONG,0.0000,DPE Build 5656,True,860,QD
van-ban-tong-hop,0860_QD_0000_NA.pdf,1,LOP CHU HONG,0.0000,DPE Build 5656,True,860,QD
van-ban-tong-hop,0861_QD_0000_DHKT.pdf,2,LOP CHU HONG,0.0000,DPE Build 5656,True,861,QD
van-ban-tong-hop,0861_QD_0000_NA.pdf,2,LOP CHU HONG,0.0000,DPE Build 5656,True,861,QD
van-ban-tong-hop,0862_QD_0000_DHKT.pdf,3,LOP CHU HONG,0.0000,DPE Build 5656,True,862,QD
van-ban-tong-hop,0862_QD_0000_NA.pdf,1,LOP CHU HONG,0.0000,DPE Build 5656,True,862,QD
van-ban-tong-hop,0863_QD_0000_DHKT.pdf,1,LOP CHU HONG,0.0000,DPE Build 5656,True,863,QD
van-ban-tong-hop,0863_QD_0000_NA.pdf,2,QUET,,,,863,QD
van-ban-tong-hop,0864_QD_0000_DHKT.pdf,1,LOP CHU HONG,0.0000,DPE Build 5656,True,864,QD
van-ban-tong-hop,0864_QD_0000_NA.pdf,1,LOP CHU HONG,0.0000,DPE Build 5656,True,864,QD
van-ban-tong-hop,0865_QD_0000_DHKT.pdf,4,LOP CHU HONG,0.0000,DPE Build 5656,True,865,QD
van-ban-tong-hop,0865_QD_0000_NA.pdf,1,LOP CHU HONG,0.0000,DPE Build 5656,True,865,QD
van-ban-tong-hop,0866_QD_0000_DHKT.pdf,6,QUET,,,,866,QD
van-ban-tong-hop,0866_QD_0000_NA.pdf,2,QUET,,,,866,QD
van-ban-tong-hop,0867_QD_0000_DHKT.pdf,6,QUET,,,,867,QD
van-ban-tong-hop,0867_QD_0000_NA.pdf,4,LOP CHU HONG,0.0000,DPE Build 5656,True,867,QD
van-ban-tong-hop,0868_QD_0000_DHKT.pdf,2,LOP CHU HONG,0.0000,DPE Build 5656,True,868,QD
van-ban-tong-hop,0869_QD_0000_DHKT.pdf,2,LOP CHU HONG,0.0000,DPE Build 5656,True,869,QD
van-ban-tong-hop,0870_QD_0000_DHKT.pdf,2,LOP CHU HONG,0.0000,DPE Build 5656,True,870,QD
van-ban-tong-hop,0870_QD_0000_NA.pdf,2,LOP CHU HONG,0.0000,DPE Build 5656,True,870,QD
van-ban-tong-hop,0870_QD_0000_NA-2.pdf,17,LOP CHU HONG,0.0000,DPE Build 5656,True,870,QD
van-ban-tong-hop,0871_QD_0000_DHKT.pdf,3,QUET,,,,871,QD
van-ban-tong-hop,0871_QD_0000_NA.pdf,1,LOP CHU HONG,0.0000,DPE Build 5656,True,871,QD
van-ban-tong-hop,0872_QD_0000_DHKT.pdf,2,LOP CHU HONG,0.0000,DPE Build 5656,True,872,QD
van-ban-tong-hop,0872_QD_0000_NA.pdf,1,LOP CHU HONG,0.0000,DPE Build 5656,True,872,QD
van-ban-tong-hop,0873_QD_0000_DHKT.pdf,2,LOP CHU HONG,0.0000,DPE Build 5656,True,873,QD
van-ban-tong-hop,0874_QD_0000_DHKT.pdf,2,LOP CHU HONG,0.0000,DPE Build 5656,True,874,QD
van-ban-tong-hop,0874_QD_0000_NA.pdf,1,LOP CHU HONG,0.0000,DPE Build 5656,True,874,QD
van-ban-tong-hop,0875_QD_0000_DHKT.pdf,3,QUET,,,,875,QD
van-ban-tong-hop,0875_QD_0000_NA.pdf,3,LOP CHU HONG,0.0000,DPE Build 5656,True,875,QD
van-ban-tong-hop,0876_QD_0000_DHKT.pdf,3,QUET,,,,876,QD
van-ban-tong-hop,0876_QD_0000_NA.pdf,3,LOP CHU HONG,0.0000,DPE Build 5656,True,876,QD
van-ban-tong-hop,0877_QD_0000_DHKT.pdf,2,LOP CHU HONG,0.0000,DPE Build 5656,True,877,QD
van-ban-tong-hop,0877_QD_0000_NA.pdf,2,LOP CHU HONG,0.0000,DPE Build 5656,True,877,QD
van-ban-tong-hop,0878_QD_0000_DHKT.pdf,1,LOP CHU HONG,0.0000,DPE Build 5656,True,878,QD
van-ban-tong-hop,0879_QD_0000_DHKT.pdf,2,LOP CHU HONG,0.0000,DPE Build 5656,True,879,QD
van-ban-tong-hop,0879_QD_0000_NA.pdf,1,LOP CHU HONG,0.0000,DPE Build 5656,True,879,QD
van-ban-tong-hop,0880_QD_0000_DHKT.pdf,2,LOP CHU HONG,0.0000,DPE Build 5656,True,880,QD
van-ban-tong-hop,0880_QD_0000_NA.pdf,1,LOP CHU HONG,0.0000,DPE Build 5656,True,880,QD
van-ban-tong-hop,0881_QD_0000_DHKT.pdf,2,LOP CHU HONG,0.0000,DPE Build 5656,True,881,QD
van-ban-tong-hop,0882_QD_0000_DHKT.pdf,2,LOP CHU HONG,0.0000,DPE Build 5656,True,882,QD
van-ban-tong-hop,0883_QD_0000_NA.pdf,16,LOP CHU HONG,0.0000,DPE Build 5656,True,883,QD
van-ban-tong-hop,0884_QD_0000_NA.pdf,9,LOP CHU HONG,0.0000,DPE Build 5656,True,884,QD
van-ban-tong-hop,0887_QD_0000_NA.pdf,12,LOP CHU HONG,0.0000,DPE Build 5656,True,887,QD
van-ban-tong-hop,0888_QD_0000_NA.pdf,10,LOP CHU HONG,0.0000,DPE Build 5656,True,888,QD
van-ban-tong-hop,0889_QD_0000_NA.pdf,7,LOP CHU HONG,0.0000,DPE Build 5656,True,889,QD
van-ban-tong-hop,0891_QD_0000_NA.pdf,12,LOP CHU HONG,0.0000,DPE Build 5656,True,891,QD
van-ban-tong-hop,0893_QD_0000_NA.pdf,3,LOP CHU HONG,0.0000,DPE Build 5656,True,893,QD
van-ban-tong-hop,0894_QD_0000_NA.pdf,8,LOP CHU HONG,0.0000,DPE Build 5656,True,894,QD
van-ban-tong-hop,0895_QD_0000_NA.pdf,2,LOP CHU HONG,0.0000,DPE Build 5656,True,895,QD
van-ban-tong-hop,0896_QD_0000_NA.pdf,2,LOP CHU HONG,0.0000,DPE Build 5656,True,896,QD
van-ban-tong-hop,0897_QD_0000_NA.pdf,2,LOP CHU HONG,0.0000,DPE Build 5656,True,897,QD
van-ban-tong-hop,0898_QD_0000_NA.pdf,2,LOP CHU HONG,0.0000,DPE Build 5656,True,898,QD
van-ban-tong-hop,0899_QD_0000_NA.pdf,2,LOP CHU HONG,0.0000,DPE Build 5656,True,899,QD
van-ban-tong-hop,0900_QD_0000_NA.pdf,2,LOP CHU HONG,0.0000,DPE Build 5656,True,900,QD
van-ban-tong-hop,0901_QD_0000_NA.pdf,2,LOP CHU HONG,0.0000,DPE Build 5656,True,901,QD
van-ban-tong-hop,0906_QD_0000_NA.pdf,3,LOP CHU HONG,0.0000,DPE Build 5656,True,906,QD
van-ban-tong-hop,0907_QD_0000_NA.pdf,12,LOP CHU HONG,0.0000,DPE Build 5656,True,907,QD
van-ban-tong-hop,0909_QD_0000_NA.pdf,1,LOP CHU HONG,0.0000,DPE Build 5656,True,909,QD
van-ban-tong-hop,0910_QD_0000_NA.pdf,1,LOP CHU HONG,0.0000,DPE Build 5656,True,910,QD
van-ban-tong-hop,0911_QD_0000_NA.pdf,1,LOP CHU HONG,0.0000,DPE Build 5656,True,911,QD
van-ban-tong-hop,0926_QD_2014_DHKT_03-01.pdf,1,QUET,,,,926,QD
van-ban-tong-hop,0927_QD_2014_DHKT_03-01.pdf,1,QUET,,,,927,QD
van-ban-tong-hop,0934_QD_0000_NA.pdf,8,LOP CHU HONG,0.0000,DPE Build 5656,True,934,QD
van-ban-tong-hop,0935_QD_0000_NA.pdf,1,LOP CHU HONG,0.0000,DPE Build 5656,True,935,QD
van-ban-tong-hop,0936_QD_0000_NA.pdf,2,LOP CHU HONG,0.0000,DPE Build 5656,True,936,QD
van-ban-tong-hop,0937_QD_0000_NA.pdf,1,LOP CHU HONG,0.0000,DPE Build 5656,True,937,QD
van-ban-tong-hop,0938_QD_0000_NA.pdf,1,LOP CHU HONG,0.0000,DPE Build 5656,True,938,QD
van-ban-tong-hop,0940_QD_0000_NA.pdf,1,LOP CHU HONG,0.0000,DPE Build 5656,True,940,QD
van-ban-tong-hop,0941_QD_0000_NA.pdf,3,LOP CHU HONG,0.0000,DPE Build 5656,True,941,QD
van-ban-tong-hop,0942_QD_0000_NA.pdf,1,LOP CHU HONG,0.0000,DPE Build 5656,True,942,QD
van-ban-tong-hop,0943_QD_0000_NA.pdf,3,LOP CHU HONG,0.0000,DPE Build 5656,True,943,QD
van-ban-tong-hop,0945_QD_0000_NA.pdf,3,LOP CHU HONG,0.0000,DPE Build 5656,True,945,QD
van-ban-tong-hop,0946_QD_0000_NA.pdf,2,LOP CHU HONG,0.0000,DPE Build 5656,True,946,QD
van-ban-tong-hop,0947_QD_0000_NA.pdf,2,LOP CHU HONG,0.0000,DPE Build 5656,True,947,QD
van-ban-tong-hop,0948_QD_0000_NA.pdf,3,LOP CHU HONG,0.0000,DPE Build 5656,True,948,QD
van-ban-tong-hop,0949_QD_0000_NA.pdf,2,LOP CHU HONG,0.0000,DPE Build 5656,True,949,QD
van-ban-tong-hop,0950_QD_0000_NA.pdf,2,LOP CHU HONG,0.0000,DPE Build 5656,True,950,QD
van-ban-tong-hop,0951_QD_0000_NA.pdf,3,LOP CHU HONG,0.0000,DPE Build 5656,True,951,QD
van-ban-tong-hop,0952_QD_0000_NA.pdf,2,LOP CHU HONG,0.0000,DPE Build 5656,True,952,QD
van-ban-tong-hop,0953_QD_0000_NA.pdf,2,LOP CHU HONG,0.0000,DPE Build 5656,True,953,QD
van-ban-tong-hop,0954_QD_0000_NA.pdf,3,LOP CHU HONG,0.0000,DPE Build 5656,True,954,QD
van-ban-tong-hop,0956_QD_0000_NA.pdf,3,LOP CHU HONG,0.0000,DPE Build 5656,True,956,QD
van-ban-tong-hop,0957_QD_0000_NA.pdf,1,LOP CHU HONG,0.0000,DPE Build 5656,True,957,QD
van-ban-tong-hop,0958_QD_0000_NA.pdf,2,LOP CHU HONG,0.0000,DPE Build 5656,True,958,QD
van-ban-tong-hop,0959_QD_0000_NA.pdf,2,LOP CHU HONG,0.0000,DPE Build 5656,True,959,QD
van-ban-tong-hop,0961_QD_0000_NA.pdf,2,LOP CHU HONG,0.0000,DPE Build 5656,True,961,QD
van-ban-tong-hop,0962_QD_0000_NA.pdf,2,LOP CHU HONG,0.0000,DPE Build 5656,True,962,QD
van-ban-tong-hop,0963_QD_0000_NA.pdf,2,LOP CHU HONG,0.0000,DPE Build 5656,True,963,QD
van-ban-tong-hop,0964_QD_0000_NA.pdf,2,LOP CHU HONG,0.0000,DPE Build 5656,True,964,QD
van-ban-tong-hop,0965_QD_0000_NA.pdf,2,LOP CHU HONG,0.0000,DPE Build 5656,True,965,QD
van-ban-tong-hop,0966_QD_0000_NA.pdf,2,LOP CHU HONG,0.0000,DPE Build 5656,True,966,QD
van-ban-tong-hop,0967_QD_0000_NA.pdf,2,LOP CHU HONG,0.0000,DPE Build 5656,True,967,QD
van-ban-tong-hop,0968_QD_0000_NA.pdf,2,LOP CHU HONG,0.0000,DPE Build 5656,True,968,QD
van-ban-tong-hop,0969_QD_0000_NA.pdf,2,LOP CHU HONG,0.0000,DPE Build 5656,True,969,QD
van-ban-tong-hop,0982_QD_0000_NA.pdf,5,QUET,,,,982,QD
van-ban-tong-hop,0983_QD_0000_NA.pdf,2,LOP CHU HONG,0.0000,DPE Build 5656,True,983,QD
van-ban-tong-hop,0984_QD_0000_NA.pdf,2,LOP CHU HONG,0.0000,DPE Build 5656,True,984,QD
van-ban-tong-hop,0985_QD_0000_NA.pdf,2,LOP CHU HONG,0.0000,DPE Build 5656,True,985,QD
van-ban-tong-hop,0987_QD_0000_NA.pdf,8,LOP CHU HONG,0.0000,DPE Build 5656,True,987,QD
van-ban-tong-hop,0989_QD_0000_NA.pdf,7,LOP CHU HONG,0.0000,DPE Build 5656,True,989,QD
van-ban-tong-hop,0990_QD_0000_NA.pdf,7,LOP CHU HONG,0.0000,DPE Build 5656,True,990,QD
van-ban-tong-hop,0992_QD_0000_NA.pdf,7,LOP CHU HONG,0.0000,DPE Build 5656,True,992,QD
van-ban-tong-hop,ngoai-62fca5befb.pdf,2,QUET,,,,,
van-ban-tong-hop,ngoai-c0a0e7bf21.pdf,30,QUET,,PFU PDF Library 1.4.2,,,
van-ban-tong-hop,ngoai-c101e1796b.pdf,16,QUET,,PFU PDF Library 1.4.2,,,
van-ban-tong-hop,0001_TB_0000_DHKT.pdf,2,QUET,,,,1,TB
van-ban-tong-hop,0001_TB_0000_NA.pdf,2,QUET,,,,1,TB
van-ban-tong-hop,0001_TB_0000_NA-2.pdf,2,QUET,,,,1,TB
van-ban-tong-hop,0001_TB_0000_NA-3.pdf,2,QUET,,,,1,TB
van-ban-tong-hop,0001_TB_2013_DHKT_14-01.pdf,3,QUET,,,,1,TB
van-ban-tong-hop,0001_TB_2014_DHKT_06-01.pdf,24,QUET,,,,1,TB
van-ban-tong-hop,0001_TB_2016_NA.pdf,2,LOP CHU HONG,0.0000,DPE Build 5656,True,1,TB
van-ban-tong-hop,0001_TB_2016_NA-2.pdf,2,LOP CHU HONG,0.0000,DPE Build 5656,True,1,TB
van-ban-tong-hop,0001_TB_2018_NA.pdf,1,QUET,,,,1,TB
van-ban-tong-hop,0001_TB_2021_NA.pdf,1,QUET,,PFU PDF Library 1.4.2,,1,TB
van-ban-tong-hop,0001_TB_2022_NA.pdf,2,QUET,,PFU PDF Library 1.4.2,,1,TB
van-ban-tong-hop,0001_TB_2023_NA.pdf,4,QUET,,PFU PDF Library 1.4.2,,1,TB
van-ban-tong-hop,0001_TB_2024_NA.pdf,1,QUET,,PFU PDF Library 1.4.2,,1,TB
van-ban-tong-hop,0001_TB_2025_NA.pdf,1,QUET,,PFUPDF Engine 1.2.0,,1,TB
van-ban-tong-hop,0001_TB_2026_NA.pdf,1,QUET,,PFUPDF Engine 1.2.0,,1,TB
van-ban-tong-hop,0002_TB_0000_DHKTDN.pdf,1,QUET,,PFU PDF Library 1.4.2,,2,TB
van-ban-tong-hop,0002_TB_0000_DHKT.pdf,2,LOP CHU HONG,0.0000,DPE Build 5656,True,2,TB
van-ban-tong-hop,0002_TB_0000_DHKT-2.pdf,2,LOP CHU HONG,0.0000,DPE Build 5656,True,2,TB
van-ban-tong-hop,0002_TB_0000_DHKT-3.pdf,2,LOP CHU HONG,0.0000,DPE Build 5656,True,2,TB
van-ban-tong-hop,0002_TB_0000_DHKT-4.pdf,2,LOP CHU HONG,0.0000,DPE Build 5656,True,2,TB
van-ban-tong-hop,0002_TB_2013_DHKT_15-01.pdf,1,QUET,,,,2,TB
van-ban-tong-hop,0002_TB_2014_DHKT_15-01.pdf,2,QUET,,,,2,TB
van-ban-tong-hop,0002_TB_2016_NA.pdf,1,LOP CHU HONG,0.0000,DPE Build 5656,True,2,TB
van-ban-tong-hop,0002_TB_2020_NA.pdf,1,QUET,,PFU PDF Library 1.4.2,,2,TB
van-ban-tong-hop,0002_TB_2022_NA.pdf,1,QUET,,PFU PDF Library 1.4.2,,2,TB
van-ban-tong-hop,0002_TB_2023_NA.pdf,1,QUET,,PFU PDF Library 1.4.2,,2,TB
van-ban-tong-hop,0002_TB_2024_NA.pdf,3,QUET,,PFU PDF Library 1.4.2,,2,TB
van-ban-tong-hop,0002_TB_2025_NA.pdf,2,QUET,,PFUPDF Engine 1.2.0,,2,TB
van-ban-tong-hop,0003_TB_0000_DHKT.pdf,6,QUET,,,,3,TB
van-ban-tong-hop,0003_TB_0000_DHKT-2.pdf,3,QUET,,PFU PDF Library 2.0.1,,3,TB
van-ban-tong-hop,0003_TB_0000_NA.pdf,1,QUET,,PFU PDF Library 1.4.2,,3,TB
van-ban-tong-hop,0003_TB_2013_DHKT_17-01.pdf,2,QUET,,,,3,TB
van-ban-tong-hop,0003_TB_2014_DHKT_15-01.pdf,8,QUET,,,,3,TB
van-ban-tong-hop,0003_TB_2016_NA.pdf,1,LOP CHU HONG,0.0000,DPE Build 5656,True,3,TB
van-ban-tong-hop,0003_TB_2021_NA.pdf,1,QUET,,PFU PDF Library 1.4.2,,3,TB
van-ban-tong-hop,0003_TB_2022_NA.pdf,2,QUET,,PFU PDF Library 1.4.2,,3,TB
van-ban-tong-hop,0003_TB_2024_NA.pdf,1,QUET,,PFUPDF Engine 1.2.0,,3,TB
van-ban-tong-hop,0004_TB_0000_DHKT.pdf,1,LOP CHU HONG,0.0000,DPE Build 5656,True,4,TB
van-ban-tong-hop,0004_TB_0000_DHKT-2.pdf,1,LOP CHU HONG,0.0000,DPE Build 5656,True,4,TB
van-ban-tong-hop,0004_TB_0000_DHKT-3.pdf,3,QUET,,PFU PDF Library 2.0.1,,4,TB
van-ban-tong-hop,0004_TB_2013_DHKT_16-01.pdf,2,QUET,,,,4,TB
van-ban-tong-hop,0004_TB_2014_DHKT_07-02.pdf,2,QUET,,,,4,TB
van-ban-tong-hop,0004_TB_2016_NA.pdf,1,LOP CHU HONG,0.0000,DPE Build 5656,True,4,TB
van-ban-tong-hop,0004_TB_2021_NA.pdf,3,QUET,,PFU PDF Library 1.4.2,,4,TB
van-ban-tong-hop,0004_TB_2021_NA-2.pdf,1,QUET,,PFU PDF Library 1.4.2,,4,TB
van-ban-tong-hop,0004_TB_2025_DHKTDN.pdf,1,QUET,,PFU PDF Library 1.4.2,,4,TB
van-ban-tong-hop,0005_TB_0000_DHKT.pdf,2,LOP CHU HONG,0.0000,DPE Build 5656,True,5,TB
van-ban-tong-hop,0005_TB_0000_DHKT-2.pdf,2,QUET,,PFU PDF Library 2.0.1,,5,TB
van-ban-tong-hop,0005_TB_0000_DHKTDN.pdf,2,QUET,,Foxit Reader PDF Printer Version 9.6.0.1818,,5,TB
van-ban-tong-hop,0005_TB_0000_NA.pdf,1,QUET,,PFU PDF Library 1.4.2,,5,TB
van-ban-tong-hop,0005_TB_2013_DHKT_30-01.pdf,1,QUET,,,,5,TB
van-ban-tong-hop,0005_TB_2014_DHKT_12-02.pdf,1,QUET,,,,5,TB
van-ban-tong-hop,0005_TB_2016_NA.pdf,1,LOP CHU HONG,0.0000,DPE Build 5656,True,5,TB
van-ban-tong-hop,0005_TB_2018_NA.pdf,14,QUET,,,,5,TB
van-ban-tong-hop,0005_TB_2021_NA.pdf,2,QUET,,PFU PDF Library 1.4.2,,5,TB
van-ban-tong-hop,0005_TB_2024_NA.pdf,1,QUET,,PFUPDF Engine 1.2.0,,5,TB
van-ban-tong-hop,0005_TB_2025_NA.pdf,1,QUET,,PFUPDF Engine 1.2.0,,5,TB
van-ban-tong-hop,0005_TB_2026_DHKTDN.pdf,1,QUET,,PFU PDF Library 1.4.2,,5,TB
van-ban-tong-hop,0006_TB_0000_DHKTDN.pdf,5,QUET,,PFU PDF Library 2.0.1,,6,TB
van-ban-tong-hop,0006_TB_0000_NA.pdf,1,QUET,,PFU PDF Library 1.4.2,,6,TB
van-ban-tong-hop,0006_TB_0000_NA-2.pdf,1,QUET,,PFU PDF Library 1.4.2,,6,TB
van-ban-tong-hop,0006_TB_2013_DHKT_01-02.pdf,7,QUET,,,,6,TB
van-ban-tong-hop,0006_TB_2014_DHKT_10-02.pdf,2,QUET,,,,6,TB
van-ban-tong-hop,0006_TB_2021_NA.pdf,1,QUET,,PFU PDF Library 1.4.2,,6,TB
van-ban-tong-hop,0006_TB_2022_NA.pdf,1,QUET,,PFU PDF Library 1.4.2,,6,TB
van-ban-tong-hop,0006_TB_2025_DHKTDN.pdf,3,QUET,,Epson Scan 2,,6,TB
van-ban-tong-hop,0006_TB_2025_NA.pdf,2,QUET,,PFU PDF Library 1.4.2,,6,TB
van-ban-tong-hop,0006_TB_2025_NA-2.pdf,2,QUET,,PFU PDF Library 1.4.2,,6,TB
van-ban-tong-hop,0007_TB_0000_DHKTDN.pdf,3,QUET,,Microsoft: Print To PDF,,7,TB
van-ban-tong-hop,0007_TB_0000_DHKTDN-2.pdf,1,QUET,,PFU PDF Library 1.4.2,,7,TB
van-ban-tong-hop,0007_TB_0000_NA.pdf,1,QUET,,PFU PDF Library 1.4.2,,7,TB
van-ban-tong-hop,0007_TB_2013_DHKT_27-02.pdf,2,QUET,,,,7,TB
van-ban-tong-hop,0007_TB_2013_NA.pdf,2,QUET,,,,7,TB
van-ban-tong-hop,0007_TB_2014_DHKT_21-02.pdf,8,QUET,,,,7,TB
van-ban-tong-hop,0007_TB_2016_NA.pdf,2,LOP CHU HONG,0.0000,DPE Build 5656,True,7,TB
van-ban-tong-hop,0007_TB_2021_NA.pdf,1,QUET,,PFU PDF Library 1.4.2,,7,TB
van-ban-tong-hop,0007_TB_2021_NA-2.pdf,3,QUET,,PFU PDF Library 1.4.2,,7,TB
van-ban-tong-hop,0007_TB_2023_NA.pdf,1,QUET,,PFU PDF Library 1.4.2,,7,TB
van-ban-tong-hop,0007_TB_2025_NA.pdf,1,QUET,,PFU PDF Library 1.4.2,,7,TB
van-ban-tong-hop,0008_TB_0000_DHKT.pdf,2,QUET,,,,8,TB
van-ban-tong-hop,0008_TB_0000_DHKTDN.pdf,3,QUET,,PFUPDF Engine 1.2.0,,8,TB
van-ban-tong-hop,0008_TB_2013_DHKT_27-02.pdf,1,QUET,,,,8,TB
van-ban-tong-hop,0008_TB_2014_DHKT_05-03.pdf,1,QUET,,,,8,TB
van-ban-tong-hop,0008_TB_2016_NA.pdf,1,LOP CHU HONG,0.0000,DPE Build 5656,True,8,TB
van-ban-tong-hop,0008_TB_2022_NA.pdf,5,QUET,,PFU PDF Library 1.4.2,,8,TB
van-ban-tong-hop,0008_TB_2023_NA.pdf,2,QUET,,PFU PDF Library 1.4.2,,8,TB
van-ban-tong-hop,0008_TB_2024_NA.pdf,1,QUET,,PFU PDF Library 1.4.2,,8,TB
van-ban-tong-hop,0009_TB_0000_DHKT.pdf,1,LOP CHU HONG,0.0000,DPE Build 5656,True,9,TB
van-ban-tong-hop,0009_TB_2013_DHKT_11-03.pdf,1,QUET,,,,9,TB
van-ban-tong-hop,0009_TB_2014_DHKT_25-02.pdf,2,QUET,,,,9,TB
van-ban-tong-hop,0009_TB_2016_NA.pdf,1,LOP CHU HONG,0.0000,DPE Build 5656,True,9,TB
van-ban-tong-hop,0009_TB_2021_NA.pdf,1,QUET,,PFU PDF Library 1.4.2,,9,TB
van-ban-tong-hop,0009_TB_2022_NA.pdf,1,QUET,,PFU PDF Library 1.4.2,,9,TB
van-ban-tong-hop,0009_TB_2023_NA.pdf,1,QUET,,PFU PDF Library 1.4.2,,9,TB
van-ban-tong-hop,0009_TB_2024_NA.pdf,3,QUET,,PFU PDF Library 1.4.2,,9,TB
van-ban-tong-hop,0009_TB_2027_DHKTDN.pdf,4,QUET,,PFU PDF Library 1.4.2,,9,TB
van-ban-tong-hop,0010_TB_0000_DHKT.pdf,1,LOP CHU HONG,0.0000,DPE Build 5656,True,10,TB
van-ban-tong-hop,0010_TB_0000_NA.pdf,1,QUET,,,,10,TB
van-ban-tong-hop,0010_TB_0000_NA-2.pdf,1,QUET,,,,10,TB
van-ban-tong-hop,0010_TB_2013_DHKT_22-03.pdf,1,QUET,,,,10,TB
van-ban-tong-hop,0010_TB_2014_DHKT_10-03.pdf,1,QUET,,,,10,TB
van-ban-tong-hop,0010_TB_2016_NA.pdf,5,LOP CHU HONG,0.0000,DPE Build 5656,True,10,TB
van-ban-tong-hop,0010_TB_2018_NA.pdf,2,QUET,,,,10,TB
van-ban-tong-hop,0010_TB_2021_NA.pdf,2,QUET,,PFU PDF Library 1.4.2,,10,TB
van-ban-tong-hop,0010_TB_2022_NA.pdf,1,QUET,,PFU PDF Library 1.4.2,,10,TB
van-ban-tong-hop,0010_TB_2024_NA.pdf,1,QUET,,PFU PDF Library 1.4.2,,10,TB
van-ban-tong-hop,0010_TB_2024_NA-2.pdf,2,QUET,,PFU PDF Library 1.4.2,,10,TB
van-ban-tong-hop,0011_TB_0000_DHKT.pdf,2,QUET,,PFUPDF Engine 1.2.0,,11,TB
van-ban-tong-hop,0011_TB_2013_DHKT_25-03.pdf,7,QUET,,,,11,TB
van-ban-tong-hop,0011_TB_2014_DHKT_12-03.pdf,4,QUET,,,,11,TB
van-ban-tong-hop,0011_TB_2016_NA.pdf,1,LOP CHU HONG,0.0000,DPE Build 5656,True,11,TB
van-ban-tong-hop,0011_TB_2017_NA.pdf,1,QUET,,,,11,TB
van-ban-tong-hop,0011_TB_2022_NA.pdf,1,QUET,,PFU PDF Library 1.4.2,,11,TB
van-ban-tong-hop,0011_TB_2023_NA.pdf,1,QUET,,PFU PDF Library 1.4.2,,11,TB
van-ban-tong-hop,0011_TB_2024_NA.pdf,1,QUET,,PFU PDF Library 1.4.2,,11,TB
van-ban-tong-hop,0011_TB_2024_NA-2.pdf,1,QUET,,PFU PDF Library 1.4.2,,11,TB
van-ban-tong-hop,0011_TB_2026_DHKTDN.pdf,15,QUET,,PFU PDF Library 1.4.2,,11,TB
van-ban-tong-hop,0012_TB_0000_DHKT.pdf,6,LOP CHU HONG,0.0000,DPE Build 5656,True,12,TB
van-ban-tong-hop,0012_TB_0000_DHKT-2.pdf,1,QUET,,PFUPDF Engine 1.2.0,,12,TB
van-ban-tong-hop,0012_TB_0000_DHKTDN.pdf,1,QUET,,PFU PDF Library 2.0.1,,12,TB
van-ban-tong-hop,0012_TB_0000_NA.pdf,2,QUET,,,,12,TB
van-ban-tong-hop,0012_TB_2012_NA.pdf,2,QUET,,,,12,TB
van-ban-tong-hop,0012_TB_2013_DHKT_05-04.pdf,1,QUET,,,,12,TB
van-ban-tong-hop,0012_TB_2014_DHKT_12-03.pdf,1,QUET,,,,12,TB
van-ban-tong-hop,0012_TB_2018_NA.pdf,1,QUET,,,,12,TB
van-ban-tong-hop,0012_TB_2021_NA.pdf,1,QUET,,PFU PDF Library 1.4.2,,12,TB
van-ban-tong-hop,0012_TB_2022_NA.pdf,1,QUET,,PFU PDF Library 1.4.2,,12,TB
van-ban-tong-hop,0012_TB_2024_NA.pdf,1,QUET,,PFU PDF Library 1.4.2,,12,TB
van-ban-tong-hop,0012_TB_2026_DHKTDN.pdf,4,QUET,,PFU PDF Library 1.4.2,,12,TB
van-ban-tong-hop,0013_TB_0000_DHKT.pdf,9,LOP CHU HONG,0.0000,DPE Build 5656,True,13,TB
van-ban-tong-hop,0013_TB_0000_DHKT-2.pdf,2,QUET,,PFUPDF Engine 1.2.0,,13,TB
van-ban-tong-hop,0013_TB_2013_DHKT_22-04.pdf,1,QUET,,,,13,TB
van-ban-tong-hop,0013_TB_2014_DHKT_28-03.pdf,2,QUET,,,,13,TB
van-ban-tong-hop,0013_TB_2016_NA.pdf,2,LOP CHU HONG,0.0000,DPE Build 5656,True,13,TB
van-ban-tong-hop,0013_TB_2016_NA-2.pdf,2,LOP CHU HONG,0.0000,DPE Build 5656,True,13,TB
van-ban-tong-hop,0013_TB_2018_NA.pdf,1,QUET,,,,13,TB
van-ban-tong-hop,0013_TB_2022_NA.pdf,1,QUET,,PFU PDF Library 1.4.2,,13,TB
van-ban-tong-hop,0013_TB_2023_NA.pdf,1,QUET,,PFU PDF Library 1.4.2,,13,TB
van-ban-tong-hop,0013_TB_2024_NA.pdf,1,QUET,,PFU PDF Library 1.4.2,,13,TB
van-ban-tong-hop,0013_TB_2025_DHKTDN.pdf,2,QUET,,PFUPDF Engine 1.2.0,,13,TB
van-ban-tong-hop,0014_TB_0000_DHKT.pdf,2,QUET,,,,14,TB
van-ban-tong-hop,0014_TB_0000_DHKTDN.pdf,1,QUET,,PFU PDF Library 2.0.1,,14,TB
van-ban-tong-hop,0014_TB_2013_DHKT_22-04.pdf,1,QUET,,,,14,TB
van-ban-tong-hop,0014_TB_2014_DHKT_02-04.pdf,1,QUET,,,,14,TB
van-ban-tong-hop,0014_TB_2018_NA.pdf,1,QUET,,,,14,TB
van-ban-tong-hop,0014_TB_2021_NA.pdf,1,QUET,,PFU PDF Library 1.4.2,,14,TB
van-ban-tong-hop,0014_TB_2025_NA.pdf,1,QUET,,PFU PDF Library 1.4.2,,14,TB
van-ban-tong-hop,0014_TB_2026_DHKTDN.pdf,1,QUET,,PFU PDF Library 1.4.2,,14,TB
van-ban-tong-hop,0015_TB_0000_DHKT.pdf,1,LOP CHU HONG,0.0000,DPE Build 5656,True,15,TB
van-ban-tong-hop,0015_TB_0000_DHKT-2.pdf,1,QUET,,PFU PDF Library 2.0.1,,15,TB
van-ban-tong-hop,0015_TB_0000_DHKTDN.pdf,1,QUET,,PFU PDF Library 2.0.0,,15,TB
van-ban-tong-hop,0015_TB_0000_DHKTDN-2.pdf,1,QUET,,PFU PDF Library 1.4.2,,15,TB
van-ban-tong-hop,0015_TB_2013_DHKT_23-04.pdf,1,QUET,,,,15,TB
van-ban-tong-hop,0015_TB_2014_DHKT_03-04.pdf,1,QUET,,,,15,TB
van-ban-tong-hop,0015_TB_2016_NA.pdf,1,LOP CHU HONG,0.0000,DPE Build 5656,True,15,TB
van-ban-tong-hop,0015_TB_2017_NA.pdf,2,QUET,,,,15,TB
van-ban-tong-hop,0015_TB_2024_NA.pdf,1,QUET,,PFU PDF Library 1.4.2,,15,TB
van-ban-tong-hop,0015_TB_2025_NA.pdf,2,QUET,,PFU PDF Library 1.4.2,,15,TB
van-ban-tong-hop,0016_TB_0000_DHKT.pdf,1,LOP CHU HONG,0.0000,DPE Build 5656,True,16,TB
van-ban-tong-hop,0016_TB_0000_DHKT-2.pdf,1,QUET,,PFUPDF Engine 1.2.0,,16,TB
van-ban-tong-hop,0016_TB_0000_DHKTDN.pdf,1,QUET,,PFU PDF Library 1.4.2,,16,TB
van-ban-tong-hop,0016_TB_2013_DHKT_22-04.pdf,1,QUET,,,,16,TB
van-ban-tong-hop,0016_TB_2014_DHKT_10-04.pdf,2,QUET,,,,16,TB
van-ban-tong-hop,0016_TB_2016_NA.pdf,1,LOP CHU HONG,0.0000,DPE Build 5656,True,16,TB
van-ban-tong-hop,0016_TB_2018_NA.pdf,1,QUET,,,,16,TB
van-ban-tong-hop,0016_TB_2021_NA.pdf,1,QUET,,PFU PDF Library 1.4.2,,16,TB
van-ban-tong-hop,0016_TB_2022_NA.pdf,10,QUET,,PFU PDF Library 1.4.2,,16,TB
van-ban-tong-hop,0016_TB_2024_NA.pdf,1,QUET,,PFU PDF Library 1.4.2,,16,TB
van-ban-tong-hop,0017_TB_0000_DHKT.pdf,1,LOP CHU HONG,0.0000,DPE Build 5656,True,17,TB
van-ban-tong-hop,0017_TB_0000_DHKTDN.pdf,1,QUET,,PFUPDF Engine 1.2.0,,17,TB
van-ban-tong-hop,0017_TB_2013_DHKT_02-05.pdf,1,QUET,,,,17,TB
van-ban-tong-hop,0017_TB_2014_DHKT_16-04.pdf,5,QUET,,,,17,TB
van-ban-tong-hop,0017_TB_2016_NA.pdf,2,LOP CHU HONG,0.0000,DPE Build 5656,True,17,TB
van-ban-tong-hop,0017_TB_2017_NA.pdf,2,QUET,,,,17,TB
van-ban-tong-hop,0017_TB_2022_NA.pdf,1,QUET,,PFU PDF Library 1.4.2,,17,TB
van-ban-tong-hop,0017_TB_2023_NA.pdf,4,QUET,,PFU PDF Library 1.4.2,,17,TB
van-ban-tong-hop,0017_TB_2024_NA.pdf,1,QUET,,PFU PDF Library 1.4.2,,17,TB
van-ban-tong-hop,0017_TB_2025_NA.pdf,1,QUET,,PFU PDF Library 1.4.2,,17,TB
van-ban-tong-hop,0018_TB_0000_DHKT.pdf,2,QUET,,PFU PDF Library 1.4.2,,18,TB
van-ban-tong-hop,0018_TB_0000_DHKTDN.pdf,1,QUET,,Foxit Reader PDF Printer Version 9.6.0.1818,,18,TB
van-ban-tong-hop,0018_TB_2013_DHKT_09-05.pdf,1,QUET,,,,18,TB
van-ban-tong-hop,0018_TB_2014_DHKT_17-04.pdf,1,QUET,,,,18,TB
van-ban-tong-hop,0018_TB_2017_NA.pdf,1,QUET,,,,18,TB
van-ban-tong-hop,0018_TB_2022_NA.pdf,1,QUET,,PFU PDF Library 1.4.2,,18,TB
van-ban-tong-hop,0018_TB_2023_NA.pdf,1,QUET,,PFU PDF Library 1.4.2,,18,TB
van-ban-tong-hop,0018_TB_2024_NA.pdf,1,QUET,,PFUPDF Engine 1.2.0,,18,TB
van-ban-tong-hop,0018_TB_2025_DHKTDN.pdf,2,QUET,,PFU PDF Library 1.4.2,,18,TB
van-ban-tong-hop,0019_TB_0000_DHKT.pdf,1,LOP CHU HONG,0.0000,DPE Build 5656,True,19,TB
van-ban-tong-hop,0019_TB_0000_DHKT-2.pdf,2,QUET,,PFU PDF Library 2.0.1,,19,TB
van-ban-tong-hop,0019_TB_2013_DHKT_22-05.pdf,1,QUET,,,,19,TB
van-ban-tong-hop,0019_TB_2016_NA.pdf,1,QUET,,,,19,TB
van-ban-tong-hop,0019_TB_2018_NA.pdf,2,QUET,,,,19,TB
van-ban-tong-hop,0019_TB_2021_NA.pdf,2,QUET,,PFU PDF Library 1.4.2,,19,TB
van-ban-tong-hop,0019_TB_2022_NA.pdf,1,QUET,,PFU PDF Library 1.4.2,,19,TB
van-ban-tong-hop,0019_TB_2024_NA.pdf,1,QUET,,PFU PDF Library 1.4.2,,19,TB
van-ban-tong-hop,0019_TB_2025_NA.pdf,8,QUET,,PFU PDF Library 1.4.2,,19,TB
van-ban-tong-hop,0020_TB_0000_DHKT.pdf,2,QUET,,,,20,TB
van-ban-tong-hop,0020_TB_2013_DHKT_29-05.pdf,3,QUET,,,,20,TB
van-ban-tong-hop,0020_TB_2016_NA.pdf,4,QUET,,,,20,TB
van-ban-tong-hop,0020_TB_2017_NA.pdf,1,QUET,,,,20,TB
van-ban-tong-hop,0020_TB_2018_NA.pdf,2,QUET,,,,20,TB
van-ban-tong-hop,0020_TB_2022_NA.pdf,1,QUET,,PFU PDF Library 1.4.2,,20,TB
van-ban-tong-hop,0020_TB_2024_NA.pdf,1,QUET,,PFU PDF Library 1.4.2,,20,TB
van-ban-tong-hop,0021_TB_2013_DHKT_03-05.pdf,2,QUET,,,,21,TB
van-ban-tong-hop,0021_TB_2018_NA.pdf,1,QUET,,,,21,TB
van-ban-tong-hop,0021_TB_2021_DHKTDN.pdf,1,QUET,,PFU PDF Library 1.4.2,,21,TB
van-ban-tong-hop,0021_TB_2021_NA.pdf,1,QUET,,PFU PDF Library 1.4.2,,21,TB
van-ban-tong-hop,0021_TB_2022_NA.pdf,2,QUET,,PFU PDF Library 1.4.2,,21,TB
van-ban-tong-hop,0021_TB_2023_NA.pdf,1,QUET,,PFU PDF Library 1.4.2,,21,TB
van-ban-tong-hop,0021_TB_2024_NA.pdf,2,QUET,,PFUPDF Engine 1.2.0,,21,TB
van-ban-tong-hop,0021_TB_2025_NA.pdf,2,QUET,,PFU PDF Library 1.4.2,,21,TB
van-ban-tong-hop,0022_TB_0000_DHKT.pdf,2,LOP CHU HONG,0.0000,DPE Build 5656,True,22,TB
van-ban-tong-hop,0022_TB_0000_DHKT-2.pdf,1,QUET,,PFU PDF Library 2.0.0,,22,TB
van-ban-tong-hop,0022_TB_2013_DHKT_03-06.pdf,8,QUET,,,,22,TB
van-ban-tong-hop,0022_TB_2016_NA.pdf,4,QUET,,,,22,TB
van-ban-tong-hop,0022_TB_2018_NA.pdf,8,QUET,,,,22,TB
van-ban-tong-hop,0022_TB_2021_NA.pdf,5,QUET,,PFU PDF Library 1.4.2,,22,TB
van-ban-tong-hop,0022_TB_2023_NA.pdf,5,QUET,,PFU PDF Library 1.4.2,,22,TB
van-ban-tong-hop,0022_TB_2026_DHKTDN.pdf,4,QUET,,PFU PDF Library 1.4.2,,22,TB
van-ban-tong-hop,0023_TB_0000_DHKT.pdf,2,LOP CHU HONG,0.0000,DPE Build 5656,True,23,TB
van-ban-tong-hop,0023_TB_2013_DHKT_03-06.pdf,12,QUET,,,,23,TB
van-ban-tong-hop,0023_TB_2017_NA.pdf,2,QUET,,,,23,TB
van-ban-tong-hop,0023_TB_2018_NA.pdf,1,QUET,,,,23,TB
van-ban-tong-hop,0023_TB_2021_NA.pdf,1,QUET,,PFU PDF Library 1.4.2,,23,TB
van-ban-tong-hop,0023_TB_2022_NA.pdf,7,QUET,,PFU PDF Library 1.4.2,,23,TB
van-ban-tong-hop,0023_TB_2023_NA.pdf,1,QUET,,PFU PDF Library 1.4.2,,23,TB
van-ban-tong-hop,0023_TB_2024_DHKTDN.pdf,1,QUET,,PFU PDF Library 1.4.2,,23,TB
van-ban-tong-hop,0023_TB_2024_DHKTDN-2.pdf,4,QUET,,PFU PDF Library 1.4.2,,23,TB
van-ban-tong-hop,0023_TB_2024_NA.pdf,1,QUET,,PFU PDF Library 1.4.2,,23,TB
van-ban-tong-hop,0023_TB_2025_NA.pdf,2,QUET,,PFU PDF Library 1.4.2,,23,TB
van-ban-tong-hop,0024_TB_0000_DHKT.pdf,1,LOP CHU HONG,0.0000,DPE Build 5656,True,24,TB
van-ban-tong-hop,0024_TB_0000_DHKT-2.pdf,1,QUET,,PFUPDF Engine 1.2.0,,24,TB
van-ban-tong-hop,0024_TB_2013_DHKT_11-06.pdf,1,QUET,,,,24,TB
van-ban-tong-hop,0024_TB_2016_NA.pdf,2,QUET,,,,24,TB
van-ban-tong-hop,0024_TB_2018_NA.pdf,2,QUET,,,,24,TB
van-ban-tong-hop,0024_TB_2021_NA.pdf,3,QUET,,PFU PDF Library 1.4.2,,24,TB
van-ban-tong-hop,0024_TB_2022_NA.pdf,2,QUET,,PFU PDF Library 1.4.2,,24,TB
van-ban-tong-hop,0024_TB_2023_NA.pdf,1,QUET,,PFU PDF Library 1.4.2,,24,TB
van-ban-tong-hop,0024_TB_2024_NA.pdf,1,QUET,,PFUPDF Engine 1.2.0,,24,TB
van-ban-tong-hop,0025_TB_0000_DHKT.pdf,2,QUET,,,,25,TB
van-ban-tong-hop,0025_TB_0000_DHKTDN.pdf,28,QUET,,PFU PDF Library 2.0.1,,25,TB
van-ban-tong-hop,0025_TB_2013_DHKT_13-06.pdf,1,QUET,,,,25,TB
van-ban-tong-hop,0025_TB_2016_NA.pdf,8,QUET,,,,25,TB
van-ban-tong-hop,0025_TB_2016_NA-2.pdf,8,QUET,,,,25,TB
van-ban-tong-hop,0025_TB_2018_NA.pdf,1,QUET,,,,25,TB
van-ban-tong-hop,0025_TB_2021_NA.pdf,1,QUET,,PFU PDF Library 1.4.2,,25,TB
van-ban-tong-hop,0025_TB_2022_NA.pdf,2,QUET,,PFU PDF Library 1.4.2,,25,TB
van-ban-tong-hop,0026_TB_0000_DHKT.pdf,1,LOP CHU HONG,0.0000,DPE Build 5656,True,26,TB
van-ban-tong-hop,0026_TB_2013_DHKT_18-06.pdf,1,QUET,,,,26,TB
van-ban-tong-hop,0026_TB_2016_NA.pdf,2,QUET,,,,26,TB
van-ban-tong-hop,0026_TB_2022_NA.pdf,2,QUET,,PFU PDF Library 1.4.2,,26,TB
van-ban-tong-hop,0026_TB_2023_NA.pdf,4,QUET,,PFU PDF Library 1.4.2,,26,TB
van-ban-tong-hop,0026_TB_2025_NA.pdf,5,QUET,,PFU PDF Library 1.4.2,,26,TB
van-ban-tong-hop,0027_TB_0000_DHKT.pdf,1,LOP CHU HONG,0.0000,DPE Build 5656,True,27,TB
van-ban-tong-hop,0027_TB_2013_DHKT_12-06.pdf,2,QUET,,,,27,TB
van-ban-tong-hop,0027_TB_2016_NA.pdf,2,QUET,,,,27,TB
van-ban-tong-hop,0027_TB_2021_NA.pdf,1,QUET,,PFU PDF Library 1.4.2,,27,TB
van-ban-tong-hop,0027_TB_2022_NA.pdf,1,QUET,,PFU PDF Library 1.4.2,,27,TB
van-ban-tong-hop,0027_TB_2023_NA.pdf,1,QUET,,PFU PDF Library 1.4.2,,27,TB
van-ban-tong-hop,0028_TB_0000_DHKT.pdf,1,LOP CHU HONG,0.0000,DPE Build 5656,True,28,TB
van-ban-tong-hop,0028_TB_0000_NA.pdf,1,QUET,,,,28,TB
van-ban-tong-hop,0028_TB_2013_DHKT_22-06.pdf,1,QUET,,,,28,TB
van-ban-tong-hop,0028_TB_2016_NA.pdf,2,QUET,,,,28,TB
van-ban-tong-hop,0028_TB_2021_NA.pdf,1,QUET,,PFU PDF Library 1.4.2,,28,TB
van-ban-tong-hop,0028_TB_2022_NA.pdf,2,QUET,,PFU PDF Library 1.4.2,,28,TB
van-ban-tong-hop,0028_TB_2023_NA.pdf,1,QUET,,PFU PDF Library 2.0.1,,28,TB
van-ban-tong-hop,0028_TB_2024_NA.pdf,3,QUET,,PFU PDF Library 1.4.2,,28,TB
van-ban-tong-hop,0029_TB_0000_DHKT.pdf,8,LOP CHU HONG,0.0000,DPE Build 5656,True,29,TB
van-ban-tong-hop,0029_TB_0000_DHKT-2.pdf,1,QUET,,Foxit Reader PDF Printer Version 9.6.0.1818,,29,TB
van-ban-tong-hop,0029_TB_2013_DHKT_25-06.pdf,2,QUET,,,,29,TB
van-ban-tong-hop,0029_TB_2018_NA.pdf,1,QUET,,,,29,TB
van-ban-tong-hop,0029_TB_2023_NA.pdf,6,QUET,,PFU PDF Library 1.4.2,,29,TB
van-ban-tong-hop,0030_TB_0000_DHKT.pdf,1,LOP CHU HONG,0.0000,DPE Build 5656,True,30,TB
van-ban-tong-hop,0030_TB_2013_DHKT_24-07.pdf,1,QUET,,,,30,TB
van-ban-tong-hop,0030_TB_2017_NA.pdf,2,QUET,,,,30,TB
van-ban-tong-hop,0030_TB_2020_NA.pdf,2,QUET,,PFU PDF Library 1.4.2,,30,TB
van-ban-tong-hop,0030_TB_2021_NA.pdf,1,QUET,,PFU PDF Library 1.4.2,,30,TB
van-ban-tong-hop,0030_TB_2023_NA.pdf,2,QUET,,PFU PDF Library 1.4.2,,30,TB
van-ban-tong-hop,0030_TB_2023_NA-2.pdf,2,QUET,,PFU PDF Library 1.4.2,,30,TB
van-ban-tong-hop,0030_TB_2024_NA.pdf,1,QUET,,PFU PDF Library 1.4.2,,30,TB
van-ban-tong-hop,0031_TB_0000_DHKT.pdf,2,QUET,,,,31,TB
van-ban-tong-hop,0031_TB_2013_DHKT_01-08.pdf,8,QUET,,,,31,TB
van-ban-tong-hop,0031_TB_2017_NA.pdf,1,QUET,,,,31,TB
van-ban-tong-hop,0031_TB_2023_NA.pdf,2,QUET,,PFU PDF Library 1.4.2,,31,TB
van-ban-tong-hop,0032_TB_0000_DHKT.pdf,2,LOP CHU HONG,0.0000,DPE Build 5656,True,32,TB
van-ban-tong-hop,0032_TB_0000_DHKTDN.pdf,1,QUET,,PFUPDF Engine 1.2.0,,32,TB
van-ban-tong-hop,0032_TB_0000_NA.pdf,4,QUET,,PFU PDF Library 1.4.2,,32,TB
van-ban-tong-hop,0032_TB_2013_DHKT_02-08.pdf,1,QUET,,,,32,TB
van-ban-tong-hop,0032_TB_2017_NA.pdf,2,QUET,,,,32,TB
van-ban-tong-hop,0032_TB_2021_NA.pdf,1,QUET,,PFU PDF Library 1.4.2,,32,TB
van-ban-tong-hop,0033_TB_0000_DHKT.pdf,6,QUET,,,,33,TB
van-ban-tong-hop,0033_TB_2013_DHKT_01-08.pdf,1,QUET,,,,33,TB
van-ban-tong-hop,0033_TB_2014_DHKT_07-06.pdf,8,QUET,,,,33,TB
van-ban-tong-hop,0033_TB_2016_NA.pdf,2,QUET,,,,33,TB
van-ban-tong-hop,0033_TB_2017_NA.pdf,1,QUET,,,,33,TB
van-ban-tong-hop,0033_TB_2021_NA.pdf,1,QUET,,PFU PDF Library 1.4.2,,33,TB
van-ban-tong-hop,0033_TB_2023_NA.pdf,4,QUET,,PFU PDF Library 1.4.2,,33,TB
van-ban-tong-hop,0034_TB_0000_DHKT.pdf,4,QUET,,,,34,TB
van-ban-tong-hop,0034_TB_0000_NA.pdf,5,QUET,,PFU PDF Library 1.4.2,,34,TB
van-ban-tong-hop,0034_TB_2013_DHKT_05-08.pdf,7,QUET,,,,34,TB
van-ban-tong-hop,0034_TB_2016_NA.pdf,3,QUET,,,,34,TB
van-ban-tong-hop,0034_TB_2018_NA.pdf,1,QUET,,,,34,TB
van-ban-tong-hop,0034_TB_2021_NA.pdf,1,QUET,,PFU PDF Library 1.4.2,,34,TB
van-ban-tong-hop,0034_TB_2022_NA.pdf,5,QUET,,PFU PDF Library 1.4.2,,34,TB
van-ban-tong-hop,0034_TB_2023_NA.pdf,1,QUET,,PFU PDF Library 1.4.2,,34,TB
van-ban-tong-hop,0034_TB_2024_NA.pdf,1,QUET,,PFU PDF Library 1.4.2,,34,TB
van-ban-tong-hop,0035_TB_0000_DHKT.pdf,3,QUET,,,,35,TB
van-ban-tong-hop,0035_TB_2013_DHKT_06-08.pdf,5,QUET,,,,35,TB
van-ban-tong-hop,0035_TB_2016_NA.pdf,1,QUET,,,,35,TB
van-ban-tong-hop,0035_TB_2017_NA.pdf,1,QUET,,,,35,TB
van-ban-tong-hop,0035_TB_2018_NA.pdf,2,QUET,,,,35,TB
van-ban-tong-hop,0035_TB_2021_NA.pdf,1,QUET,,PFU PDF Library 1.4.2,,35,TB
van-ban-tong-hop,0035_TB_2023_NA.pdf,2,QUET,,PFU PDF Library 1.4.2,,35,TB
van-ban-tong-hop,0035_TB_2024_NA.pdf,1,QUET,,PFU PDF Library 1.4.2,,35,TB
van-ban-tong-hop,0036_TB_0000_DHKTDN.pdf,1,QUET,,Microsoft: Print To PDF,,36,TB
van-ban-tong-hop,0036_TB_2013_DHKT_07-08.pdf,1,QUET,,,,36,TB
van-ban-tong-hop,0036_TB_2014_DHKT_19-06.pdf,2,LOP CHU HONG,0.0000,DPE Build 5656,True,36,TB
van-ban-tong-hop,0036_TB_2018_NA.pdf,1,QUET,,,,36,TB
van-ban-tong-hop,0036_TB_2021_NA.pdf,2,QUET,,PFU PDF Library 1.4.2,,36,TB
van-ban-tong-hop,0037_TB_0000_DHKT.pdf,1,LOP CHU HONG,0.0000,DPE Build 5656,True,37,TB
van-ban-tong-hop,0037_TB_2013_DHKT_12-08.pdf,1,QUET,,,,37,TB
van-ban-tong-hop,0037_TB_2016_NA.pdf,2,QUET,,,,37,TB
van-ban-tong-hop,0037_TB_2017_NA.pdf,2,QUET,,,,37,TB
van-ban-tong-hop,0037_TB_2020_NA.pdf,2,QUET,,PFU PDF Library 1.4.2,,37,TB
van-ban-tong-hop,0037_TB_2022_NA.pdf,2,QUET,,PFU PDF Library 1.4.2,,37,TB
van-ban-tong-hop,0038_TB_0000_DHKT.pdf,1,LOP CHU HONG,0.0000,DPE Build 5656,True,38,TB
van-ban-tong-hop,0038_TB_2013_DHKT_12-08.pdf,1,QUET,,,,38,TB
van-ban-tong-hop,0038_TB_2014_DHKT_24-06.pdf,2,QUET,,,,38,TB
van-ban-tong-hop,0038_TB_2016_NA.pdf,1,QUET,,,,38,TB
van-ban-tong-hop,0038_TB_2017_NA.pdf,1,QUET,,,,38,TB
van-ban-tong-hop,0038_TB_2018_NA.pdf,3,QUET,,,,38,TB
van-ban-tong-hop,0038_TB_2020_NA.pdf,2,QUET,,PFU PDF Library 1.4.2,,38,TB
van-ban-tong-hop,0038_TB_2021_NA.pdf,3,QUET,,PFU PDF Library 1.4.2,,38,TB
van-ban-tong-hop,0038_TB_2022_NA.pdf,1,QUET,,PFU PDF Library 1.4.2,,38,TB
van-ban-tong-hop,0038_TB_2023_NA.pdf,1,QUET,,PFU PDF Library 2.0.1,,38,TB
van-ban-tong-hop,0039_TB_0000_DHKT.pdf,1,LOP CHU HONG,0.0000,DPE Build 5656,True,39,TB
van-ban-tong-hop,0039_TB_2013_DHKT_21-08.pdf,8,QUET,,,,39,TB
van-ban-tong-hop,0039_TB_2014_DHKT_29-06.pdf,2,LOP CHU HONG,0.0000,DPE Build 5656,True,39,TB
van-ban-tong-hop,0039_TB_2017_NA.pdf,9,QUET,,,,39,TB
van-ban-tong-hop,0039_TB_2018_NA.pdf,2,QUET,,,,39,TB
van-ban-tong-hop,0039_TB_2020_NA.pdf,2,QUET,,PFU PDF Library 1.4.2,,39,TB
van-ban-tong-hop,0039_TB_2021_NA.pdf,1,QUET,,PFU PDF Library 1.4.2,,39,TB
van-ban-tong-hop,0039_TB_2022_NA.pdf,1,QUET,,PFU PDF Library 1.4.2,,39,TB
van-ban-tong-hop,0039_TB_2024_NA.pdf,5,QUET,,PFU PDF Library 1.4.2,,39,TB
van-ban-tong-hop,0040_TB_0000_DHKT.pdf,1,LOP CHU HONG,0.0000,DPE Build 5656,True,40,TB
van-ban-tong-hop,0040_TB_0000_NA.pdf,3,QUET,,PFU PDF Library 1.4.2,,40,TB
van-ban-tong-hop,0040_TB_2013_DHKT_23-08.pdf,1,QUET,,,,40,TB
van-ban-tong-hop,0040_TB_2014_NA.pdf,15,LOP CHU HONG,0.0000,DPE Build 5656,True,40,TB
van-ban-tong-hop,0040_TB_2016_NA.pdf,1,QUET,,,,40,TB
van-ban-tong-hop,0040_TB_2018_NA.pdf,1,QUET,,,,40,TB
van-ban-tong-hop,0040_TB_2022_NA.pdf,5,QUET,,PFU PDF Library 1.4.2,,40,TB
van-ban-tong-hop,0040_TB_2025_NA.pdf,4,QUET,,PFUPDF Engine 1.2.0,,40,TB
van-ban-tong-hop,0041_TB_0000_DHKT.pdf,6,QUET,,,,41,TB
van-ban-tong-hop,0041_TB_2013_DHKT_24-08.pdf,1,QUET,,,,41,TB
van-ban-tong-hop,0041_TB_2016_NA.pdf,1,QUET,,,,41,TB
van-ban-tong-hop,0041_TB_2018_NA.pdf,2,QUET,,,,41,TB
van-ban-tong-hop,0041_TB_2019_NA.pdf,3,QUET,,PFU PDF Library 1.2.1,,41,TB
van-ban-tong-hop,0041_TB_2021_NA.pdf,2,QUET,,PFU PDF Library 1.4.2,,41,TB
van-ban-tong-hop,0042_TB_0000_DHKT.pdf,4,QUET,,,,42,TB
van-ban-tong-hop,0042_TB_2013_DHKT_25-08.pdf,1,QUET,,,,42,TB
van-ban-tong-hop,0042_TB_2016_NA.pdf,1,QUET,,,,42,TB
van-ban-tong-hop,0042_TB_2018_NA.pdf,1,QUET,,,,42,TB
van-ban-tong-hop,0042_TB_2022_NA.pdf,1,QUET,,PFU PDF Library 1.4.2,,42,TB
van-ban-tong-hop,0042_TB_2023_NA.pdf,3,QUET,,PFU PDF Library 1.4.2,,42,TB
van-ban-tong-hop,0042_TB_2023_NA-2.pdf,1,QUET,,PFU PDF Library 2.0.1,,42,TB
van-ban-tong-hop,0043_TB_0000_DHKT.pdf,8,QUET,,,,43,TB
van-ban-tong-hop,0043_TB_2013_DHKT_26-08.pdf,1,QUET,,,,43,TB
van-ban-tong-hop,0043_TB_2016_NA.pdf,3,QUET,,,,43,TB
van-ban-tong-hop,0043_TB_2016_NA-2.pdf,5,QUET,,,,43,TB
van-ban-tong-hop,0043_TB_2018_NA.pdf,2,QUET,,,,43,TB
van-ban-tong-hop,0043_TB_2021_NA.pdf,1,QUET,,PFU PDF Library 1.4.2,,43,TB
van-ban-tong-hop,0043_TB_2024_NA.pdf,1,QUET,,PFU PDF Library 1.4.2,,43,TB
van-ban-tong-hop,0044_TB_0000_DHKT.pdf,3,QUET,,PFU PDF Library 1.4.2,,44,TB
van-ban-tong-hop,0044_TB_0000_DHKT-2.pdf,7,LOP CHU HONG,0.0000,DPE Build 5656,True,44,TB
van-ban-tong-hop,0044_TB_2013_DHKT_04-09.pdf,1,QUET,,,,44,TB
van-ban-tong-hop,0044_TB_2016_NA.pdf,8,QUET,,,,44,TB
van-ban-tong-hop,0044_TB_2018_NA.pdf,2,QUET,,,,44,TB
van-ban-tong-hop,0044_TB_2020_NA.pdf,2,QUET,,PFU PDF Library 1.4.2,,44,TB
van-ban-tong-hop,0044_TB_2023_NA.pdf,2,QUET,,PFU PDF Library 1.4.2,,44,TB
van-ban-tong-hop,0045_TB_0000_DHKT.pdf,2,QUET,,,,45,TB
van-ban-tong-hop,0045_TB_0000_DHKT-2.pdf,2,QUET,,,,45,TB
van-ban-tong-hop,0045_TB_0000_DHKT-3.pdf,2,QUET,,,,45,TB
van-ban-tong-hop,0045_TB_0000_DHKT-4.pdf,1,LOP CHU HONG,0.0000,DPE Build 5656,True,45,TB
van-ban-tong-hop,0045_TB_2013_DHKT_25-09.pdf,1,QUET,,,,45,TB
van-ban-tong-hop,0045_TB_2018_NA.pdf,1,QUET,,,,45,TB
van-ban-tong-hop,0045_TB_2023_NA.pdf,1,QUET,,PFU PDF Library 1.4.2,,45,TB
van-ban-tong-hop,0045_TB_2025_NA.pdf,2,QUET,,PFUPDF Engine 1.2.0,,45,TB
van-ban-tong-hop,0046_TB_0000_DHKT.pdf,1,QUET,,,,46,TB
van-ban-tong-hop,0046_TB_0000_DHKT-2.pdf,8,QUET,,,,46,TB
van-ban-tong-hop,0046_TB_0000_NA.pdf,1,QUET,,,,46,TB
van-ban-tong-hop,0046_TB_2013_DHKT_30-09.pdf,1,QUET,,,,46,TB
van-ban-tong-hop,0046_TB_2020_NA.pdf,1,QUET,,PFU PDF Library 1.4.2,,46,TB
van-ban-tong-hop,0046_TB_2022_NA.pdf,1,QUET,,PFU PDF Library 1.4.2,,46,TB
van-ban-tong-hop,0046_TB_2023_NA.pdf,1,QUET,,PFU PDF Library 1.4.2,,46,TB
van-ban-tong-hop,0047_TB_0000_DHKT.pdf,7,QUET,,,,47,TB
van-ban-tong-hop,0047_TB_0000_DHKT-2.pdf,2,QUET,,,,47,TB
van-ban-tong-hop,0047_TB_0000_DHKTDN.pdf,1,QUET,,PFU PDF Library 1.4.2,,47,TB
van-ban-tong-hop,0047_TB_2013_DHKT_30-09.pdf,2,QUET,,,,47,TB
van-ban-tong-hop,0047_TB_2016_NA.pdf,1,QUET,,,,47,TB
van-ban-tong-hop,0047_TB_2020_NA.pdf,1,QUET,,PFU PDF Library 1.4.2,,47,TB
van-ban-tong-hop,0047_TB_2022_NA.pdf,1,QUET,,PFU PDF Library 1.4.2,,47,TB
van-ban-tong-hop,0047_TB_2023_NA.pdf,1,QUET,,PFU PDF Library 1.4.2,,47,TB
van-ban-tong-hop,0047_TB_2025_NA.pdf,1,QUET,,PFU PDF Library 1.4.2,,47,TB
van-ban-tong-hop,0048_TB_0000_DHKT.pdf,1,LOP CHU HONG,0.0000,DPE Build 5656,True,48,TB
van-ban-tong-hop,0048_TB_0000_DHKT-2.pdf,1,LOP CHU HONG,0.0000,DPE Build 5656,True,48,TB
van-ban-tong-hop,0048_TB_2013_DHKT_02-10.pdf,2,QUET,,,,48,TB
van-ban-tong-hop,0048_TB_2016_NA.pdf,1,QUET,,,,48,TB
van-ban-tong-hop,0048_TB_2017_NA.pdf,1,QUET,,,,48,TB
van-ban-tong-hop,0048_TB_2020_NA.pdf,1,QUET,,PFU PDF Library 1.4.2,,48,TB
van-ban-tong-hop,0048_TB_2025_NA.pdf,3,QUET,,PFU PDF Library 1.4.2,,48,TB
van-ban-tong-hop,0048_TB_2025_NA-2.pdf,2,QUET,,PFU PDF Library 1.4.2,,48,TB
van-ban-tong-hop,0049_TB_0000_DHKT.pdf,5,QUET,,PFU PDF Library 1.4.2,,49,TB
van-ban-tong-hop,0049_TB_0000_DHKT-2.pdf,1,LOP CHU HONG,0.0000,DPE Build 5656,True,49,TB
van-ban-tong-hop,0049_TB_0000_DHKT-3.pdf,1,LOP CHU HONG,0.0000,DPE Build 5656,True,49,TB
van-ban-tong-hop,0049_TB_0000_DHKT-4.pdf,1,LOP CHU HONG,0.0000,DPE Build 5656,True,49,TB
van-ban-tong-hop,0049_TB_2013_DHKT_11-10.pdf,2,QUET,,,,49,TB
van-ban-tong-hop,0049_TB_2016_NA.pdf,3,QUET,,,,49,TB
van-ban-tong-hop,0049_TB_2017_NA.pdf,4,QUET,,,,49,TB
van-ban-tong-hop,0049_TB_2022_NA.pdf,1,QUET,,PFU PDF Library 1.4.2,,49,TB
van-ban-tong-hop,0049_TB_2024_NA.pdf,1,QUET,,PFU PDF Library 1.4.2,,49,TB
van-ban-tong-hop,0050_TB_0000_DHKT.pdf,2,LOP CHU HONG,0.0000,DPE Build 5656,True,50,TB
van-ban-tong-hop,0050_TB_0000_DHKT-2.pdf,1,LOP CHU HONG,0.0000,DPE Build 5656,True,50,TB
van-ban-tong-hop,0050_TB_0000_DHKTDN.pdf,1,QUET,,Microsoft: Print To PDF,,50,TB
van-ban-tong-hop,0050_TB_2013_DHKT_14-10.pdf,1,QUET,,,,50,TB
van-ban-tong-hop,0050_TB_2020_NA.pdf,1,QUET,,PFU PDF Library 1.4.2,,50,TB
van-ban-tong-hop,0050_TB_2021_NA.pdf,1,QUET,,PFU PDF Library 1.4.2,,50,TB
van-ban-tong-hop,0050_TB_2023_NA.pdf,5,QUET,,PFU PDF Library 1.4.2,,50,TB
van-ban-tong-hop,0050_TB_2024_NA.pdf,2,QUET,,PFU PDF Library 1.4.2,,50,TB
van-ban-tong-hop,0050_TB_2025_NA.pdf,3,QUET,,PFUPDF Engine 1.2.0,,50,TB
van-ban-tong-hop,0051_TB_0000_DHKT.pdf,1,LOP CHU HONG,0.0000,DPE Build 5656,True,51,TB
van-ban-tong-hop,0051_TB_0000_DHKT-2.pdf,1,LOP CHU HONG,0.0000,DPE Build 5656,True,51,TB
van-ban-tong-hop,0051_TB_2013_DHKT_16-10.pdf,1,QUET,,,,51,TB
van-ban-tong-hop,0051_TB_2017_NA.pdf,9,QUET,,,,51,TB
van-ban-tong-hop,0051_TB_2018_NA.pdf,11,QUET,,,,51,TB
van-ban-tong-hop,0051_TB_2020_NA.pdf,1,QUET,,PFU PDF Library 1.4.2,,51,TB
van-ban-tong-hop,0051_TB_2021_NA.pdf,1,QUET,,PFU PDF Library 1.4.2,,51,TB
van-ban-tong-hop,0051_TB_2023_NA.pdf,5,QUET,,PFU PDF Library 1.4.2,,51,TB
van-ban-tong-hop,0051_TB_2024_NA.pdf,2,QUET,,PFU PDF Library 1.4.2,,51,TB
van-ban-tong-hop,0051_TB_2025_NA.pdf,2,QUET,,PFU PDF Library 1.4.2,,51,TB
van-ban-tong-hop,0052_TB_0000_DHKT.pdf,2,LOP CHU HONG,0.0000,DPE Build 5656,True,52,TB
van-ban-tong-hop,0052_TB_0000_DHKTDN.pdf,1,QUET,,PFU PDF Library 2.0.1,,52,TB
van-ban-tong-hop,0052_TB_2013_DHKT_22-10.pdf,2,QUET,,,,52,TB
van-ban-tong-hop,0052_TB_2016_NA.pdf,1,QUET,,,,52,TB
van-ban-tong-hop,0052_TB_2017_NA.pdf,1,QUET,,,,52,TB
van-ban-tong-hop,0052_TB_2018_NA.pdf,7,QUET,,,,52,TB
van-ban-tong-hop,0052_TB_2021_NA.pdf,6,QUET,,PFU PDF Library 1.4.2,,52,TB
van-ban-tong-hop,0052_TB_2025_NA.pdf,4,QUET,,PFU PDF Library 1.4.2,,52,TB
van-ban-tong-hop,0053_TB_0000_DHKT.pdf,1,LOP CHU HONG,0.0000,DPE Build 5656,True,53,TB
van-ban-tong-hop,0053_TB_0000_DHKT-2.pdf,7,LOP CHU HONG,0.0000,DPE Build 5656,True,53,TB
van-ban-tong-hop,0053_TB_2013_DHKT_30-10.pdf,1,QUET,,,,53,TB
van-ban-tong-hop,0053_TB_2018_NA.pdf,1,QUET,,,,53,TB
van-ban-tong-hop,0053_TB_2020_NA.pdf,1,QUET,,PFU PDF Library 1.4.2,,53,TB
van-ban-tong-hop,0053_TB_2021_NA.pdf,5,QUET,,PFU PDF Library 1.4.2,,53,TB
van-ban-tong-hop,0053_TB_2025_NA.pdf,1,QUET,,PFU PDF Library 1.4.2,,53,TB
van-ban-tong-hop,0054_TB_0000_DHKT.pdf,1,LOP CHU HONG,0.0000,DPE Build 5656,True,54,TB
van-ban-tong-hop,0054_TB_0000_DHKT-2.pdf,1,LOP CHU HONG,0.0000,DPE Build 5656,True,54,TB
van-ban-tong-hop,0054_TB_0000_NA.pdf,2,QUET,,PFU PDF Library 1.4.2,,54,TB
van-ban-tong-hop,0054_TB_2013_DHKT_01-11.pdf,1,QUET,,,,54,TB
van-ban-tong-hop,0054_TB_2016_NA.pdf,3,QUET,,,,54,TB
van-ban-tong-hop,0054_TB_2016_NA-2.pdf,2,QUET,,,,54,TB
van-ban-tong-hop,0054_TB_2017_NA.pdf,2,QUET,,,,54,TB
van-ban-tong-hop,0054_TB_2021_NA.pdf,2,QUET,,PFU PDF Library 1.4.2,,54,TB
van-ban-tong-hop,0054_TB_2022_NA.pdf,1,QUET,,PFU PDF Library 1.4.2,,54,TB
van-ban-tong-hop,0054_TB_2023_NA.pdf,1,QUET,,PFU PDF Library 2.0.1,,54,TB
van-ban-tong-hop,0055_TB_0000_DHKT.pdf,1,LOP CHU HONG,0.0000,DPE Build 5656,True,55,TB
van-ban-tong-hop,0055_TB_0000_DHKT-2.pdf,1,LOP CHU HONG,0.0000,DPE Build 5656,True,55,TB
van-ban-tong-hop,0055_TB_0000_DHKTDN.pdf,2,QUET,,PFU PDF Library 1.4.2,,55,TB
van-ban-tong-hop,0055_TB_0000_NA.pdf,1,QUET,,PFU PDF Library 1.4.2,,55,TB
van-ban-tong-hop,0055_TB_2013_DHKT_01-11.pdf,1,QUET,,,,55,TB
van-ban-tong-hop,0055_TB_2017_NA.pdf,1,QUET,,,,55,TB
van-ban-tong-hop,0055_TB_2018_NA.pdf,2,QUET,,,,55,TB
van-ban-tong-hop,0055_TB_2020_NA.pdf,1,QUET,,PFU PDF Library 1.4.2,,55,TB
van-ban-tong-hop,0055_TB_2021_NA.pdf,2,QUET,,PFU PDF Library 1.4.2,,55,TB
van-ban-tong-hop,0056_TB_0000_DHKT.pdf,1,LOP CHU HONG,0.0000,DPE Build 5656,True,56,TB
van-ban-tong-hop,0056_TB_2013_DHKT_01-11.pdf,1,QUET,,,,56,TB
van-ban-tong-hop,0056_TB_2013_DHKT_11-11.pdf,1,QUET,,,,56,TB
van-ban-tong-hop,0056_TB_2017_NA.pdf,1,QUET,,,,56,TB
van-ban-tong-hop,0056_TB_2018_NA.pdf,2,QUET,,,,56,TB
van-ban-tong-hop,0056_TB_2020_NA.pdf,1,QUET,,PFU PDF Library 1.4.2,,56,TB
van-ban-tong-hop,0056_TB_2022_NA.pdf,1,QUET,,PFU PDF Library 1.4.2,,56,TB
van-ban-tong-hop,0056_TB_2024_NA.pdf,4,QUET,,PFU PDF Library 1.4.2,,56,TB
van-ban-tong-hop,0056_TB_2025_NA.pdf,2,QUET,,PFU PDF Library 1.4.2,,56,TB
van-ban-tong-hop,0057_TB_0000_DHKT.pdf,2,QUET,,,,57,TB
van-ban-tong-hop,0057_TB_2013_DHKT_01-11.pdf,2,QUET,,,,57,TB
van-ban-tong-hop,0057_TB_2013_DHKT_15-11.pdf,1,QUET,,,,57,TB
van-ban-tong-hop,0057_TB_2021_NA.pdf,1,QUET,,PFU PDF Library 1.4.2,,57,TB
van-ban-tong-hop,0057_TB_2022_NA.pdf,1,QUET,,PFU PDF Library 1.4.2,,57,TB
van-ban-tong-hop,0057_TB_2023_NA.pdf,24,QUET,,PFU PDF Library 1.4.2,,57,TB
van-ban-tong-hop,0057_TB_2024_NA.pdf,4,QUET,,PFU PDF Library 1.4.2,,57,TB
van-ban-tong-hop,0057_TB_2025_NA.pdf,1,QUET,,PFU PDF Library 1.4.2,,57,TB
van-ban-tong-hop,0058_TB_0000_DHKT.pdf,2,LOP CHU HONG,0.0000,DPE Build 5656,True,58,TB
van-ban-tong-hop,0058_TB_0000_DHKT-2.pdf,1,LOP CHU HONG,0.0000,DPE Build 5656,True,58,TB
van-ban-tong-hop,0058_TB_2013_DHKT_16-11.pdf,2,QUET,,,,58,TB
van-ban-tong-hop,0058_TB_2020_NA.pdf,1,QUET,,PFU PDF Library 1.4.2,,58,TB
van-ban-tong-hop,0058_TB_2022_NA.pdf,1,QUET,,PFU PDF Library 1.4.2,,58,TB
van-ban-tong-hop,0058_TB_2023_NA.pdf,2,QUET,,PFU PDF Library 1.4.2,,58,TB
van-ban-tong-hop,0059_TB_0000_DHKT.pdf,1,LOP CHU HONG,0.0000,DPE Build 5656,True,59,TB
van-ban-tong-hop,0059_TB_0000_DHKTDN.pdf,1,QUET,,PFUPDF Engine 1.2.0,,59,TB
van-ban-tong-hop,0059_TB_2013_DHKT_19-11.pdf,2,QUET,,,,59,TB
van-ban-tong-hop,0059_TB_2016_NA.pdf,1,QUET,,,,59,TB
van-ban-tong-hop,0059_TB_2021_NA.pdf,1,QUET,,PFU PDF Library 1.4.2,,59,TB
van-ban-tong-hop,0059_TB_2023_NA.pdf,1,QUET,,PFU PDF Library 2.0.1,,59,TB
van-ban-tong-hop,0060_TB_0000_DHKT.pdf,1,LOP CHU HONG,0.0000,DPE Build 5656,True,60,TB
van-ban-tong-hop,0060_TB_0000_DHKTDN.pdf,2,QUET,,PFU PDF Library 1.4.2,,60,TB
van-ban-tong-hop,0060_TB_2017_NA.pdf,1,QUET,,,,60,TB
van-ban-tong-hop,0060_TB_2019_NA.pdf,1,QUET,,PFU PDF Library 1.2.1,,60,TB
van-ban-tong-hop,0060_TB_2020_NA.pdf,1,QUET,,PFU PDF Library 1.4.2,,60,TB
van-ban-tong-hop,0060_TB_2021_NA.pdf,1,QUET,,PFU PDF Library 1.4.2,,60,TB
van-ban-tong-hop,0060_TB_2022_NA.pdf,1,QUET,,PFU PDF Library 1.4.2,,60,TB
van-ban-tong-hop,0060_TB_2023_NA.pdf,2,QUET,,PFU PDF Library 2.0.1,,60,TB
van-ban-tong-hop,0061_TB_0000_DHKT.pdf,1,LOP CHU HONG,0.0000,DPE Build 5656,True,61,TB
van-ban-tong-hop,0061_TB_0000_DHKT-2.pdf,2,LOP CHU HONG,0.0000,DPE Build 5656,True,61,TB
van-ban-tong-hop,0061_TB_0000_DHKT-3.pdf,4,QUET,,,,61,TB
van-ban-tong-hop,0061_TB_0000_DHKTDN.pdf,1,QUET,,PFU PDF Library 1.4.2,,61,TB
van-ban-tong-hop,0061_TB_2013_DHKT_28-11.pdf,2,QUET,,,,61,TB
van-ban-tong-hop,0061_TB_2017_NA.pdf,1,QUET,,,,61,TB
van-ban-tong-hop,0061_TB_2021_NA.pdf,4,QUET,,PFU PDF Library 1.4.2,,61,TB
van-ban-tong-hop,0061_TB_2022_NA.pdf,1,QUET,,PFU PDF Library 1.4.2,,61,TB
van-ban-tong-hop,0061_TB_2023_NA.pdf,1,QUET,,PFU PDF Library 2.0.1,,61,TB
van-ban-tong-hop,0061_TB_2024_NA.pdf,4,QUET,,PFUPDF Engine 1.2.0,,61,TB
van-ban-tong-hop,0062_TB_0000_DHKT.pdf,1,LOP CHU HONG,0.0000,DPE Build 5656,True,62,TB
van-ban-tong-hop,0062_TB_2013_DHKT_03-12.pdf,1,QUET,,,,62,TB
van-ban-tong-hop,0062_TB_2017_NA.pdf,2,QUET,,,,62,TB
van-ban-tong-hop,0062_TB_2018_NA.pdf,2,QUET,,,,62,TB
van-ban-tong-hop,0062_TB_2021_NA.pdf,4,QUET,,PFU PDF Library 1.4.2,,62,TB
van-ban-tong-hop,0062_TB_2022_NA.pdf,1,QUET,,PFU PDF Library 1.4.2,,62,TB
van-ban-tong-hop,0062_TB_2024_NA.pdf,1,QUET,,PFU PDF Library 1.4.2,,62,TB
van-ban-tong-hop,0062_TB_2025_NA.pdf,5,QUET,,PFUPDF Engine 1.2.0,,62,TB
van-ban-tong-hop,0063_TB_0000_DHKT.pdf,2,LOP CHU HONG,0.0000,DPE Build 5656,True,63,TB
van-ban-tong-hop,0063_TB_0000_DHKT-2.pdf,2,LOP CHU HONG,0.0000,DPE Build 5656,True,63,TB
van-ban-tong-hop,0063_TB_0000_DHKTDN.pdf,1,QUET,,PFU PDF Library 2.0.1,,63,TB
van-ban-tong-hop,0063_TB_2013_DHKT_04-12.pdf,1,QUET,,,,63,TB
van-ban-tong-hop,0063_TB_2018_NA.pdf,1,QUET,,,,63,TB
van-ban-tong-hop,0063_TB_2021_NA.pdf,1,QUET,,PFU PDF Library 1.4.2,,63,TB
van-ban-tong-hop,0063_TB_2021_NA-2.pdf,5,QUET,,PFU PDF Library 1.4.2,,63,TB
van-ban-tong-hop,0063_TB_2023_NA.pdf,1,QUET,,PFU PDF Library 1.4.2,,63,TB
van-ban-tong-hop,0063_TB_2024_NA.pdf,1,QUET,,PFUPDF Engine 1.2.0,,63,TB
van-ban-tong-hop,0064_TB_0000_DHKT.pdf,1,LOP CHU HONG,0.0000,DPE Build 5656,True,64,TB
van-ban-tong-hop,0064_TB_0000_DHKT-2.pdf,1,LOP CHU HONG,0.0000,DPE Build 5656,True,64,TB
van-ban-tong-hop,0064_TB_0000_DHKTDN.pdf,2,QUET,,PFU PDF Library 2.0.1,,64,TB
van-ban-tong-hop,0064_TB_0000_DHKT-3.pdf,1,LOP CHU HONG,0.0000,DPE Build 5656,True,64,TB
van-ban-tong-hop,0064_TB_0000_NA.pdf,1,QUET,,,,64,TB
van-ban-tong-hop,0064_TB_2013_DHKT_09-12.pdf,1,QUET,,,,64,TB
van-ban-tong-hop,0064_TB_2018_NA.pdf,1,QUET,,,,64,TB
van-ban-tong-hop,0064_TB_2019_NA.pdf,1,QUET,,PFU PDF Library 1.2.1,,64,TB
van-ban-tong-hop,0064_TB_2019_NA-2.pdf,1,QUET,,PFU PDF Library 1.2.1,,64,TB
van-ban-tong-hop,0064_TB_2020_NA.pdf,1,QUET,,PFU PDF Library 1.4.2,,64,TB
van-ban-tong-hop,0064_TB_2023_NA.pdf,1,QUET,,PFU PDF Library 1.4.2,,64,TB
van-ban-tong-hop,0064_TB_2024_NA.pdf,1,QUET,,PFUPDF Engine 1.2.0,,64,TB
van-ban-tong-hop,0065_TB_0000_DHKT.pdf,1,LOP CHU HONG,0.0000,DPE Build 5656,True,65,TB
van-ban-tong-hop,0065_TB_0000_DHKTDN.pdf,1,QUET,,PFU PDF Library 2.0.1,,65,TB
van-ban-tong-hop,0065_TB_0000_DHKTDN-2.pdf,2,QUET,,PFU PDF Library 1.4.2,,65,TB
van-ban-tong-hop,0065_TB_2013_DHKT_16-12.pdf,2,QUET,,,,65,TB
van-ban-tong-hop,0065_TB_2018_NA.pdf,1,QUET,,,,65,TB
van-ban-tong-hop,0065_TB_2019_NA.pdf,1,QUET,,PFU PDF Library 1.2.1,,65,TB
van-ban-tong-hop,0065_TB_2020_NA.pdf,1,QUET,,PFU PDF Library 1.4.2,,65,TB
van-ban-tong-hop,0065_TB_2021_NA.pdf,1,QUET,,PFU PDF Library 1.4.2,,65,TB
van-ban-tong-hop,0065_TB_2024_NA.pdf,4,QUET,,PFU PDF Library 1.4.2,,65,TB
van-ban-tong-hop,0066_TB_0000_DHKT.pdf,1,LOP CHU HONG,0.0000,DPE Build 5656,True,66,TB
van-ban-tong-hop,0066_TB_0000_DHKTDN.pdf,1,QUET,,PFU PDF Library 2.0.1,,66,TB
van-ban-tong-hop,0066_TB_0000_DHKTDN-2.pdf,1,QUET,,PFU PDF Library 1.4.2,,66,TB
van-ban-tong-hop,0066_TB_2013_DHKT_16-12.pdf,10,QUET,,,,66,TB
van-ban-tong-hop,0066_TB_2017_NA.pdf,1,QUET,,,,66,TB
van-ban-tong-hop,0066_TB_2018_NA.pdf,5,QUET,,,,66,TB
van-ban-tong-hop,0066_TB_2020_NA.pdf,1,QUET,,PFU PDF Library 1.4.2,,66,TB
van-ban-tong-hop,0066_TB_2023_NA.pdf,1,QUET,,PFU PDF Library 2.0.1,,66,TB
van-ban-tong-hop,0067_TB_0000_NA.pdf,2,QUET,,,,67,TB
van-ban-tong-hop,0067_TB_2013_DHKT_25-12.pdf,1,QUET,,,,67,TB
van-ban-tong-hop,0067_TB_2017_NA.pdf,1,QUET,,,,67,TB
van-ban-tong-hop,0067_TB_2019_NA.pdf,2,QUET,,PFU PDF Library 1.2.1,,67,TB
van-ban-tong-hop,0067_TB_2020_NA.pdf,1,QUET,,PFU PDF Library 1.4.2,,67,TB
van-ban-tong-hop,0067_TB_2022_NA.pdf,1,QUET,,PFU PDF Library 1.4.2,,67,TB
van-ban-tong-hop,0068_TB_0000_DHKTDN.pdf,1,QUET,,PFU PDF Library 2.0.1,,68,TB
van-ban-tong-hop,0068_TB_0000_NA.pdf,3,QUET,,,,68,TB
van-ban-tong-hop,0068_TB_2013_DHKT_25-12.pdf,6,QUET,,,,68,TB
van-ban-tong-hop,0068_TB_2013_DHKT_26-12.pdf,1,QUET,,,,68,TB
van-ban-tong-hop,0068_TB_2017_NA.pdf,1,QUET,,,,68,TB
van-ban-tong-hop,0068_TB_2024_NA.pdf,2,QUET,,PFUPDF Engine 1.2.0,,68,TB
van-ban-tong-hop,0068_TB_2025_DHKTDN.pdf,2,QUET,,PFU PDF Library 1.4.2,,68,TB
van-ban-tong-hop,0069_TB_0000_DHKTDN.pdf,1,QUET,,PFU PDF Library 2.0.1,,69,TB
van-ban-tong-hop,0069_TB_0000_NA.pdf,3,LOP CHU HONG,0.0000,DPE Build 5656,True,69,TB
van-ban-tong-hop,0069_TB_2013_DHKT_31-12.pdf,2,QUET,,,,69,TB
van-ban-tong-hop,0069_TB_2017_NA.pdf,1,QUET,,,,69,TB
van-ban-tong-hop,0069_TB_2018_NA.pdf,1,QUET,,,,69,TB
van-ban-tong-hop,0069_TB_2019_NA.pdf,2,QUET,,PFU PDF Library 1.2.1,,69,TB
van-ban-tong-hop,0069_TB_2023_NA.pdf,1,QUET,,PFU PDF Library 2.0.1,,69,TB
van-ban-tong-hop,0069_TB_2025_NA.pdf,1,QUET,,PFUPDF Engine 1.2.0,,69,TB
van-ban-tong-hop,0070_TB_0000_NA.pdf,2,QUET,,,,70,TB
van-ban-tong-hop,0070_TB_0000_NA-2.pdf,1,QUET,,PFU PDF Library 1.4.2,,70,TB
van-ban-tong-hop,0070_TB_2017_NA.pdf,1,QUET,,,,70,TB
van-ban-tong-hop,0070_TB_2019_NA.pdf,1,QUET,,PFU PDF Library 1.2.1,,70,TB
van-ban-tong-hop,0070_TB_2020_NA.pdf,17,QUET,,PFU PDF Library 1.4.2,,70,TB
van-ban-tong-hop,0070_TB_2022_NA.pdf,1,QUET,,PFU PDF Library 1.4.2,,70,TB
van-ban-tong-hop,0070_TB_2024_NA.pdf,3,QUET,,PFU PDF Library 1.4.2,,70,TB
van-ban-tong-hop,0071_TB_0000_NA.pdf,1,LOP CHU HONG,0.0000,DPE Build 5656,True,71,TB
van-ban-tong-hop,0071_TB_2019_NA.pdf,1,QUET,,PFU PDF Library 1.2.1,,71,TB
van-ban-tong-hop,0071_TB_2022_NA.pdf,1,QUET,,PFU PDF Library 1.4.2,,71,TB
van-ban-tong-hop,0071_TB_2023_NA.pdf,4,QUET,,PFU PDF Library 1.4.2,,71,TB
van-ban-tong-hop,0071_TB_2024_NA.pdf,4,QUET,,PFUPDF Engine 1.2.0,,71,TB
van-ban-tong-hop,0071_TB_2025_DHKTDN.pdf,1,QUET,,PFU PDF Library 1.4.2,,71,TB
van-ban-tong-hop,0072_TB_0000_DHKTDN.pdf,1,QUET,,PFU PDF Library 2.0.1,,72,TB
van-ban-tong-hop,0072_TB_0000_NA.pdf,2,LOP CHU HONG,0.0000,DPE Build 5656,True,72,TB
van-ban-tong-hop,0072_TB_2018_NA.pdf,2,QUET,,,,72,TB
van-ban-tong-hop,0072_TB_2019_NA.pdf,1,QUET,,PFU PDF Library 1.2.1,,72,TB
van-ban-tong-hop,0072_TB_2020_NA.pdf,1,QUET,,PFU PDF Library 1.4.2,,72,TB
van-ban-tong-hop,0072_TB_2023_NA.pdf,1,QUET,,PFU PDF Library 1.4.2,,72,TB
van-ban-tong-hop,0072_TB_2024_NA.pdf,1,QUET,,PFUPDF Engine 1.2.0,,72,TB
van-ban-tong-hop,0073_TB_0000_NA.pdf,2,LOP CHU HONG,0.0000,DPE Build 5656,True,73,TB
van-ban-tong-hop,0073_TB_0000_NA-2.pdf,4,QUET,,PFUPDF Engine 1.2.0,,73,TB
van-ban-tong-hop,0073_TB_2017_NA.pdf,1,QUET,,,,73,TB
van-ban-tong-hop,0073_TB_2019_NA.pdf,2,QUET,,PFU PDF Library 1.2.1,,73,TB
van-ban-tong-hop,0073_TB_2022_NA.pdf,1,QUET,,PFU PDF Library 1.4.2,,73,TB
van-ban-tong-hop,0073_TB_2024_NA.pdf,4,QUET,,PFU PDF Library 1.4.2,,73,TB
van-ban-tong-hop,0073_TB_2026_DHKTDN.pdf,1,QUET,,PFU PDF Library 1.4.2,,73,TB
van-ban-tong-hop,0074_TB_0000_NA.pdf,1,LOP CHU HONG,0.0000,DPE Build 5656,True,74,TB
van-ban-tong-hop,0074_TB_2019_NA.pdf,1,QUET,,PFU PDF Library 1.2.1,,74,TB
van-ban-tong-hop,0074_TB_2020_NA.pdf,1,QUET,,PFU PDF Library 1.4.2,,74,TB
van-ban-tong-hop,0074_TB_2022_NA.pdf,1,QUET,,PFU PDF Library 1.4.2,,74,TB
van-ban-tong-hop,0074_TB_2023_NA.pdf,1,QUET,,PFU PDF Library 1.4.2,,74,TB
van-ban-tong-hop,0075_TB_0000_DHKTDN.pdf,4,QUET,,PFU PDF Library 1.4.2,,75,TB
van-ban-tong-hop,0075_TB_0000_DHKTDN-2.pdf,4,QUET,,PFU PDF Library 1.4.2,,75,TB
van-ban-tong-hop,0075_TB_0000_NA.pdf,1,LOP CHU HONG,0.0000,DPE Build 5656,True,75,TB
van-ban-tong-hop,0075_TB_2013_DHKT_10-01.pdf,10,QUET,,,,75,TB
van-ban-tong-hop,0075_TB_2018_NA.pdf,1,QUET,,,,75,TB
van-ban-tong-hop,0075_TB_2019_NA.pdf,1,QUET,,PFU PDF Library 1.2.1,,75,TB
van-ban-tong-hop,0075_TB_2022_NA.pdf,1,QUET,,PFU PDF Library 1.4.2,,75,TB
van-ban-tong-hop,0075_TB_2023_NA.pdf,1,QUET,,PFU PDF Library 1.4.2,,75,TB
van-ban-tong-hop,0075_TB_2024_NA.pdf,1,QUET,,PFUPDF Engine 1.2.0,,75,TB
van-ban-tong-hop,0076_TB_0000_NA.pdf,1,LOP CHU HONG,0.0000,DPE Build 5656,True,76,TB
van-ban-tong-hop,0076_TB_0000_NA-2.pdf,1,LOP CHU HONG,0.0000,DPE Build 5656,True,76,TB
van-ban-tong-hop,0076_TB_2018_NA.pdf,1,QUET,,,,76,TB
van-ban-tong-hop,0076_TB_2019_NA.pdf,2,QUET,,PFU PDF Library 1.2.1,,76,TB
van-ban-tong-hop,0076_TB_2020_NA.pdf,1,QUET,,PFU PDF Library 1.4.2,,76,TB
van-ban-tong-hop,0076_TB_2022_NA.pdf,1,QUET,,PFU PDF Library 1.4.2,,76,TB
van-ban-tong-hop,0076_TB_2023_NA.pdf,2,QUET,,iOS Version 16.1 (Build 20B82) Quartz PDFContext,,76,TB
van-ban-tong-hop,0077_TB_2018_NA.pdf,1,QUET,,,,77,TB
van-ban-tong-hop,0077_TB_2019_NA.pdf,1,QUET,,PFU PDF Library 1.2.1,,77,TB
van-ban-tong-hop,0077_TB_2020_NA.pdf,1,QUET,,PFU PDF Library 1.4.2,,77,TB
van-ban-tong-hop,0077_TB_2022_NA.pdf,1,QUET,,PFU PDF Library 1.4.2,,77,TB
van-ban-tong-hop,0077_TB_2023_NA.pdf,1,QUET,,PFU PDF Library 1.4.2,,77,TB
van-ban-tong-hop,0078_TB_0000_NA.pdf,2,LOP CHU HONG,0.0000,DPE Build 5656,True,78,TB
van-ban-tong-hop,0078_TB_2017_NA.pdf,3,QUET,,,,78,TB
van-ban-tong-hop,0078_TB_2018_NA.pdf,1,QUET,,,,78,TB
van-ban-tong-hop,0078_TB_2019_NA.pdf,1,QUET,,PFU PDF Library 1.2.1,,78,TB
van-ban-tong-hop,0078_TB_2022_NA.pdf,1,QUET,,PFU PDF Library 1.4.2,,78,TB
van-ban-tong-hop,0078_TB_2023_NA.pdf,1,QUET,,PFUPDF Engine 1.2.0,,78,TB
van-ban-tong-hop,0079_TB_0000_NA.pdf,1,LOP CHU HONG,0.0000,DPE Build 5656,True,79,TB
van-ban-tong-hop,0079_TB_2017_NA.pdf,9,QUET,,,,79,TB
van-ban-tong-hop,0079_TB_2018_NA.pdf,1,QUET,,,,79,TB
van-ban-tong-hop,0079_TB_2020_NA.pdf,1,QUET,,PFU PDF Library 1.4.2,,79,TB
van-ban-tong-hop,0079_TB_2021_NA.pdf,2,QUET,,PFU PDF Library 1.4.2,,79,TB
van-ban-tong-hop,0079_TB_2022_NA.pdf,1,QUET,,PFU PDF Library 1.4.2,,79,TB
van-ban-tong-hop,0079_TB_2023_NA.pdf,1,QUET,,PFUPDF Engine 1.2.0,,79,TB
van-ban-tong-hop,0080_TB_0000_NA.pdf,1,LOP CHU HONG,0.0000,DPE Build 5656,True,80,TB
van-ban-tong-hop,0080_TB_2017_NA.pdf,2,QUET,,,,80,TB
van-ban-tong-hop,0080_TB_2020_NA.pdf,1,QUET,,PFU PDF Library 1.4.2,,80,TB
van-ban-tong-hop,0080_TB_2022_NA.pdf,1,QUET,,PFU PDF Library 1.4.2,,80,TB
van-ban-tong-hop,0080_TB_2023_NA.pdf,1,QUET,,PFUPDF Engine 1.2.0,,80,TB
van-ban-tong-hop,0081_TB_0000_NA.pdf,1,LOP CHU HONG,0.0000,DPE Build 5656,True,81,TB
van-ban-tong-hop,0081_TB_2018_NA.pdf,1,QUET,,,,81,TB
van-ban-tong-hop,0081_TB_2020_NA.pdf,2,QUET,,PFU PDF Library 1.4.2,,81,TB
van-ban-tong-hop,0081_TB_2022_NA.pdf,1,QUET,,PFU PDF Library 2.0.1,,81,TB
van-ban-tong-hop,0081_TB_2023_NA.pdf,1,QUET,,PFU PDF Library 1.4.2,,81,TB
van-ban-tong-hop,0082_TB_0000_NA.pdf,2,LOP CHU HONG,0.0000,DPE Build 5656,True,82,TB
van-ban-tong-hop,0082_TB_2018_NA.pdf,1,QUET,,,,82,TB
van-ban-tong-hop,0082_TB_2022_NA.pdf,2,QUET,,PFU PDF Library 1.4.2,,82,TB
van-ban-tong-hop,0082_TB_2023_NA.pdf,1,QUET,,PFUPDF Engine 1.2.0,,82,TB
van-ban-tong-hop,0083_TB_0000_NA.pdf,1,LOP CHU HONG,0.0000,DPE Build 5656,True,83,TB
van-ban-tong-hop,0083_TB_2017_NA.pdf,1,QUET,,,,83,TB
van-ban-tong-hop,0083_TB_2018_NA.pdf,2,QUET,,,,83,TB
van-ban-tong-hop,0083_TB_2022_NA.pdf,1,QUET,,PFU PDF Library 1.4.2,,83,TB
van-ban-tong-hop,0083_TB_2023_NA.pdf,1,QUET,,PFUPDF Engine 1.2.0,,83,TB
van-ban-tong-hop,0084_TB_0000_NA.pdf,3,LOP CHU HONG,0.0000,DPE Build 5656,True,84,TB
van-ban-tong-hop,0084_TB_2022_NA.pdf,1,QUET,,PFU PDF Library 1.4.2,,84,TB
van-ban-tong-hop,0084_TB_2023_NA.pdf,12,QUET,,PFUPDF Engine 1.2.0,,84,TB
van-ban-tong-hop,0085_TB_2017_NA.pdf,2,QUET,,,,85,TB
van-ban-tong-hop,0085_TB_2018_NA.pdf,1,QUET,,,,85,TB
van-ban-tong-hop,0085_TB_2023_NA.pdf,1,QUET,,PFU PDF Library 1.4.2,,85,TB
van-ban-tong-hop,0086_TB_2017_NA.pdf,1,QUET,,,,86,TB
van-ban-tong-hop,0086_TB_2022_NA.pdf,1,QUET,,PFU PDF Library 1.4.2,,86,TB
van-ban-tong-hop,0086_TB_2023_NA.pdf,1,QUET,,PFUPDF Engine 1.2.0,,86,TB
van-ban-tong-hop,0087_TB_2018_NA.pdf,1,QUET,,,,87,TB
van-ban-tong-hop,0087_TB_2020_NA.pdf,1,QUET,,PFU PDF Library 1.4.2,,87,TB
van-ban-tong-hop,0087_TB_2022_NA.pdf,5,QUET,,PFU PDF Library 1.4.2,,87,TB
van-ban-tong-hop,0087_TB_2023_NA.pdf,1,QUET,,PFUPDF Engine 1.2.0,,87,TB
van-ban-tong-hop,0088_TB_0000_NA.pdf,1,QUET,,PFUPDF Engine 1.2.0,,88,TB
van-ban-tong-hop,0088_TB_2019_NA.pdf,2,QUET,,PFU PDF Library 1.4.2,,88,TB
van-ban-tong-hop,0088_TB_2022_NA.pdf,1,QUET,,PFU PDF Library 2.0.1,,88,TB
van-ban-tong-hop,0089_TB_2017_NA.pdf,1,QUET,,,,89,TB
van-ban-tong-hop,0089_TB_2020_NA.pdf,1,QUET,,PFU PDF Library 1.4.2,,89,TB
van-ban-tong-hop,0089_TB_2022_NA.pdf,1,QUET,,PFU PDF Library 2.0.1,,89,TB
van-ban-tong-hop,0089_TB_2023_NA.pdf,1,QUET,,PFUPDF Engine 1.2.0,,89,TB
van-ban-tong-hop,0090_TB_2018_NA.pdf,1,QUET,,,,90,TB
van-ban-tong-hop,0090_TB_2020_NA.pdf,1,QUET,,PFU PDF Library 1.4.2,,90,TB
van-ban-tong-hop,0090_TB_2022_NA.pdf,1,QUET,,PFU PDF Library 2.0.1,,90,TB
van-ban-tong-hop,0090_TB_2023_NA.pdf,1,QUET,,PFUPDF Engine 1.2.0,,90,TB
van-ban-tong-hop,0091_TB_0000_DHKT.pdf,1,QUET,,,,91,TB
van-ban-tong-hop,0091_TB_0000_DHKT-2.pdf,1,QUET,,PFU PDF Library 1.4.2,,91,TB
van-ban-tong-hop,0091_TB_0000_DHKT-3.pdf,1,QUET,,PFU PDF Library 1.4.2,,91,TB
van-ban-tong-hop,0091_TB_2023_NA.pdf,3,QUET,,PFU PDF Library 1.4.2,,91,TB
van-ban-tong-hop,0092_TB_0000_DHKT.pdf,1,QUET,,,,92,TB
van-ban-tong-hop,0092_TB_2017_NA.pdf,2,QUET,,,,92,TB
van-ban-tong-hop,0092_TB_2018_NA.pdf,2,QUET,,,,92,TB
van-ban-tong-hop,0092_TB_2021_NA.pdf,4,QUET,,PFU PDF Library 1.4.2,,92,TB
van-ban-tong-hop,0092_TB_2023_NA.pdf,1,QUET,,PFUPDF Engine 1.2.0,,92,TB
van-ban-tong-hop,0093_TB_2018_NA.pdf,1,QUET,,,,93,TB
van-ban-tong-hop,0093_TB_2022_NA.pdf,1,QUET,,PFU PDF Library 1.4.2,,93,TB
van-ban-tong-hop,0094_TB_0000_DHKTDN.pdf,3,QUET,,PFU PDF Library 2.0.1,,94,TB
van-ban-tong-hop,0094_TB_2021_NA.pdf,1,QUET,,PFU PDF Library 1.4.2,,94,TB
van-ban-tong-hop,0094_TB_2023_NA.pdf,1,QUET,,PFU PDF Library 1.4.2,,94,TB
van-ban-tong-hop,0095_TB_0000_DHKT.pdf,1,QUET,,,,95,TB
van-ban-tong-hop,0095_TB_0000_DHKT-2.pdf,1,QUET,,PFU PDF Library 2.0.1,,95,TB
van-ban-tong-hop,0095_TB_2018_NA.pdf,2,QUET,,,,95,TB
van-ban-tong-hop,0095_TB_2021_NA.pdf,1,QUET,,PFU PDF Library 1.4.2,,95,TB
van-ban-tong-hop,0095_TB_2023_NA.pdf,1,QUET,,PFU PDF Library 1.4.2,,95,TB
van-ban-tong-hop,0096_TB_0000_DHKT.pdf,1,QUET,,,,96,TB
van-ban-tong-hop,0096_TB_2022_NA.pdf,1,QUET,,PFU PDF Library 1.4.2,,96,TB
van-ban-tong-hop,0096_TB_2023_NA.pdf,1,QUET,,PFU PDF Library 1.4.2,,96,TB
van-ban-tong-hop,0097_TB_0000_DHKT.pdf,1,QUET,,,,97,TB
van-ban-tong-hop,0097_TB_2021_NA.pdf,2,QUET,,PFU PDF Library 1.4.2,,97,TB
van-ban-tong-hop,0097_TB_2022_NA.pdf,1,QUET,,PFU PDF Library 1.4.2,,97,TB
van-ban-tong-hop,0098_TB_0000_DHKT.pdf,1,QUET,,,,98,TB
van-ban-tong-hop,0098_TB_2018_NA.pdf,1,QUET,,,,98,TB
van-ban-tong-hop,0098_TB_2019_NA.pdf,2,QUET,,PFU PDF Library 1.4.2,,98,TB
van-ban-tong-hop,0098_TB_2021_NA.pdf,1,QUET,,PFU PDF Library 1.4.2,,98,TB
van-ban-tong-hop,0098_TB_2023_NA.pdf,1,QUET,,PFUPDF Engine 1.2.0,,98,TB
van-ban-tong-hop,0099_TB_0000_DHKT.pdf,1,QUET,,,,99,TB
van-ban-tong-hop,0099_TB_2021_NA.pdf,1,QUET,,PFU PDF Library 1.4.2,,99,TB
van-ban-tong-hop,0101_TB_0000_DHKT.pdf,1,QUET,,,,101,TB
van-ban-tong-hop,0101_TB_2023_NA.pdf,1,QUET,,PFU PDF Library 1.4.2,,101,TB
van-ban-tong-hop,0102_TB_0000_DHKT.pdf,1,QUET,,,,102,TB
van-ban-tong-hop,0102_TB_2021_NA.pdf,1,QUET,,PFU PDF Library 1.4.2,,102,TB
van-ban-tong-hop,0103_TB_2021_NA.pdf,1,QUET,,PFU PDF Library 1.4.2,,103,TB
van-ban-tong-hop,0104_TB_0000_DHKT.pdf,2,QUET,,,,104,TB
van-ban-tong-hop,0105_TB_0000_DHKT.pdf,4,QUET,,,,105,TB
van-ban-tong-hop,0107_TB_0000_DHKT.pdf,1,QUET,,,,107,TB
van-ban-tong-hop,0278_TB_2025_NA.pdf,1,QUET,,PFU PDF Library 1.4.2,,278,TB
van-ban-tong-hop,ngoai-614301e89a.pdf,2,QUET,,PFU PDF Library 1.4.2,,,
van-ban-tong-hop,ngoai-be85564a44.pdf,2,QUET,,PFU PDF Library 1.4.2,,,
van-ban-tong-hop,ngoai-7ba405308c.pdf,2,QUET,,,,,
van-ban-tong-hop,ngoai-3856feb243.pdf,1,QUET,,PFU PDF Library 1.4.2,,,
van-ban-tong-hop,ngoai-0941e19b95.pdf,6,QUET,,PFU PDF Library 1.4.2,,,
van-ban-tong-hop,ngoai-29b237f30f.pdf,5,QUET,,PFU PDF Library 1.4.2,,,
van-ban-tong-hop,ngoai-f000b3dd11.pdf,1,QUET,,PFU PDF Library 1.4.2,,,
van-ban-tong-hop,ngoai-93eb42d8ff.pdf,2,QUET,,PFU PDF Library 1.4.2,,,
van-ban-tong-hop,ngoai-6d9a3604b1.pdf,1,QUET,,PFU PDF Library 1.4.2,,,
van-ban-tong-hop,ngoai-d059c2ba5f.pdf,1,QUET,,PFU PDF Library 1.4.2,,,
van-ban-tong-hop,ngoai-e15bc591e1.pdf,5,LOP CHU TOT,0.2714,Microsoft® Word 2013,False,,
van-ban-tong-hop,ngoai-28cb1da98e.pdf,7,LOP CHU TOT,0.2763,Microsoft: Print To PDF,True,,
van-ban-tong-hop,ngoai-22e527c25f.pdf,14,LOP CHU TOT,0.2238,macOS Version 12.1 (Build 21C52) Quartz PDFContext,False,,
van-ban-tong-hop,ngoai-35bd73acdd.pdf,8,LOP CHU TOT,0.2034,Microsoft: Print To PDF,True,,
van-ban-tong-hop,ngoai-2ec580454a.pdf,8,LOP CHU TOT,0.2032,Microsoft: Print To PDF,True,,
van-ban-tong-hop,ngoai-9b68997528.pdf,13,LOP CHU TOT,0.2210,Microsoft® Word for Microsoft 365,False,,
van-ban-tong-hop,ngoai-5a11ac4c63.pdf,9,LOP CHU TOT,0.1754,Microsoft® Word 2010,False,,
van-ban-tong-hop,ngoai-44f1b7a038.pdf,12,LOP CHU TOT,0.2343,macOS Version 12.1 (Build 21C52) Quartz PDFContext,False,,
van-ban-tong-hop,ngoai-f44a5caaf9.pdf,8,LOP CHU TOT,0.2073,Microsoft: Print To PDF,True,,
van-ban-tong-hop,ngoai-8db8c7287f.pdf,8,LOP CHU TOT,0.2091,Microsoft: Print To PDF,True,,
van-ban-tong-hop,ngoai-063c36018a.pdf,12,LOP CHU TOT,0.2327,Microsoft® Word for Microsoft 365,False,,
van-ban-tong-hop,ngoai-b11e8eb82d.pdf,8,LOP CHU TOT,0.1995,Microsoft® Word 2010,False,,
van-ban-tong-hop,ngoai-12c748a0ea.pdf,12,LOP CHU TOT,0.2262,macOS Version 12.1 (Build 21C52) Quartz PDFContext,False,,
van-ban-tong-hop,ngoai-2be14cdfe0.pdf,8,LOP CHU TOT,0.2320,Microsoft® Word 2010,False,,
van-ban-tong-hop,ngoai-91e28245b2.pdf,8,LOP CHU TOT,0.2195,Microsoft: Print To PDF,True,,
van-ban-tong-hop,ngoai-bf01636d22.pdf,8,LOP CHU TOT,0.2213,Microsoft: Print To PDF,True,,
van-ban-tong-hop,ngoai-619925c9fa.pdf,12,LOP CHU TOT,0.2370,Microsoft® Word for Microsoft 365,False,,
van-ban-tong-hop,ngoai-16f18e97a8.pdf,11,LOP CHU TOT,0.2389,macOS Version 12.1 (Build 21C52) Quartz PDFContext,False,,
van-ban-tong-hop,ngoai-010ec27d57.pdf,11,LOP CHU TOT,0.2386,Microsoft® Word for Microsoft 365,False,,
van-ban-tong-hop,ngoai-7febb41b75.pdf,8,LOP CHU TOT,0.2170,Microsoft: Print To PDF,True,,
van-ban-tong-hop,ngoai-e1d9ee7f00.pdf,8,LOP CHU TOT,0.2180,Microsoft: Print To PDF,True,,
van-ban-tong-hop,ngoai-eff2f94405.pdf,8,LOP CHU TOT,0.2272,Microsoft® Word 2010,False,,
van-ban-tong-hop,ngoai-86cf72e5ee.pdf,12,LOP CHU TOT,0.2260,macOS Version 12.1 (Build 21C52) Quartz PDFContext,False,,
van-ban-tong-hop,ngoai-0a70f2642c.pdf,12,LOP CHU TOT,0.2323,Microsoft® Word for Microsoft 365,False,,
van-ban-tong-hop,ngoai-03a7adadaf.pdf,8,LOP CHU TOT,0.2244,Microsoft® Word 2010,False,,
van-ban-tong-hop,ngoai-d27b9d7cf6.pdf,8,LOP CHU TOT,0.2200,Microsoft: Print To PDF,True,,
van-ban-tong-hop,ngoai-4ab78b448a.pdf,8,LOP CHU TOT,0.2216,Microsoft: Print To PDF,True,,
van-ban-tong-hop,ngoai-614544c715.pdf,14,LOP CHU TOT,0.2392,macOS Version 12.1 (Build 21C52) Quartz PDFContext,True,,
van-ban-tong-hop,ngoai-16856afa6b.pdf,23,LOP CHU TOT,0.2257,Microsoft: Print To PDF,True,,
van-ban-tong-hop,ngoai-cd82d7663b.pdf,22,LOP CHU TOT,0.2252,Microsoft: Print To PDF,True,,
van-ban-tong-hop,ngoai-65899b940b.pdf,8,LOP CHU TOT,0.1885,Microsoft® Word 2013,False,,
van-ban-tong-hop,ngoai-c60a78f64c.pdf,12,LOP CHU TOT,0.2298,macOS Version 12.1 (Build 21C52) Quartz PDFContext,True,,
van-ban-tong-hop,ngoai-a55859cbfb.pdf,6,LOP CHU TOT,0.1871,Microsoft: Print To PDF,True,,
van-ban-tong-hop,ngoai-8749c1397c.pdf,7,LOP CHU TOT,0.1909,Microsoft: Print To PDF,True,,
van-ban-tong-hop,ngoai-e522502645.pdf,21,LOP CHU TOT,0.2433,Microsoft® Word 2013,False,,
van-ban-tong-hop,ngoai-c80898dc82.pdf,11,LOP CHU TOT,0.2303,Microsoft® Word for Microsoft 365,False,,
van-ban-tong-hop,ngoai-22b8320c9a.pdf,18,LOP CHU TOT,0.2300,macOS Version 12.1 (Build 21C52) Quartz PDFContext,True,,
van-ban-tong-hop,ngoai-61f1180a83.pdf,11,LOP CHU TOT,0.2272,Microsoft® Word for Microsoft 365,False,,
van-ban-tong-hop,ngoai-79473d6b91.pdf,16,LOP CHU TOT,0.1981,Microsoft® Word 2013,False,,
van-ban-tong-hop,ngoai-186bb3c041.pdf,8,LOP CHU TOT,0.1770,Microsoft: Print To PDF,True,,
van-ban-tong-hop,ngoai-e3b432913d.pdf,8,LOP CHU TOT,0.1780,Microsoft: Print To PDF,True,,
van-ban-tong-hop,ngoai-80099923d0.pdf,10,LOP CHU TOT,0.2085,macOS Version 12.1 (Build 21C52) Quartz PDFContext,True,,
van-ban-tong-hop,ngoai-018356d377.pdf,9,LOP CHU TOT,0.2097,Microsoft® Word for Microsoft 365,False,,
van-ban-tong-hop,ngoai-4757acefb7.pdf,12,LOP CHU TOT,0.2049,Microsoft® Word 2013,False,,
van-ban-tong-hop,ngoai-776d7ae13e.pdf,22,LOP CHU TOT,0.2003,Microsoft: Print To PDF,True,,
van-ban-tong-hop,ngoai-17a719ab60.pdf,22,LOP CHU TOT,0.1980,Microsoft: Print To PDF,True,,
van-ban-tong-hop,ngoai-e521d84d78.pdf,10,LOP CHU TOT,0.2592,Microsoft® Word LTSC,False,,
van-ban-tong-hop,ngoai-2929882d00.pdf,3,LOP CHU TOT,0.2465,Microsoft® Word 2010,,,
van-ban-tong-hop,ngoai-f8a1fcdea8.pdf,7,LOP CHU TOT,0.2085,macOS Version 12.1 (Build 21C52) Quartz PDFContext,True,,
van-ban-tong-hop,ngoai-ca86b1b075.pdf,10,LOP CHU TOT,0.2593,Microsoft: Print To PDF,True,,
van-ban-tong-hop,ngoai-e1883bd022.pdf,6,LOP CHU TOT,0.2531,Microsoft® Word 2010,False,,
van-ban-tong-hop,ngoai-ca2d666ee6.pdf,26,LOP CHU TOT,0.1753,Microsoft® Word 2019,False,,
van-ban-tong-hop,ngoai-f0fd5291d3.pdf,33,LOP CHU TOT,0.1760,Microsoft® Word 2019,False,,
van-ban-tong-hop,ngoai-db0f1f638a.pdf,24,LOP CHU TOT,0.1854,Microsoft® Word 2010,False,,
van-ban-tong-hop,ngoai-06571a75fe.pdf,25,LOP CHU TOT,0.1802,Microsoft® Word 2010,False,,
van-ban-tong-hop,ngoai-4731b2c57c.pdf,20,LOP CHU TOT,0.2652,Developer Express Inc. DXperience (tm) v24.1.3,True,,
van-ban-tong-hop,ngoai-f4a4c3aa1c.pdf,7,LOP CHU TOT,0.2013,Microsoft® Word for Microsoft 365,False,,
van-ban-tong-hop,ngoai-96f490ae10.pdf,26,LOP CHU TOT,0.1734,Microsoft® Word 2013,False,,
van-ban-tong-hop,ngoai-ef203a73b0.pdf,27,LOP CHU TOT,0.1771,Microsoft: Print To PDF,True,,
van-ban-tong-hop,ngoai-9bb652656b.pdf,17,LOP CHU TOT,0.2700,Developer Express Inc. DXperience (tm) v24.1.3,True,,
van-ban-tong-hop,ngoai-1df818b615.pdf,11,LOP CHU TOT,0.1981,macOS Version 12.1 (Build 21C52) Quartz PDFContext,True,,
van-ban-tong-hop,ngoai-13d3b5b138.pdf,9,LOP CHU TOT,0.2227,macOS Version 12.1 (Build 21C52) Quartz PDFContext,True,,
van-ban-tong-hop,ngoai-454a81074c.pdf,11,LOP CHU TOT,0.2454,macOS Version 12.1 (Build 21C52) Quartz PDFContext,True,,
van-ban-tong-hop,ngoai-3b090a87b0.pdf,6,LOP CHU TOT,0.1912,Microsoft® Word for Microsoft 365,False,,
van-ban-tong-hop,ngoai-438ad9b28f.pdf,9,LOP CHU TOT,0.1985,Microsoft® Word 2016,False,,
van-ban-tong-hop,ngoai-e8374c631e.pdf,14,LOP CHU TOT,0.1842,Microsoft: Print To PDF,True,,
van-ban-tong-hop,ngoai-8e2338bb70.pdf,14,LOP CHU TOT,0.1858,Microsoft: Print To PDF,True,,
van-ban-tong-hop,ngoai-152d1e4a51.pdf,11,LOP CHU TOT,0.2313,Microsoft® Word for Microsoft 365,False,,
van-ban-tong-hop,ngoai-979e97fd0c.pdf,13,LOP CHU TOT,0.2091,macOS Version 12.1 (Build 21C52) Quartz PDFContext,True,,
van-ban-tong-hop,ngoai-acc98100d9.pdf,9,LOP CHU TOT,0.2369,macOS Version 12.1 (Build 21C52) Quartz PDFContext,True,,
van-ban-tong-hop,ngoai-9120e7f038.pdf,10,LOP CHU TOT,0.2415,macOS Version 12.1 (Build 21C52) Quartz PDFContext,True,,
van-ban-tong-hop,ngoai-bc077f70b1.pdf,7,LOP CHU TOT,0.1883,Microsoft® Word 2013,False,,
van-ban-tong-hop,ngoai-09abe0ea2d.pdf,10,LOP CHU TOT,0.2458,Microsoft® Word for Microsoft 365,False,,
van-ban-tong-hop,ngoai-4b8dcc753f.pdf,12,LOP CHU TOT,0.1929,Microsoft: Print To PDF,True,,
van-ban-tong-hop,ngoai-8f5d42c0ce.pdf,11,LOP CHU TOT,0.1993,Microsoft: Print To PDF,True,,
van-ban-tong-hop,ngoai-b39f7d7981.pdf,8,LOP CHU TOT,0.2329,Microsoft® Word for Microsoft 365,False,,
van-ban-tong-hop,ngoai-17ceb495e3.pdf,8,LOP CHU TOT,0.1859,macOS Version 12.1 (Build 21C52) Quartz PDFContext,True,,
van-ban-tong-hop,ngoai-58084db86a.pdf,9,LOP CHU TOT,0.2265,macOS Version 12.1 (Build 21C52) Quartz PDFContext,True,,
van-ban-tong-hop,ngoai-84d8c77784.pdf,14,LOP CHU TOT,0.2389,macOS Version 12.1 (Build 21C52) Quartz PDFContext,True,,
van-ban-tong-hop,ngoai-b736ffbb35.pdf,13,LOP CHU TOT,0.1915,Microsoft: Print To PDF,True,,
van-ban-tong-hop,ngoai-5e84b2a851.pdf,6,LOP CHU TOT,0.2245,Microsoft® Word for Microsoft 365,False,,
van-ban-tong-hop,ngoai-246cffc409.pdf,12,LOP CHU TOT,0.2003,Microsoft: Print To PDF,True,,
van-ban-tong-hop,ngoai-9a06bab60d.pdf,9,LOP CHU TOT,0.2131,Microsoft: Print To PDF,True,,
van-ban-tong-hop,ngoai-7f62173113.pdf,11,LOP CHU TOT,0.2458,Microsoft® Word for Microsoft 365,False,,
van-ban-tong-hop,ngoai-458b4a7dae.pdf,9,LOP CHU TOT,0.2131,Microsoft: Print To PDF,True,,
van-ban-tong-hop,ngoai-ae0e026ccb.pdf,8,LOP CHU TOT,0.1934,macOS Version 12.1 (Build 21C52) Quartz PDFContext,True,,
van-ban-tong-hop,ngoai-46b027fa39.pdf,9,LOP CHU TOT,0.2138,macOS Version 12.1 (Build 21C52) Quartz PDFContext,True,,
van-ban-tong-hop,ngoai-8c3e8f8b72.pdf,11,LOP CHU TOT,0.2441,macOS Version 12.1 (Build 21C52) Quartz PDFContext,True,,
van-ban-tong-hop,ngoai-849db8e725.pdf,11,LOP CHU TOT,0.1935,Microsoft: Print To PDF,True,,
van-ban-tong-hop,ngoai-e6a31f9b34.pdf,7,LOP CHU TOT,0.2263,Microsoft® Word for Microsoft 365,False,,
van-ban-tong-hop,ngoai-884633dcad.pdf,10,LOP CHU TOT,0.2082,Microsoft: Print To PDF,True,,
van-ban-tong-hop,ngoai-c016fe5380.pdf,10,LOP CHU TOT,0.1912,Microsoft: Print To PDF,True,,
van-ban-tong-hop,ngoai-a8fd9613a1.pdf,9,LOP CHU TOT,0.2284,Microsoft® Word for Microsoft 365,False,,
van-ban-tong-hop,ngoai-b396b63091.pdf,10,LOP CHU TOT,0.2295,Microsoft: Print To PDF,True,,
van-ban-tong-hop,ngoai-7ff39ab92c.pdf,8,LOP CHU TOT,0.2307,macOS Version 12.1 (Build 21C52) Quartz PDFContext,True,,
van-ban-tong-hop,ngoai-c46fbce1e8.pdf,11,LOP CHU TOT,0.2219,macOS Version 12.1 (Build 21C52) Quartz PDFContext,True,,
van-ban-tong-hop,ngoai-71f3becc1a.pdf,9,LOP CHU TOT,0.1892,Microsoft: Print To PDF,True,,
van-ban-tong-hop,ngoai-5165d9a0f8.pdf,10,LOP CHU TOT,0.2320,Microsoft® Word for Microsoft 365,False,,
van-ban-tong-hop,ngoai-5723fe377d.pdf,11,LOP CHU TOT,0.2021,Microsoft: Print To PDF,True,,
van-ban-tong-hop,ngoai-f3ad7fa831.pdf,10,LOP CHU TOT,0.2295,Microsoft: Print To PDF,True,,
van-ban-tong-hop,ngoai-d222d5ff51.pdf,12,LOP CHU TOT,0.2308,Microsoft® Word for Microsoft 365,False,,
van-ban-tong-hop,ngoai-fa254ba636.pdf,9,LOP CHU TOT,0.2187,Microsoft: Print To PDF,True,,
van-ban-tong-hop,ngoai-ea90bde122.pdf,10,LOP CHU TOT,0.2287,macOS Version 12.1 (Build 21C52) Quartz PDFContext,True,,
van-ban-tong-hop,ngoai-e5c82d65da.pdf,10,LOP CHU TOT,0.2305,macOS Version 12.1 (Build 21C52) Quartz PDFContext,True,,
van-ban-tong-hop,ngoai-80216debdc.pdf,9,LOP CHU TOT,0.1934,Microsoft: Print To PDF,True,,
van-ban-tong-hop,ngoai-553524a274.pdf,10,LOP CHU TOT,0.2323,Microsoft® Word for Microsoft 365,False,,
van-ban-tong-hop,ngoai-083434c309.pdf,7,LOP CHU TOT,0.2163,Microsoft: Print To PDF,True,,
van-ban-tong-hop,ngoai-33d0d3b5e9.pdf,9,LOP CHU TOT,0.1870,Microsoft: Print To PDF,True,,
van-ban-tong-hop,ngoai-0f42e7da57.pdf,12,LOP CHU TOT,0.2289,Microsoft® Word for Microsoft 365,False,,
van-ban-tong-hop,ngoai-895e402fc6.pdf,9,LOP CHU TOT,0.2044,Microsoft: Print To PDF,True,,
van-ban-tong-hop,ngoai-b93fae3256.pdf,10,LOP CHU TOT,0.2279,macOS Version 12.1 (Build 21C52) Quartz PDFContext,True,,
van-ban-tong-hop,ngoai-ef41850f71.pdf,11,LOP CHU TOT,0.2262,macOS Version 12.1 (Build 21C52) Quartz PDFContext,True,,
van-ban-tong-hop,ngoai-81e49ca9c8.pdf,11,LOP CHU TOT,0.2330,Microsoft® Word for Microsoft 365,False,,
van-ban-tong-hop,ngoai-a450003a25.pdf,10,LOP CHU TOT,0.2064,Microsoft: Print To PDF,True,,
van-ban-tong-hop,ngoai-c13ac9eda8.pdf,9,LOP CHU TOT,0.2187,Microsoft: Print To PDF,True,,
van-ban-tong-hop,ngoai-6dadf0b50b.pdf,8,LOP CHU TOT,0.2288,Microsoft® Word 2013,False,,
van-ban-tong-hop,ngoai-c4fd8fc473.pdf,12,LOP CHU TOT,0.2343,Microsoft® Word for Microsoft 365,False,,
van-ban-tong-hop,ngoai-22e91eca09.pdf,11,LOP CHU TOT,0.2337,macOS Version 12.1 (Build 21C52) Quartz PDFContext,True,,
van-ban-tong-hop,ngoai-f330f52dbe.pdf,11,LOP CHU TOT,0.2409,macOS Version 12.1 (Build 21C52) Quartz PDFContext,True,,
van-ban-tong-hop,ngoai-a8ae6c553a.pdf,9,LOP CHU TOT,0.2172,Microsoft® Word for Microsoft 365,False,,
van-ban-tong-hop,ngoai-fdf0720c52.pdf,7,LOP CHU TOT,0.2141,Microsoft® Word for Microsoft 365,False,,
van-ban-tong-hop,ngoai-c864e04834.pdf,10,LOP CHU TOT,0.2055,Microsoft: Print To PDF,True,,
van-ban-tong-hop,ngoai-ac691733ad.pdf,9,LOP CHU TOT,0.2055,Microsoft: Print To PDF,True,,
van-ban-tong-hop,ngoai-59db7b76db.pdf,7,LOP CHU TOT,0.2224,Microsoft® Word 2013,False,,
van-ban-tong-hop,ngoai-6294ef8690.pdf,3,LOP CHU TOT,0.2156,macOS Version 12.1 (Build 21C52) Quartz PDFContext,True,,
van-ban-tong-hop,ngoai-ef2d07b778.pdf,11,LOP CHU TOT,0.2443,macOS Version 12.1 (Build 21C52) Quartz PDFContext,True,,
van-ban-tong-hop,ngoai-075cd64955.pdf,8,LOP CHU TOT,0.2198,Microsoft® Word for Microsoft 365,False,,
van-ban-tong-hop,ngoai-e5791756e7.pdf,6,LOP CHU TOT,0.2109,Microsoft® Word for Microsoft 365,False,,
van-ban-tong-hop,ngoai-6f81c36663.pdf,11,LOP CHU TOT,0.2032,Microsoft: Print To PDF,True,,
van-ban-tong-hop,ngoai-24db4dde04.pdf,9,LOP CHU TOT,0.2044,Microsoft: Print To PDF,True,,
van-ban-tong-hop,ngoai-88c6a9e30f.pdf,11,LOP CHU TOT,0.2202,Microsoft® Word 2013,False,,
van-ban-tong-hop,ngoai-83cf47fafc.pdf,3,LOP CHU TOT,0.2186,macOS Version 12.1 (Build 21C52) Quartz PDFContext,True,,
van-ban-tong-hop,ngoai-dce997e48d.pdf,12,LOP CHU TOT,0.2369,macOS Version 12.1 (Build 21C52) Quartz PDFContext,True,,
van-ban-tong-hop,ngoai-21edaba2f1.pdf,7,LOP CHU TOT,0.2080,Microsoft® Word for Microsoft 365,False,,
van-ban-tong-hop,ngoai-4101c749f9.pdf,6,LOP CHU TOT,0.2209,Microsoft® Word for Microsoft 365,False,,
van-ban-tong-hop,ngoai-a3fb741886.pdf,7,LOP CHU TOT,0.2068,Microsoft: Print To PDF,True,,
van-ban-tong-hop,ngoai-6218712ee6.pdf,8,LOP CHU TOT,0.2165,Microsoft: Print To PDF,True,,
van-ban-tong-hop,ngoai-af76fc22f7.pdf,12,LOP CHU TOT,0.2204,Microsoft® Word 2013,False,,
van-ban-tong-hop,ngoai-5e0fd4e395.pdf,25,LOP CHU TOT,0.1756,Microsoft® Word LTSC,False,,
van-ban-tong-hop,ngoai-ea7ceba724.pdf,8,LOP CHU TOT,0.2178,macOS Version 12.1 (Build 21C52) Quartz PDFContext,True,,
van-ban-tong-hop,ngoai-dfb62094ca.pdf,25,LOP CHU TOT,0.1756,Microsoft: Print To PDF,True,,
van-ban-tong-hop,ngoai-be0dbd30df.pdf,98,LOP CHU TOT,0.1859,Microsoft® Word 2019,False,,
van-ban-tong-hop,ngoai-9c8ec87bca.pdf,153,LOP CHU TOT,0.1827,Microsoft® Word 2019,False,,
van-ban-tong-hop,ngoai-8f48a8a645.pdf,98,LOP CHU TOT,0.2073,Microsoft® Word 2010,False,,
van-ban-tong-hop,ngoai-33a4389dd9.pdf,142,LOP CHU TOT,0.1816,Microsoft® Word 2010,False,,
van-ban-tong-hop,ngoai-158de8df65.pdf,119,LOP CHU TOT,0.2814,Developer Express Inc. DXperience (tm) v24.1.3,True,,
van-ban-tong-hop,ngoai-7e894f322f.pdf,8,LOP CHU TOT,0.2165,Microsoft® Word for Microsoft 365,False,,
van-ban-tong-hop,ngoai-0208534c31.pdf,119,LOP CHU TOT,0.1812,Microsoft® Word 2013,False,,
van-ban-tong-hop,ngoai-79e1026ec0.pdf,154,LOP CHU TOT,0.1838,Microsoft: Print To PDF,True,,
van-ban-tong-hop,ngoai-6febbc3426.pdf,89,LOP CHU TOT,0.2860,Developer Express Inc. DXperience (tm) v24.1.3,True,,
van-ban-tong-hop,ngoai-a4ebc59aa8.pdf,2,LOP CHU TOT,0.2235,macOS Version 12.1 (Build 21C52) Quartz PDFContext,True,,
van-ban-tong-hop,ngoai-07126278c7.pdf,12,LOP CHU TOT,0.2336,macOS Version 12.1 (Build 21C52) Quartz PDFContext,True,,
van-ban-tong-hop,ngoai-5199dbe91a.pdf,11,LOP CHU TOT,0.2101,Microsoft® Word for Microsoft 365,False,,
van-ban-tong-hop,ngoai-6f3efb3378.pdf,3,QUET,,PFU PDF Library 1.4.2,,,
van-ban-tong-hop,ngoai-00bcbb6489.pdf,8,LOP CHU TOT,0.2262,Microsoft® Word for Microsoft 365,False,,
van-ban-tong-hop,ngoai-f4871fc567.pdf,6,LOP CHU TOT,0.2004,Microsoft: Print To PDF,True,,
van-ban-tong-hop,ngoai-f46193dc96.pdf,8,LOP CHU TOT,0.2075,Microsoft: Print To PDF,True,,
van-ban-tong-hop,ngoai-7e87e55129.pdf,88,LOP CHU TOT,0.1808,Microsoft® Word 2016,False,,
van-ban-tong-hop,ngoai-53a6951204.pdf,91,LOP CHU TOT,0.1896,Microsoft® Word 2019,False,,
van-ban-tong-hop,ngoai-b17aebc50c.pdf,3,LOP CHU TOT,0.2528,Microsoft® Word 2019,False,,
van-ban-tong-hop,ngoai-89473dcf02.pdf,4,LOP CHU TOT,0.2509,Microsoft® Word 2016,False,,
van-ban-tong-hop,ngoai-4246242fb2.pdf,21,LOP CHU TOT,0.1785,Microsoft® Word 2019,False,,
van-ban-tong-hop,ngoai-27607cd349.pdf,22,LOP CHU TOT,0.1758,Microsoft® Word 2016,False,,
van-ban-tong-hop,ngoai-9052bf187d.pdf,27,LOP CHU TOT,0.1937,Microsoft® Word 2019,False,,
van-ban-tong-hop,ngoai-7b42a6bf69.pdf,40,LOP CHU TOT,0.1885,Microsoft® Word 2016,False,,
van-ban-tong-hop,ngoai-0a53aa0170.pdf,108,LOP CHU TOT,0.1922,Microsoft® Word 2019,False,,
van-ban-tong-hop,ngoai-ec4f93b6fd.pdf,90,LOP CHU TOT,0.1808,Microsoft® Word 2016,False,,
van-ban-tong-hop,ngoai-fa68432457.pdf,5,LOP CHU TOT,0.2673,Microsoft® Word 2019,False,,
van-ban-tong-hop,ngoai-3c8cdd38c9.pdf,4,LOP CHU TOT,0.2530,Microsoft® Word 2016,False,,
van-ban-tong-hop,ngoai-b02c1395cf.pdf,22,LOP CHU TOT,0.1778,Microsoft® Word 2019,False,,
van-ban-tong-hop,ngoai-70bf1a0dc5.pdf,24,LOP CHU TOT,0.1791,Microsoft® Word 2016,False,,
van-ban-tong-hop,ngoai-eb3543fe1c.pdf,36,LOP CHU TOT,0.2300,Microsoft: Print To PDF,True,,
van-ban-tong-hop,ngoai-81447c0135.pdf,28,LOP CHU TOT,0.1937,Microsoft® Word 2019,False,,
van-ban-tong-hop,ngoai-72afb4496f.pdf,101,LOP CHU TOT,0.2965,Developer Express Inc. DXperience (tm) v24.1.3,True,,
van-ban-tong-hop,ngoai-6ddb0355e7.pdf,4,LOP CHU TOT,0.2729,Developer Express Inc. DXperience (tm) v24.1.3,True,,
van-ban-tong-hop,ngoai-9de407b0a8.pdf,18,LOP CHU TOT,0.2741,Developer Express Inc. DXperience (tm) v24.1.3,True,,
van-ban-tong-hop,ngoai-9717d70df1.pdf,66,LOP CHU TOT,0.2586,Developer Express Inc. DXperience (tm) v24.1.3,True,,
van-ban-tong-hop,ngoai-0a43db07a9.pdf,16,LOP CHU TOT,0.2653,Developer Express Inc. DXperience (tm) v21.2.5,True,,
van-ban-tong-hop,ngoai-b44782e9a1.pdf,924,LOP CHU TOT,0.2903,Developer Express Inc. DXperience (tm) v24.1.3,True,,
van-ban-tong-hop,ngoai-143770764f.pdf,19,LOP CHU TOT,0.2725,Microsoft® Word for Microsoft 365,False,,
van-ban-tong-hop,ngoai-ebf35d6803.pdf,15,LOP CHU TOT,0.2246,macOS Version 12.1 (Build 21C52) Quartz PDFContext,True,,
van-ban-tong-hop,ngoai-4b61961e69.pdf,12,LOP CHU TOT,0.2361,macOS Version 12.1 (Build 21C52) Quartz PDFContext,True,,
van-ban-tong-hop,ngoai-c595966acb.pdf,13,LOP CHU TOT,0.2450,Microsoft® Word for Microsoft 365,False,,
van-ban-tong-hop,ngoai-aa83d95d9e.pdf,3,QUET,,PFU PDF Library 1.4.2,,,
van-ban-tong-hop,ngoai-894a5e2b7b.pdf,6,LOP CHU TOT,0.2151,Microsoft: Print To PDF,True,,
van-ban-tong-hop,ngoai-b3bd3da93b.pdf,8,LOP CHU TOT,0.2043,Microsoft: Print To PDF,True,,
van-ban-tong-hop,ngoai-98a7a914cc.pdf,12,LOP CHU TOT,0.2061,Microsoft® Word for Microsoft 365,False,,
van-ban-tong-hop,ngoai-f4987407b9.pdf,13,LOP CHU TOT,0.2208,macOS Version 12.1 (Build 21C52) Quartz PDFContext,True,,
van-ban-tong-hop,ngoai-4a2344ca0b.pdf,10,LOP CHU TOT,0.1924,Microsoft® Word for Microsoft 365,False,,
van-ban-tong-hop,ngoai-7adcd9a57c.pdf,14,LOP CHU TOT,0.2363,Microsoft® Word for Microsoft 365,False,,
van-ban-tong-hop,ngoai-761bf54259.pdf,2,QUET,,PFU PDF Library 1.4.2,,,
van-ban-tong-hop,ngoai-aacb6a4b5d.pdf,9,LOP CHU TOT,0.2032,Microsoft: Print To PDF,True,,
van-ban-tong-hop,ngoai-d1a5aeb702.pdf,7,LOP CHU TOT,0.2034,Microsoft: Print To PDF,True,,
van-ban-tong-hop,ngoai-144374d435.pdf,16,LOP CHU TOT,0.2317,macOS Version 12.1 (Build 21C52) Quartz PDFContext,True,,
van-ban-tong-hop,ngoai-fb20e928e0.pdf,6,LOP CHU TOT,0.2148,Microsoft® Word 2010,False,,
van-ban-tong-hop,ngoai-c823cf4d40.pdf,11,LOP CHU TOT,0.2071,Microsoft® Word for Microsoft 365,False,,
van-ban-tong-hop,ngoai-7cc8c95890.pdf,11,LOP CHU TOT,0.2146,Microsoft® Word for Microsoft 365,False,,
van-ban-tong-hop,ngoai-8cae673254.pdf,8,LOP CHU TOT,0.2117,Microsoft: Print To PDF,True,,
van-ban-tong-hop,ngoai-ce242f41c7.pdf,3,QUET,,Microsoft: Print To PDF,True,,
van-ban-tong-hop,ngoai-d5f16bc93a.pdf,15,LOP CHU TOT,0.1966,macOS Version 12.1 (Build 21C52) Quartz PDFContext,True,,
van-ban-tong-hop,ngoai-cf978c7e2d.pdf,11,LOP CHU TOT,0.2168,Microsoft® Word for Microsoft 365,False,,
van-ban-tong-hop,ngoai-73a7e3feda.pdf,10,LOP CHU TOT,0.2203,Microsoft® Word for Microsoft 365,False,,
van-ban-tong-hop,ngoai-11c0b4ce64.pdf,8,LOP CHU TOT,0.2110,Microsoft: Print To PDF,True,,
van-ban-tong-hop,ngoai-1cd4b13dd8.pdf,6,LOP CHU TOT,0.1955,Microsoft: Print To PDF,True,,
van-ban-tong-hop,ngoai-94d28eaa2a.pdf,12,LOP CHU TOT,0.2139,macOS Version 12.1 (Build 21C52) Quartz PDFContext,True,,
van-ban-tong-hop,ngoai-294d4e5f6e.pdf,10,LOP CHU TOT,0.2361,Microsoft® Word for Microsoft 365,False,,
van-ban-tong-hop,ngoai-625ece9803.pdf,10,LOP CHU TOT,0.2412,Microsoft® Word for Microsoft 365,False,,
van-ban-tong-hop,ngoai-8b1ba5453d.pdf,10,LOP CHU TOT,0.2018,Microsoft: Print To PDF,True,,
van-ban-tong-hop,ngoai-ed6c003490.pdf,8,LOP CHU TOT,0.1883,Microsoft: Print To PDF,True,,
van-ban-tong-hop,ngoai-05f6dfce91.pdf,10,LOP CHU TOT,0.2211,macOS Version 12.1 (Build 21C52) Quartz PDFContext,True,,
van-ban-tong-hop,ngoai-eac7db80a5.pdf,18,LOP CHU TOT,0.2290,macOS Version 12.1 (Build 21C52) Quartz PDFContext,True,,
van-ban-tong-hop,ngoai-d3bee31f30.pdf,10,LOP CHU TOT,0.2274,Microsoft® Word for Microsoft 365,False,,
van-ban-tong-hop,ngoai-e7a4990a9e.pdf,10,LOP CHU TOT,0.2471,Microsoft® Word for Microsoft 365,False,,
van-ban-tong-hop,ngoai-eec6f6f4d9.pdf,11,LOP CHU TOT,0.2084,Microsoft: Print To PDF,True,,
van-ban-tong-hop,ngoai-5ddbaa2963.pdf,9,LOP CHU TOT,0.1801,Microsoft: Print To PDF,True,,
van-ban-tong-hop,ngoai-177739ee5a.pdf,12,LOP CHU TOT,0.1921,macOS Version 12.1 (Build 21C52) Quartz PDFContext,True,,
van-ban-tong-hop,ngoai-68a2f27861.pdf,9,LOP CHU TOT,0.2422,macOS Version 12.1 (Build 21C52) Quartz PDFContext,True,,
van-ban-tong-hop,ngoai-e7022ebd37.pdf,10,LOP CHU TOT,0.2111,Microsoft® Word for Microsoft 365,False,,
van-ban-tong-hop,ngoai-5f8abc7538.pdf,10,LOP CHU TOT,0.2299,Microsoft® Word for Microsoft 365,False,,
van-ban-tong-hop,ngoai-0f8301b4a7.pdf,9,LOP CHU TOT,0.2192,Microsoft® Word 2013,False,,
van-ban-tong-hop,ngoai-cb4209ce97.pdf,8,LOP CHU TOT,0.1704,Microsoft: Print To PDF,True,,
van-ban-tong-hop,ngoai-8a70a44489.pdf,7,LOP CHU TOT,0.2036,Microsoft: Print To PDF,True,,
van-ban-tong-hop,ngoai-f7fb0e4e17.pdf,12,LOP CHU TOT,0.1985,macOS Version 12.1 (Build 21C52) Quartz PDFContext,True,,
van-ban-tong-hop,ngoai-f32eae7753.pdf,32,LOP CHU TOT,0.2344,macOS Version 12.1 (Build 21C52) Quartz PDFContext,True,,
van-ban-tong-hop,ngoai-90080f4a9c.pdf,10,LOP CHU TOT,0.2421,Microsoft® Word for Microsoft 365,False,,
van-ban-tong-hop,ngoai-0987e69d37.pdf,19,LOP CHU TOT,0.1675,Microsoft® Word for Microsoft 365,False,,
van-ban-tong-hop,ngoai-39d5af9cd7.pdf,7,LOP CHU TOT,0.2114,Microsoft® Word 2013,False,,
van-ban-tong-hop,ngoai-061048682f.pdf,8,LOP CHU TOT,0.2124,Microsoft: Print To PDF,True,,
van-ban-tong-hop,ngoai-c0f6150cce.pdf,9,LOP CHU TOT,0.1933,Microsoft: Print To PDF,True,,
van-ban-tong-hop,ngoai-db98e3039e.pdf,11,LOP CHU TOT,0.2139,macOS Version 12.1 (Build 21C52) Quartz PDFContext,True,,
van-ban-tong-hop,ngoai-9470a5c836.pdf,19,LOP CHU TOT,0.2206,macOS Version 12.1 (Build 21C52) Quartz PDFContext,True,,
van-ban-tong-hop,ngoai-b833719c23.pdf,19,LOP CHU TOT,0.2332,Microsoft® Word for Microsoft 365,False,,
van-ban-tong-hop,ngoai-3e889145b0.pdf,3,QUET,,PFU PDF Library 2.0.1,,,
van-ban-tong-hop,ngoai-7ca4acd2c8.pdf,8,LOP CHU TOT,0.2110,Microsoft: Print To PDF,True,,
van-ban-tong-hop,ngoai-ea4ae0b142.pdf,8,LOP CHU TOT,0.2072,Microsoft: Print To PDF,True,,
van-ban-tong-hop,ngoai-e07842cf91.pdf,7,LOP CHU TOT,0.2082,Microsoft® Word 2013,False,,
van-ban-tong-hop,ngoai-205fe8a231.pdf,7,LOP CHU TOT,0.1840,Microsoft® Word for Microsoft 365,False,,
van-ban-tong-hop,ngoai-67b548d485.pdf,119,LOP CHU TOT,0.1825,ABBYY FineReader PDF 15,False,,
van-ban-tong-hop,ngoai-96722a9299.pdf,22,LOP CHU TOT,0.1767,Microsoft® Word 2010,False,,
van-ban-tong-hop,ngoai-8f2e51ff2b.pdf,27,LOP CHU TOT,0.1783,Microsoft® Word for Microsoft 365,False,,
van-ban-tong-hop,ngoai-ac537eb5ab.pdf,8,LOP CHU TOT,0.2299,macOS Version 12.1 (Build 21C52) Quartz PDFContext,True,,
van-ban-tong-hop,ngoai-7202825d80.pdf,120,LOP CHU TOT,0.1825,Microsoft: Print To PDF,True,,
van-ban-tong-hop,ngoai-c6555732d9.pdf,22,LOP CHU TOT,0.1776,Microsoft® Word 2010,False,,
van-ban-tong-hop,ngoai-4d195ba00d.pdf,26,LOP CHU TOT,0.1783,Microsoft® Word for Microsoft 365,False,,
van-ban-tong-hop,ngoai-a7646b68ab.pdf,33,LOP CHU TOT,0.2000,Microsoft® Word 2019,False,,
van-ban-tong-hop,ngoai-aced3f21bc.pdf,83,LOP CHU TOT,0.2000,Microsoft® Word 2019,False,,
van-ban-tong-hop,ngoai-9c9f2d0388.pdf,30,LOP CHU TOT,0.1918,Microsoft® Word 2010,False,,
van-ban-tong-hop,ngoai-f987696610.pdf,76,LOP CHU TOT,0.1906,Microsoft® Word 2010,False,,
van-ban-tong-hop,ngoai-f610ebeb76.pdf,4,LOP CHU TOT,0.2578,Developer Express Inc. DXperience (tm) v24.1.3,True,,
van-ban-tong-hop,ngoai-4ca72661e0.pdf,40,LOP CHU TOT,0.1905,Microsoft® Word 2013,False,,
van-ban-tong-hop,ngoai-f924885578.pdf,74,LOP CHU TOT,0.2000,Microsoft: Print To PDF,True,,
van-ban-tong-hop,ngoai-e19cdc82d2.pdf,4,LOP CHU TOT,0.2574,Developer Express Inc. DXperience (tm) v24.1.3,True,,
van-ban-tong-hop,ngoai-73961bf228.pdf,8,LOP CHU TOT,0.2301,Microsoft® Word for Microsoft 365,False,,
van-ban-tong-hop,ngoai-cb97f4dc84.pdf,15,LOP CHU TOT,0.2030,macOS Version 12.1 (Build 21C52) Quartz PDFContext,True,,
van-ban-tong-hop,ngoai-0d33683d30.pdf,13,LOP CHU TOT,0.2449,macOS Version 12.1 (Build 21C52) Quartz PDFContext,True,,
van-ban-tong-hop,ngoai-18d0cbfb5d.pdf,7,LOP CHU TOT,0.2131,Microsoft® Word 2013,False,,
van-ban-tong-hop,ngoai-c5aa4d2047.pdf,7,LOP CHU TOT,0.2018,Microsoft® Word for Microsoft 365,False,,
van-ban-tong-hop,ngoai-3b4681b756.pdf,8,LOP CHU TOT,0.1883,Microsoft: Print To PDF,True,,
van-ban-tong-hop,ngoai-2abecfe4ec.pdf,9,LOP CHU TOT,0.2024,Microsoft: Print To PDF,True,,
van-ban-tong-hop,ngoai-5c6edeb6bd.pdf,9,LOP CHU TOT,0.2250,Microsoft® Word for Microsoft 365,False,,
van-ban-tong-hop,ngoai-7a59942784.pdf,14,LOP CHU TOT,0.2288,macOS Version 12.1 (Build 21C52) Quartz PDFContext,True,,
van-ban-tong-hop,ngoai-4ed012c702.pdf,21,LOP CHU TOT,0.2247,macOS Version 12.1 (Build 21C52) Quartz PDFContext,True,,
van-ban-tong-hop,ngoai-17614a39c0.pdf,12,LOP CHU TOT,0.2405,Microsoft® Word for Microsoft 365,False,,
van-ban-tong-hop,ngoai-519f7e2688.pdf,6,LOP CHU TOT,0.1972,Microsoft® Word for Microsoft 365,False,,
van-ban-tong-hop,ngoai-a4ff802683.pdf,8,LOP CHU TOT,0.2020,Microsoft: Print To PDF,True,,
van-ban-tong-hop,ngoai-8452161710.pdf,8,LOP CHU TOT,0.1804,Microsoft: Print To PDF,True,,
van-ban-tong-hop,ngoai-6b211f296a.pdf,7,LOP CHU TOT,0.2118,Microsoft® Word 2013,False,,
van-ban-tong-hop,ngoai-7db72a2515.pdf,12,LOP CHU TOT,0.2118,macOS Version 12.1 (Build 21C52) Quartz PDFContext,True,,
van-ban-tong-hop,ngoai-237c403dde.pdf,13,LOP CHU TOT,0.2393,macOS Version 12.1 (Build 21C52) Quartz PDFContext,True,,
van-ban-tong-hop,ngoai-8693acd843.pdf,10,LOP CHU TOT,0.1842,Microsoft® Word for Microsoft 365,False,,
van-ban-tong-hop,ngoai-9971f82519.pdf,9,LOP CHU TOT,0.1976,Microsoft® Word 2013,False,,
van-ban-tong-hop,ngoai-5ffb9b384f.pdf,8,LOP CHU TOT,0.1704,Microsoft: Print To PDF,True,,
van-ban-tong-hop,ngoai-a9940b6931.pdf,7,LOP CHU TOT,0.1848,Microsoft: Print To PDF,True,,
van-ban-tong-hop,ngoai-f50c340619.pdf,9,LOP CHU TOT,0.2240,Microsoft® Word for Microsoft 365,False,,
van-ban-tong-hop,ngoai-a418db4a99.pdf,12,LOP CHU TOT,0.1968,macOS Version 12.1 (Build 21C52) Quartz PDFContext,True,,
van-ban-tong-hop,ngoai-6fe8c8b444.pdf,16,LOP CHU TOT,0.2124,macOS Version 12.1 (Build 21C52) Quartz PDFContext,True,,
van-ban-tong-hop,ngoai-769c3bd868.pdf,7,LOP CHU TOT,0.2184,Microsoft® Word for Microsoft 365,False,,
van-ban-tong-hop,ngoai-20de41bf2c.pdf,7,LOP CHU TOT,0.2067,Microsoft® Word 2013,False,,
van-ban-tong-hop,ngoai-b71826e5d0.pdf,8,LOP CHU TOT,0.1906,Microsoft: Print To PDF,True,,
van-ban-tong-hop,ngoai-b2cf4572bc.pdf,7,LOP CHU TOT,0.1946,Microsoft: Print To PDF,True,,
van-ban-tong-hop,ngoai-ab536b24d8.pdf,28,LOP CHU TOT,0.2413,Microsoft® Word for Microsoft 365,False,,
van-ban-tong-hop,ngoai-cf01df73e1.pdf,12,LOP CHU TOT,0.2052,macOS Version 12.1 (Build 21C52) Quartz PDFContext,True,,
van-ban-tong-hop,ngoai-c36a369b09.pdf,13,LOP CHU TOT,0.2448,macOS Version 12.1 (Build 21C52) Quartz PDFContext,True,,
van-ban-tong-hop,ngoai-eb9fe22c60.pdf,7,LOP CHU TOT,0.2134,Microsoft® Word 2010,False,,
van-ban-tong-hop,ngoai-0222277b63.pdf,9,LOP CHU TOT,0.2026,Microsoft: Print To PDF,True,,
van-ban-tong-hop,ngoai-d30c10fa24.pdf,7,LOP CHU TOT,0.1766,Microsoft: Print To PDF,True,,
van-ban-tong-hop,ngoai-0f776591b0.pdf,9,LOP CHU TOT,0.2200,Microsoft® Word for Microsoft 365,False,,
van-ban-tong-hop,ngoai-6a33388873.pdf,8,LOP CHU TOT,0.2150,Microsoft® Word for Microsoft 365,False,,
van-ban-tong-hop,ngoai-29c6198785.pdf,13,LOP CHU TOT,0.2109,macOS Version 12.1 (Build 21C52) Quartz PDFContext,True,,
van-ban-tong-hop,ngoai-a59534120b.pdf,20,LOP CHU TOT,0.2441,macOS Version 12.1 (Build 21C52) Quartz PDFContext,True,,
van-ban-tong-hop,ngoai-0ed7392c7b.pdf,7,LOP CHU TOT,0.2147,Microsoft® Word 2010,False,,
van-ban-tong-hop,ngoai-bc559b755f.pdf,8,LOP CHU TOT,0.2375,Microsoft® Word for Microsoft 365,False,,
van-ban-tong-hop,ngoai-0a4dfffa04.pdf,8,LOP CHU TOT,0.2103,Microsoft® Word for Microsoft 365,False,,
van-ban-tong-hop,ngoai-2907d22c23.pdf,8,LOP CHU TOT,0.2070,Microsoft: Print To PDF,True,,
van-ban-tong-hop,ngoai-de901ebceb.pdf,7,LOP CHU TOT,0.1801,Microsoft: Print To PDF,True,,
van-ban-tong-hop,ngoai-99cab63312.pdf,12,LOP CHU TOT,0.2080,macOS Version 12.1 (Build 21C52) Quartz PDFContext,True,,
van-ban-tong-hop,ngoai-3bdc81458f.pdf,16,LOP CHU TOT,0.2222,macOS Version 12.1 (Build 21C52) Quartz PDFContext,True,,
van-ban-tong-hop,ngoai-cbb2acda97.pdf,10,LOP CHU TOT,0.2168,Microsoft® Word 2013,False,,
van-ban-tong-hop,ngoai-25b5f67e27.pdf,6,LOP CHU TOT,0.2459,Microsoft® Word for Microsoft 365,False,,
van-ban-tong-hop,ngoai-2fda47586f.pdf,9,LOP CHU TOT,0.2133,Microsoft® Word for Microsoft 365,False,,
van-ban-tong-hop,ngoai-55cbd3ae8f.pdf,9,LOP CHU TOT,0.2072,Microsoft: Print To PDF,True,,
van-ban-tong-hop,ngoai-309130b233.pdf,7,LOP CHU TOT,0.2087,Microsoft: Print To PDF,True,,
van-ban-tong-hop,ngoai-602f948704.pdf,12,LOP CHU TOT,0.1955,macOS Version 12.1 (Build 21C52) Quartz PDFContext,True,,
van-ban-tong-hop,ngoai-46212816bb.pdf,15,LOP CHU TOT,0.2272,macOS Version 12.1 (Build 21C52) Quartz PDFContext,True,,
van-ban-tong-hop,ngoai-fd3df10f55.pdf,8,LOP CHU TOT,0.2105,Microsoft® Word 2016,False,,
van-ban-tong-hop,ngoai-d18ecb37bc.pdf,7,LOP CHU TOT,0.2161,Microsoft: Print To PDF,True,,
van-ban-tong-hop,ngoai-6ffe2d63d1.pdf,8,LOP CHU TOT,0.2011,Microsoft: Print To PDF,True,,
van-ban-tong-hop,ngoai-140b01bf82.pdf,10,LOP CHU TOT,0.2030,Microsoft® Word for Microsoft 365,False,,
van-ban-tong-hop,ngoai-4f5153dbbe.pdf,12,LOP CHU TOT,0.2148,Microsoft® Word for Microsoft 365,False,,
van-ban-tong-hop,ngoai-844cc24ade.pdf,10,LOP CHU TOT,0.2052,macOS Version 12.1 (Build 21C52) Quartz PDFContext,True,,
van-ban-tong-hop,ngoai-10b907807e.pdf,20,LOP CHU TOT,0.2141,macOS Version 12.1 (Build 21C52) Quartz PDFContext,True,,
van-ban-tong-hop,ngoai-cce1f52f77.pdf,8,LOP CHU TOT,0.1550,Microsoft: Print To PDF,True,,
van-ban-tong-hop,ngoai-2334e57c94.pdf,7,LOP CHU TOT,0.1837,Microsoft: Print To PDF,True,,
van-ban-tong-hop,ngoai-8862d8bba3.pdf,7,LOP CHU TOT,0.2136,Microsoft® Word 2016,False,,
van-ban-tong-hop,ngoai-1db5e1c4af.pdf,9,LOP CHU TOT,0.2242,Microsoft® Word for Microsoft 365,False,,
van-ban-tong-hop,ngoai-3745b2bdff.pdf,6,LOP CHU TOT,0.2272,Microsoft® Word for Microsoft 365,False,,
van-ban-tong-hop,ngoai-4b962936e6.pdf,10,LOP CHU TOT,0.1972,macOS Version 12.1 (Build 21C52) Quartz PDFContext,True,,
van-ban-tong-hop,ngoai-2fe394c0e5.pdf,21,LOP CHU TOT,0.2453,macOS Version 12.1 (Build 21C52) Quartz PDFContext,True,,
van-ban-tong-hop,ngoai-69a2a34300.pdf,7,LOP CHU TOT,0.2388,Microsoft® Word for Microsoft 365,False,,
van-ban-tong-hop,ngoai-2cd48acf45.pdf,10,LOP CHU TOT,0.2269,Microsoft® Word for Microsoft 365,False,,
van-ban-tong-hop,ngoai-8fdcae0aa4.pdf,6,LOP CHU TOT,0.1931,Microsoft: Print To PDF,True,,
van-ban-tong-hop,ngoai-f65136b497.pdf,7,LOP CHU TOT,0.2135,Microsoft: Print To PDF,True,,
van-ban-tong-hop,ngoai-d48ee9bde7.pdf,7,LOP CHU TOT,0.1957,Microsoft: Print To PDF,True,,
van-ban-tong-hop,ngoai-95706872c2.pdf,69,LOP CHU TOT,0.1979,ABBYY FineReader PDF 15,False,,
van-ban-tong-hop,ngoai-d4136812de.pdf,93,LOP CHU TOT,0.1845,Microsoft® Word for Microsoft 365,False,,
van-ban-tong-hop,ngoai-dcfba4cfa9.pdf,94,LOP CHU TOT,0.1832,Microsoft® Word 2010,False,,
van-ban-tong-hop,ngoai-15916bd729.pdf,8,LOP CHU TOT,0.2244,macOS Version 12.1 (Build 21C52) Quartz PDFContext,True,,
van-ban-tong-hop,ngoai-afc0bded8c.pdf,70,LOP CHU TOT,0.1914,Microsoft: Print To PDF,True,,
van-ban-tong-hop,ngoai-b5a187ea24.pdf,120,LOP CHU TOT,0.1845,Microsoft® Word for Microsoft 365,False,,
van-ban-tong-hop,ngoai-2e796bfa11.pdf,136,LOP CHU TOT,0.1840,Microsoft® Word 2010,False,,
van-ban-tong-hop,ngoai-38dcd327d1.pdf,8,LOP CHU TOT,0.2287,Microsoft® Word for Microsoft 365,False,,
van-ban-tong-hop,ngoai-5f1720aa45.pdf,75,LOP CHU TOT,0.2617,Developer Express Inc. DXperience (tm) v24.1.3,True,,
van-ban-tong-hop,ngoai-3ebdf2f51a.pdf,763,LOP CHU TOT,0.1955,Foxit Phantom Printer Version 3.0.1.0223,False,,
van-ban-tong-hop,ngoai-c75454065f.pdf,1087,LOP CHU TOT,0.2109,Foxit Phantom Printer Version 3.0.1.0223,False,,
van-ban-tong-hop,ngoai-0cf0146771.pdf,56,LOP CHU TOT,0.2595,Developer Express Inc. DXperience (tm) v24.1.3,True,,
van-ban-tong-hop,ngoai-66f10e783e.pdf,9,LOP CHU TOT,0.2087,macOS Version 12.1 (Build 21C52) Quartz PDFContext,True,,
van-ban-tong-hop,ngoai-493578f540.pdf,18,LOP CHU TOT,0.2119,macOS Version 12.1 (Build 21C52) Quartz PDFContext,True,,
van-ban-tong-hop,ngoai-e94573363f.pdf,8,LOP CHU TOT,0.2272,Microsoft® Word for Microsoft 365,False,,
van-ban-tong-hop,ngoai-17882cdad7.pdf,8,LOP CHU TOT,0.2056,Microsoft: Print To PDF,True,,
van-ban-tong-hop,ngoai-a00a186d67.pdf,7,LOP CHU TOT,0.1776,Microsoft: Print To PDF,True,,
van-ban-tong-hop,ngoai-8b16e0922c.pdf,7,LOP CHU TOT,0.2170,Microsoft® Word 2010,False,,
van-ban-tong-hop,ngoai-d2e8cab4f9.pdf,5,LOP CHU TOT,0.2265,Microsoft® Word for Microsoft 365,False,,
van-ban-tong-hop,ngoai-ae1f12f541.pdf,15,LOP CHU TOT,0.2187,macOS Version 12.1 (Build 21C52) Quartz PDFContext,True,,
van-ban-tong-hop,ngoai-e58832065d.pdf,16,LOP CHU TOT,0.2313,macOS Version 12.1 (Build 21C52) Quartz PDFContext,True,,
van-ban-tong-hop,ngoai-cec79c4976.pdf,8,LOP CHU TOT,0.2330,Microsoft® Word for Microsoft 365,False,,
van-ban-tong-hop,ngoai-9f719c6480.pdf,8,LOP CHU TOT,0.1894,Microsoft: Print To PDF,True,,
van-ban-tong-hop,ngoai-0558f297ce.pdf,7,LOP CHU TOT,0.1799,Microsoft: Print To PDF,True,,
van-ban-tong-hop,ngoai-2d89819d25.pdf,13,LOP CHU TOT,0.2284,Microsoft® Word for Microsoft 365,False,,
van-ban-tong-hop,ngoai-25703e2e8f.pdf,6,LOP CHU TOT,0.2010,Microsoft® Word 2010,False,,
van-ban-tong-hop,ngoai-81b78161d4.pdf,8,LOP CHU TOT,0.2115,macOS Version 12.1 (Build 21C52) Quartz PDFContext,True,,
van-ban-tong-hop,ngoai-c604d97f4d.pdf,19,LOP CHU TOT,0.2296,macOS Version 12.1 (Build 21C52) Quartz PDFContext,True,,
van-ban-tong-hop,ngoai-3e6267321f.pdf,10,LOP CHU TOT,0.1831,Microsoft® Word for Microsoft 365,False,,
van-ban-tong-hop,ngoai-e57c35fdb6.pdf,9,LOP CHU TOT,0.1687,Microsoft: Print To PDF,True,,
van-ban-tong-hop,ngoai-1ecd7d019b.pdf,7,LOP CHU TOT,0.2079,Microsoft: Print To PDF,True,,
van-ban-tong-hop,ngoai-31590a44f3.pdf,8,LOP CHU TOT,0.2113,Microsoft: Print To PDF,True,,
van-ban-tong-hop,ngoai-92df9ff8ef.pdf,10,LOP CHU TOT,0.2338,Microsoft® Word for Microsoft 365,False,,
van-ban-tong-hop,ngoai-9d6e4b8764.pdf,10,LOP CHU TOT,0.2097,macOS Version 12.1 (Build 21C52) Quartz PDFContext,True,,
van-ban-tong-hop,ngoai-5c4886a517.pdf,18,LOP CHU TOT,0.2240,macOS Version 12.1 (Build 21C52) Quartz PDFContext,True,,
van-ban-tong-hop,ngoai-ab89b37ed6.pdf,6,LOP CHU TOT,0.2165,Microsoft: Print To PDF,True,,
van-ban-tong-hop,ngoai-856e966dcf.pdf,8,LOP CHU TOT,0.1948,Microsoft: Print To PDF,True,,
van-ban-tong-hop,ngoai-70778bb89c.pdf,7,LOP CHU TOT,0.2252,Microsoft® Word 2010,False,,
van-ban-tong-hop,ngoai-4e568c6ee5.pdf,10,LOP CHU TOT,0.2232,Microsoft® Word for Microsoft 365,False,,
van-ban-tong-hop,ngoai-a7be83ebf6.pdf,8,LOP CHU TOT,0.2248,Microsoft® Word for Microsoft 365,False,,
van-ban-tong-hop,ngoai-b832b8f8fd.pdf,10,LOP CHU TOT,0.2101,macOS Version 12.1 (Build 21C52) Quartz PDFContext,True,,
van-ban-tong-hop,ngoai-e2fe368d41.pdf,7,LOP CHU TOT,0.2052,Microsoft® Word 2016,False,,
van-ban-tong-hop,ngoai-d908c4f593.pdf,9,LOP CHU TOT,0.1903,Microsoft: Print To PDF,True,,
van-ban-tong-hop,ngoai-82b2f790a9.pdf,8,LOP CHU TOT,0.1541,Microsoft: Print To PDF,True,,
van-ban-tong-hop,ngoai-ef6d6acb61.pdf,8,LOP CHU TOT,0.2343,Microsoft® Word for Microsoft 365,False,,
van-ban-tong-hop,ngoai-1ad2249579.pdf,7,LOP CHU TOT,0.2234,Microsoft® Word for Microsoft 365,False,,
van-ban-tong-hop,ngoai-4fcc1d56e3.pdf,21,LOP CHU TOT,0.2415,macOS Version 12.1 (Build 21C52) Quartz PDFContext,True,,
van-ban-tong-hop,ngoai-12d5f3ff3d.pdf,10,LOP CHU TOT,0.2032,macOS Version 12.1 (Build 21C52) Quartz PDFContext,True,,
van-ban-tong-hop,ngoai-a488d18836.pdf,9,LOP CHU TOT,0.2113,macOS Version 12.1 (Build 21C52) Quartz PDFContext,True,,
van-ban-tong-hop,ngoai-4d21e11c61.pdf,16,LOP CHU TOT,0.2263,macOS Version 12.1 (Build 21C52) Quartz PDFContext,True,,
van-ban-tong-hop,ngoai-153f134c0a.pdf,11,LOP CHU TOT,0.2536,Microsoft® Word for Microsoft 365,False,,
van-ban-tong-hop,ngoai-582e2f759b.pdf,11,LOP CHU TOT,0.2459,Microsoft® Word 2016,False,,
van-ban-tong-hop,ngoai-6e8e4f491e.pdf,7,LOP CHU TOT,0.2137,Microsoft: Print To PDF,True,,
van-ban-tong-hop,ngoai-a412a28732.pdf,7,LOP CHU TOT,0.1949,Microsoft: Print To PDF,True,,
van-ban-tong-hop,ngoai-906082ce33.pdf,6,LOP CHU TOT,0.2127,Microsoft® Word for Microsoft 365,False,,
van-ban-tong-hop,ngoai-d0249984cb.pdf,10,LOP CHU TOT,0.1752,macOS Version 12.1 (Build 21C52) Quartz PDFContext,True,,
van-ban-tong-hop,ngoai-e38dc7b831.pdf,9,LOP CHU TOT,0.2164,macOS Version 12.1 (Build 21C52) Quartz PDFContext,True,,
van-ban-tong-hop,ngoai-3528ae4b0c.pdf,13,LOP CHU TOT,0.2285,macOS Version 12.1 (Build 21C52) Quartz PDFContext,True,,
van-ban-tong-hop,ngoai-69cc2266ca.pdf,5,LOP CHU TOT,0.1873,Microsoft: Print To PDF,True,,
van-ban-tong-hop,ngoai-a44c2096c3.pdf,12,LOP CHU TOT,0.2286,Microsoft® Word for Microsoft 365,False,,
van-ban-tong-hop,ngoai-95d09b000e.pdf,7,LOP CHU TOT,0.2029,Microsoft: Print To PDF,True,,
van-ban-tong-hop,ngoai-ec92c36c27.pdf,8,LOP CHU TOT,0.2059,Microsoft: Print To PDF,True,,
van-ban-tong-hop,ngoai-9fe2e9c57b.pdf,10,LOP CHU TOT,0.2193,Microsoft® Word for Microsoft 365,False,,
van-ban-tong-hop,ngoai-e8a4ffec8e.pdf,10,LOP CHU TOT,0.2051,macOS Version 12.1 (Build 21C52) Quartz PDFContext,True,,
van-ban-tong-hop,ngoai-7cba4e8dbe.pdf,9,LOP CHU TOT,0.2197,macOS Version 12.1 (Build 21C52) Quartz PDFContext,True,,
van-ban-tong-hop,ngoai-7f7da74f98.pdf,12,LOP CHU TOT,0.2209,macOS Version 12.1 (Build 21C52) Quartz PDFContext,True,,
van-ban-tong-hop,ngoai-be29a79250.pdf,8,LOP CHU TOT,0.1900,Microsoft: Print To PDF,True,,
van-ban-tong-hop,ngoai-5abeb5ee59.pdf,15,LOP CHU TOT,0.2009,Microsoft: Print To PDF,True,,
van-ban-tong-hop,ngoai-f5b28a69ef.pdf,8,LOP CHU TOT,0.1723,Microsoft: Print To PDF,True,,
van-ban-tong-hop,ngoai-73b4492ebf.pdf,10,LOP CHU TOT,0.2202,Microsoft® Word for Microsoft 365,False,,
van-ban-tong-hop,ngoai-e619961423.pdf,17,LOP CHU TOT,0.2758,Microsoft® Word for Microsoft 365,False,,
van-ban-tong-hop,ngoai-baefc2431e.pdf,10,LOP CHU TOT,0.1946,macOS Version 12.1 (Build 21C52) Quartz PDFContext,True,,
van-ban-tong-hop,ngoai-048292dd26.pdf,16,LOP CHU TOT,0.2241,macOS Version 12.1 (Build 21C52) Quartz PDFContext,True,,
van-ban-tong-hop,ngoai-f80d95ed07.pdf,8,LOP CHU TOT,0.2120,Microsoft® Word 2016,False,,
van-ban-tong-hop,ngoai-55296f18e2.pdf,6,LOP CHU TOT,0.2307,Microsoft® Word for Microsoft 365,False,,
van-ban-tong-hop,ngoai-6b9f62f640.pdf,9,LOP CHU TOT,0.1717,Microsoft: Print To PDF,True,,
van-ban-tong-hop,ngoai-b2d27b03d7.pdf,8,LOP CHU TOT,0.1862,Microsoft: Print To PDF,True,,
van-ban-tong-hop,ngoai-883760cca4.pdf,10,LOP CHU TOT,0.2101,Microsoft® Word for Microsoft 365,False,,
van-ban-tong-hop,ngoai-fb831466a7.pdf,9,LOP CHU TOT,0.1809,macOS Version 12.1 (Build 21C52) Quartz PDFContext,True,,
van-ban-tong-hop,ngoai-3332208f25.pdf,15,LOP CHU TOT,0.2042,macOS Version 12.1 (Build 21C52) Quartz PDFContext,True,,
van-ban-tong-hop,ngoai-51ba2731c1.pdf,7,LOP CHU TOT,0.2106,Microsoft® Word 2016,False,,
van-ban-tong-hop,ngoai-734b52a490.pdf,8,LOP CHU TOT,0.1961,Microsoft: Print To PDF,True,,
van-ban-tong-hop,ngoai-c545850fcd.pdf,8,LOP CHU TOT,0.1862,Microsoft: Print To PDF,True,,
van-ban-tong-hop,ngoai-7d20bfc852.pdf,7,LOP CHU TOT,0.2168,Microsoft® Word for Microsoft 365,False,,
van-ban-tong-hop,ngoai-fe1fa918bc.pdf,9,LOP CHU TOT,0.1670,Microsoft® Word for Microsoft 365,False,,
van-ban-tong-hop,ngoai-75c2b96da2.pdf,668,LOP CHU TOT,0.3467,ABBYY FineReader PDF 15,False,,
van-ban-tong-hop,ngoai-f788cb26be.pdf,32,LOP CHU TOT,0.1952,Microsoft® Word for Microsoft 365,False,,
van-ban-tong-hop,ngoai-8bbca172d5.pdf,28,LOP CHU TOT,0.1927,Microsoft® Word 2010,False,,
van-ban-tong-hop,ngoai-ab8723b675.pdf,8,LOP CHU TOT,0.2293,macOS Version 12.1 (Build 21C52) Quartz PDFContext,True,,
van-ban-tong-hop,ngoai-fec7863b80.pdf,959,LOP CHU TOT,0.3421,ABBYY FineReader PDF 15,True,,
van-ban-tong-hop,ngoai-386e21f0e2.pdf,8,LOP CHU TOT,0.2310,Microsoft® Word for Microsoft 365,False,,
van-ban-tong-hop,ngoai-1ece4ebdc3.pdf,1156,LOP CHU TOT,0.2996,Developer Express Inc. DXperience (tm) v24.1.3,True,,
van-ban-tong-hop,ngoai-538cafc6c7.pdf,951,LOP CHU TOT,0.2218,Developer Express Inc. DXperience (tm) v24.1.3,True,,
van-ban-tong-hop,ngoai-25de1a0049.pdf,10,LOP CHU TOT,0.2157,macOS Version 12.1 (Build 21C52) Quartz PDFContext,True,,
van-ban-tong-hop,ngoai-a9703f108b.pdf,16,LOP CHU TOT,0.2290,macOS Version 12.1 (Build 21C52) Quartz PDFContext,True,,
van-ban-tong-hop,ngoai-61f10175ed.pdf,8,LOP CHU TOT,0.2195,Microsoft® Word 2010,False,,
van-ban-tong-hop,ngoai-8cf90a9e7f.pdf,9,LOP CHU TOT,0.1929,Microsoft: Print To PDF,True,,
van-ban-tong-hop,ngoai-6726509a8b.pdf,8,LOP CHU TOT,0.2092,Microsoft: Print To PDF,True,,
van-ban-tong-hop,ngoai-ee0a662e1c.pdf,8,LOP CHU TOT,0.2285,Microsoft® Word for Microsoft 365,False,,
van-ban-tong-hop,ngoai-21ee19a544.pdf,9,LOP CHU TOT,0.1641,Microsoft® Word for Microsoft 365,False,,
van-ban-tong-hop,ngoai-2f30d97f5d.pdf,14,LOP CHU TOT,0.2067,macOS Version 12.1 (Build 21C52) Quartz PDFContext,True,,
van-ban-tong-hop,ngoai-70e9a171aa.pdf,16,LOP CHU TOT,0.2197,macOS Version 12.1 (Build 21C52) Quartz PDFContext,True,,
van-ban-tong-hop,ngoai-3ec4677cff.pdf,9,LOP CHU TOT,0.2335,Microsoft® Word for Microsoft 365,False,,
van-ban-tong-hop,ngoai-60171d609c.pdf,9,LOP CHU TOT,0.2102,Microsoft® Word for Microsoft 365,False,,
van-ban-tong-hop,ngoai-3ed0aa96fa.pdf,8,LOP CHU TOT,0.2015,Microsoft: Print To PDF,True,,
van-ban-tong-hop,ngoai-06f2e1bb30.pdf,7,LOP CHU TOT,0.1957,Microsoft: Print To PDF,True,,
van-ban-tong-hop,ngoai-cfae6b9973.pdf,9,LOP CHU TOT,0.2097,Microsoft® Word for Microsoft 365,False,,
van-ban-tong-hop,ngoai-3650a9bde5.pdf,9,LOP CHU TOT,0.2210,macOS Version 12.1 (Build 21C52) Quartz PDFContext,True,,
van-ban-tong-hop,ngoai-c3c2d52289.pdf,14,LOP CHU TOT,0.2399,macOS Version 12.1 (Build 21C52) Quartz PDFContext,True,,
van-ban-tong-hop,ngoai-3fe5eeef7a.pdf,6,LOP CHU TOT,0.2246,Microsoft® Word 2010,False,,
van-ban-tong-hop,ngoai-739b99ab22.pdf,7,LOP CHU TOT,0.2023,Microsoft: Print To PDF,True,,
van-ban-tong-hop,ngoai-e9141a1680.pdf,8,LOP CHU TOT,0.2107,Microsoft: Print To PDF,True,,
van-ban-tong-hop,ngoai-ec2d03ad08.pdf,14,LOP CHU TOT,0.2516,Microsoft® Word for Microsoft 365,False,,
van-ban-tong-hop,ngoai-d7cda7e862.pdf,9,LOP CHU TOT,0.2144,Microsoft® Word for Microsoft 365,False,,
van-ban-tong-hop,ngoai-479e5b3312.pdf,12,LOP CHU TOT,0.2072,macOS Version 12.1 (Build 21C52) Quartz PDFContext,True,,
van-ban-tong-hop,ngoai-9065158fff.pdf,15,LOP CHU TOT,0.2353,macOS Version 12.1 (Build 21C52) Quartz PDFContext,True,,
van-ban-tong-hop,ngoai-56e3e880c8.pdf,9,LOP CHU TOT,0.2024,Microsoft® Word for Microsoft 365,False,,
van-ban-tong-hop,ngoai-e88f22f2ac.pdf,9,LOP CHU TOT,0.2182,Microsoft® Word for Microsoft 365,False,,
van-ban-tong-hop,ngoai-f77ae13502.pdf,8,LOP CHU TOT,0.2045,Microsoft: Print To PDF,True,,
van-ban-tong-hop,ngoai-b087d4fa5a.pdf,15,LOP CHU TOT,0.2009,Microsoft: Print To PDF,True,,
van-ban-tong-hop,ngoai-b5f20c01cf.pdf,8,LOP CHU TOT,0.1854,Microsoft: Print To PDF,True,,
van-ban-tong-hop,ngoai-4a3746271d.pdf,8,LOP CHU TOT,0.2080,macOS Version 12.1 (Build 21C52) Quartz PDFContext,True,,
van-ban-tong-hop,ngoai-7b7eed0dab.pdf,14,LOP CHU TOT,0.2147,macOS Version 12.1 (Build 21C52) Quartz PDFContext,True,,
van-ban-tong-hop,ngoai-fbfb97d813.pdf,9,LOP CHU TOT,0.2161,Microsoft® Word for Microsoft 365,False,,
van-ban-tong-hop,ngoai-4aab210680.pdf,8,LOP CHU TOT,0.1914,Microsoft® Word for Microsoft 365,False,,
van-ban-tong-hop,ngoai-347d07e269.pdf,9,LOP CHU TOT,0.2146,Microsoft® Word 2013,False,,
van-ban-tong-hop,ngoai-207470b1ce.pdf,8,LOP CHU TOT,0.1765,Microsoft: Print To PDF,True,,
van-ban-tong-hop,ngoai-5d00d85427.pdf,8,LOP CHU TOT,0.2382,Microsoft: Print To PDF,True,,
van-ban-tong-hop,ngoai-c3a9a207ee.pdf,10,LOP CHU TOT,0.2116,macOS Version 12.1 (Build 21C52) Quartz PDFContext,True,,
van-ban-tong-hop,ngoai-698d297596.pdf,14,LOP CHU TOT,0.2426,macOS Version 12.1 (Build 21C52) Quartz PDFContext,True,,
van-ban-tong-hop,ngoai-f2735cfa41.pdf,8,LOP CHU TOT,0.1808,Microsoft® Word for Microsoft 365,False,,
van-ban-tong-hop,ngoai-4c598c2e33.pdf,10,LOP CHU TOT,0.2393,Microsoft® Word for Microsoft 365,False,,
van-ban-tong-hop,ngoai-00824f71fe.pdf,9,LOP CHU TOT,0.2322,Microsoft® Word 2010,False,,
van-ban-tong-hop,ngoai-b67ec0eeae.pdf,7,LOP CHU TOT,0.2048,Microsoft: Print To PDF,True,,
van-ban-tong-hop,ngoai-3417c95502.pdf,8,LOP CHU TOT,0.1824,Microsoft: Print To PDF,True,,
van-ban-tong-hop,ngoai-3d7faa9fce.pdf,11,LOP CHU TOT,0.1886,macOS Version 12.1 (Build 21C52) Quartz PDFContext,True,,
van-ban-tong-hop,ngoai-c9ad029ef6.pdf,21,LOP CHU TOT,0.2304,macOS Version 12.1 (Build 21C52) Quartz PDFContext,True,,
van-ban-tong-hop,ngoai-511c1140b2.pdf,9,LOP CHU TOT,0.2438,Microsoft® Word for Microsoft 365,False,,
van-ban-tong-hop,ngoai-2dae66611e.pdf,10,LOP CHU TOT,0.2360,Microsoft® Word 2013,False,,
van-ban-tong-hop,ngoai-3e36135228.pdf,8,LOP CHU TOT,0.1952,Microsoft: Print To PDF,True,,
van-ban-tong-hop,ngoai-cd3d851e4b.pdf,8,LOP CHU TOT,0.2097,Microsoft: Print To PDF,True,,
van-ban-tong-hop,ngoai-be04199c0b.pdf,7,LOP CHU TOT,0.2133,Microsoft® Word for Microsoft 365,False,,
van-ban-tong-hop,ngoai-de30f5edf6.pdf,9,LOP CHU TOT,0.1725,macOS Version 12.1 (Build 21C52) Quartz PDFContext,True,,
van-ban-tong-hop,ngoai-6741bcc7f9.pdf,14,LOP CHU TOT,0.2415,macOS Version 12.1 (Build 21C52) Quartz PDFContext,True,,
van-ban-tong-hop,ngoai-96b684c682.pdf,9,LOP CHU TOT,0.2163,Microsoft® Word 2016,False,,
van-ban-tong-hop,ngoai-37fcc92dbd.pdf,7,LOP CHU TOT,0.2027,Microsoft: Print To PDF,True,,
van-ban-tong-hop,ngoai-1b13fd78aa.pdf,8,LOP CHU TOT,0.2019,Microsoft: Print To PDF,True,,
van-ban-tong-hop,ngoai-ea443f3ba9.pdf,9,LOP CHU TOT,0.2208,Microsoft® Word for Microsoft 365,False,,
van-ban-tong-hop,ngoai-5215a63a07.pdf,7,LOP CHU TOT,0.2058,Microsoft® Word for Microsoft 365,False,,
van-ban-tong-hop,ngoai-28a20da00d.pdf,9,LOP CHU TOT,0.2118,macOS Version 12.1 (Build 21C52) Quartz PDFContext,True,,
van-ban-tong-hop,ngoai-228128de2c.pdf,12,LOP CHU TOT,0.2161,macOS Version 12.1 (Build 21C52) Quartz PDFContext,True,,
van-ban-tong-hop,ngoai-b148b111b1.pdf,9,LOP CHU TOT,0.2327,Microsoft® Word for Microsoft 365,False,,
van-ban-tong-hop,ngoai-453eb83465.pdf,8,LOP CHU TOT,0.2083,Microsoft: Print To PDF,True,,
van-ban-tong-hop,ngoai-0031529fd8.pdf,8,LOP CHU TOT,0.2101,Microsoft: Print To PDF,True,,
van-ban-tong-hop,ngoai-ec69c6fc38.pdf,6,LOP CHU TOT,0.2065,Microsoft® Word for Microsoft 365,False,,
van-ban-tong-hop,ngoai-3bf7bed9c0.pdf,8,LOP CHU TOT,0.2116,Microsoft® Word for Microsoft 365,False,,
van-ban-tong-hop,ngoai-a3942728f0.pdf,10,LOP CHU TOT,0.2341,macOS Version 12.1 (Build 21C52) Quartz PDFContext,True,,
van-ban-tong-hop,ngoai-e3809c7da0.pdf,20,LOP CHU TOT,0.2238,macOS Version 12.1 (Build 21C52) Quartz PDFContext,True,,
van-ban-tong-hop,ngoai-85e793c34f.pdf,12,LOP CHU TOT,0.2422,Microsoft® Word for Microsoft 365,False,,
van-ban-tong-hop,ngoai-e545ce7c04.pdf,10,LOP CHU TOT,0.2278,Microsoft® Word 2013,False,,
van-ban-tong-hop,ngoai-7d82c8577f.pdf,5,LOP CHU TOT,0.1940,Microsoft: Print To PDF,True,,
van-ban-tong-hop,ngoai-1afb124060.pdf,8,LOP CHU TOT,0.1861,Microsoft: Print To PDF,True,,
van-ban-tong-hop,ngoai-7f75ca4eb1.pdf,10,LOP CHU TOT,0.2220,Microsoft® Word for Microsoft 365,False,,
van-ban-tong-hop,ngoai-83d3d12b5d.pdf,17,LOP CHU TOT,0.2566,macOS Version 12.1 (Build 21C52) Quartz PDFContext,True,,
van-ban-tong-hop,ngoai-ea47876a66.pdf,82,LOP CHU TOT,0.1935,Microsoft® Word 2010,False,,
van-ban-tong-hop,ngoai-79ca17edfe.pdf,47,LOP CHU TOT,0.1981,Microsoft® Word for Microsoft 365,False,,
van-ban-tong-hop,ngoai-3f240e39e3.pdf,882,LOP CHU TOT,0.2642,PDF24,False,,
van-ban-tong-hop,ngoai-a77167329b.pdf,13,LOP CHU TOT,0.2357,Microsoft® Word for Microsoft 365,False,,
van-ban-tong-hop,ngoai-08fc7fb115.pdf,23,LOP CHU TOT,0.2483,Microsoft® Word for Microsoft 365,False,,
van-ban-tong-hop,ngoai-fce43d8953.pdf,9,LOP CHU TOT,0.2283,macOS Version 12.1 (Build 21C52) Quartz PDFContext,True,,
van-ban-tong-hop,ngoai-9743822e79.pdf,14,LOP CHU TOT,0.2274,macOS Version 12.1 (Build 21C52) Quartz PDFContext,True,,
van-ban-tong-hop,ngoai-50eeca1d22.pdf,10,LOP CHU TOT,0.2286,Microsoft® Word for Microsoft 365,False,,
van-ban-tong-hop,ngoai-5084830e3b.pdf,9,LOP CHU TOT,0.2100,Microsoft: Print To PDF,True,,
van-ban-tong-hop,ngoai-361da004e0.pdf,5,LOP CHU TOT,0.1993,Microsoft: Print To PDF,True,,
van-ban-tong-hop,ngoai-8b6616c17c.pdf,8,LOP CHU TOT,0.2368,Microsoft: Print To PDF,True,,
van-ban-tong-hop,ngoai-749ecdca7b.pdf,7,LOP CHU TOT,0.1948,Microsoft® Word for Microsoft 365,False,,
van-ban-tong-hop,ngoai-bc6f9c457f.pdf,9,LOP CHU TOT,0.2107,macOS Version 12.1 (Build 21C52) Quartz PDFContext,True,,
van-ban-tong-hop,ngoai-b44452661a.pdf,16,LOP CHU TOT,0.2437,macOS Version 12.1 (Build 21C52) Quartz PDFContext,True,,
van-ban-tong-hop,ngoai-49b8b60651.pdf,12,LOP CHU TOT,0.2060,Microsoft® Word for Microsoft 365,False,,
van-ban-tong-hop,ngoai-5c46293289.pdf,8,LOP CHU TOT,0.2055,Microsoft® Word 2016,False,,
van-ban-tong-hop,ngoai-384fb91a7c.pdf,5,LOP CHU TOT,0.1928,Microsoft: Print To PDF,True,,
van-ban-tong-hop,ngoai-06fa72476a.pdf,7,LOP CHU TOT,0.2048,Microsoft: Print To PDF,True,,
van-ban-tong-hop,ngoai-5e8266f7b0.pdf,6,LOP CHU TOT,0.1891,Microsoft® Word for Microsoft 365,False,,
van-ban-tong-hop,ngoai-4c70ccadb9.pdf,10,LOP CHU TOT,0.2053,macOS Version 12.1 (Build 21C52) Quartz PDFContext,True,,
van-ban-tong-hop,ngoai-ff959bab3d.pdf,13,LOP CHU TOT,0.2376,macOS Version 12.1 (Build 21C52) Quartz PDFContext,True,,
van-ban-tong-hop,ngoai-ac13728804.pdf,10,LOP CHU TOT,0.2157,Microsoft: Print To PDF,True,,
van-ban-tong-hop,ngoai-56e5502593.pdf,8,LOP CHU TOT,0.2146,Microsoft: Print To PDF,True,,
van-ban-tong-hop,ngoai-176926cc87.pdf,8,LOP CHU TOT,0.1947,Microsoft: Print To PDF,True,,
van-ban-tong-hop,ngoai-098e7ac61b.pdf,9,LOP CHU TOT,0.2142,Microsoft® Word for Microsoft 365,False,,
van-ban-tong-hop,ngoai-dc5f387c99.pdf,9,LOP CHU TOT,0.2211,Microsoft® Word for Microsoft 365,False,,
van-ban-tong-hop,ngoai-98ba0694b9.pdf,10,LOP CHU TOT,0.2371,macOS Version 12.1 (Build 21C52) Quartz PDFContext,True,,
van-ban-tong-hop,ngoai-1610ee9933.pdf,9,LOP CHU TOT,0.2175,Microsoft: Print To PDF,True,,
van-ban-tong-hop,ngoai-34be7af899.pdf,7,LOP CHU TOT,0.2010,Microsoft: Print To PDF,True,,
van-ban-tong-hop,ngoai-5ee39232d5.pdf,7,LOP CHU TOT,0.2025,Microsoft: Print To PDF,True,,
van-ban-tong-hop,ngoai-e5ed9da311.pdf,6,LOP CHU TOT,0.2438,Microsoft® Word for Microsoft 365,False,,
van-ban-tong-hop,ngoai-f033117afb.pdf,10,LOP CHU TOT,0.2191,Microsoft® Word for Microsoft 365,False,,
van-ban-tong-hop,ngoai-bf19f7989a.pdf,10,LOP CHU TOT,0.2421,macOS Version 12.1 (Build 21C52) Quartz PDFContext,True,,
van-ban-tong-hop,ngoai-1b3d1d0ecb.pdf,10,LOP CHU TOT,0.2131,Microsoft® Word for Microsoft 365,False,,
van-ban-tong-hop,ngoai-f4c9fb555b.pdf,10,LOP CHU TOT,0.2172,Microsoft: Print To PDF,True,,
van-ban-tong-hop,ngoai-1d29397ac3.pdf,8,LOP CHU TOT,0.2087,Microsoft: Print To PDF,True,,
van-ban-tong-hop,ngoai-43d28f1b6f.pdf,7,LOP CHU TOT,0.1996,Microsoft: Print To PDF,True,,
van-ban-tong-hop,ngoai-1ede09d0dd.pdf,11,LOP CHU TOT,0.2456,Microsoft® Word for Microsoft 365,False,,
van-ban-tong-hop,ngoai-96d8001f16.pdf,13,LOP CHU TOT,0.2275,macOS Version 12.1 (Build 21C52) Quartz PDFContext,True,,
van-ban-tong-hop,ngoai-a69c32fa38.pdf,8,LOP CHU TOT,0.2133,Microsoft® Word for Microsoft 365,False,,
van-ban-tong-hop,ngoai-bde6f37ac4.pdf,10,LOP CHU TOT,0.2085,Microsoft: Print To PDF,True,,
van-ban-tong-hop,ngoai-dfb1ffacd7.pdf,9,LOP CHU TOT,0.1896,Microsoft: Print To PDF,True,,
van-ban-tong-hop,ngoai-1cb79c6b41.pdf,5,LOP CHU TOT,0.1938,Microsoft: Print To PDF,True,,
van-ban-tong-hop,ngoai-2a0765c8b8.pdf,8,LOP CHU TOT,0.2054,Microsoft® Word for Microsoft 365,False,,
van-ban-tong-hop,ngoai-f4e2719251.pdf,14,LOP CHU TOT,0.2281,macOS Version 12.1 (Build 21C52) Quartz PDFContext,True,,
van-ban-tong-hop,ngoai-0221eb011f.pdf,9,LOP CHU TOT,0.2076,Microsoft® Word 2016,False,,
van-ban-tong-hop,ngoai-bb73a70e08.pdf,12,LOP CHU TOT,0.2025,Microsoft: Print To PDF,True,,
van-ban-tong-hop,ngoai-8d147f3817.pdf,5,LOP CHU TOT,0.1986,Microsoft: Print To PDF,True,,
van-ban-tong-hop,ngoai-002fc47de9.pdf,12,LOP CHU TOT,0.2399,Microsoft® Word for Microsoft 365,False,,
van-ban-tong-hop,ngoai-dba7b07e6d.pdf,9,LOP CHU TOT,0.2294,Microsoft® Word for Microsoft 365,False,,
van-ban-tong-hop,ngoai-78a966d38e.pdf,12,LOP CHU TOT,0.2226,macOS Version 12.1 (Build 21C52) Quartz PDFContext,True,,
van-ban-tong-hop,ngoai-b2fbb0ce38.pdf,11,LOP CHU TOT,0.2204,Microsoft® Word for Microsoft 365,False,,
van-ban-tong-hop,ngoai-ef0075bf8f.pdf,11,LOP CHU TOT,0.2138,Microsoft: Print To PDF,True,,
van-ban-tong-hop,ngoai-957c78c9ed.pdf,5,LOP CHU TOT,0.1928,Microsoft: Print To PDF,True,,
van-ban-tong-hop,ngoai-2f51d16584.pdf,9,LOP CHU TOT,0.1907,Microsoft® Word for Microsoft 365,False,,
van-ban-tong-hop,ngoai-5dd0079add.pdf,6,LOP CHU TOT,0.2002,Microsoft® Word 2016,False,,
van-ban-tong-hop,ngoai-3b01edc36b.pdf,14,LOP CHU TOT,0.2326,macOS Version 12.1 (Build 21C52) Quartz PDFContext,True,,
van-ban-tong-hop,ngoai-fa8e72e364.pdf,7,LOP CHU TOT,0.2174,Microsoft® Word 2016,False,,
van-ban-tong-hop,ngoai-9904a3a36e.pdf,8,LOP CHU TOT,0.2136,Microsoft: Print To PDF,True,,
van-ban-tong-hop,ngoai-dadd5df31b.pdf,12,LOP CHU TOT,0.1984,Microsoft: Print To PDF,True,,
van-ban-tong-hop,ngoai-5216e6c126.pdf,12,LOP CHU TOT,0.2040,Microsoft® Word for Microsoft 365,False,,
van-ban-tong-hop,ngoai-a297ce033b.pdf,7,LOP CHU TOT,0.2484,Microsoft® Word for Microsoft 365,False,,
van-ban-tong-hop,ngoai-0da3f2b675.pdf,15,LOP CHU TOT,0.2282,macOS Version 12.1 (Build 21C52) Quartz PDFContext,True,,
van-ban-tong-hop,ngoai-03685e45b9.pdf,11,LOP CHU TOT,0.1980,Microsoft: Print To PDF,True,,
van-ban-tong-hop,ngoai-a0a61d998d.pdf,7,LOP CHU TOT,0.2022,Microsoft: Print To PDF,True,,
van-ban-tong-hop,ngoai-dda7c5b5bd.pdf,9,LOP CHU TOT,0.2157,Microsoft® Word for Microsoft 365,False,,
van-ban-tong-hop,ngoai-e1554feec8.pdf,6,LOP CHU TOT,0.2411,Microsoft® Word for Microsoft 365,False,,
van-ban-tong-hop,ngoai-9093ad4716.pdf,9,LOP CHU TOT,0.2125,Microsoft® Word 2016,False,,
van-ban-tong-hop,ngoai-61595552e0.pdf,8,LOP CHU TOT,0.2341,macOS Version 12.1 (Build 21C52) Quartz PDFContext,True,,
van-ban-tong-hop,ngoai-5ac5ebada3.pdf,17,LOP CHU TOT,0.2143,Microsoft® Word for Microsoft 365,False,,
van-ban-tong-hop,ngoai-6a5c89c7fa.pdf,8,LOP CHU TOT,0.2221,macOS Version 12.1 (Build 21C52) Quartz PDFContext,True,,
van-ban-tong-hop,ngoai-1c977c2340.pdf,11,LOP CHU TOT,0.2272,Microsoft® Word for Microsoft 365,False,,
van-ban-tong-hop,ngoai-f873881596.pdf,8,LOP CHU TOT,0.1996,Microsoft: Print To PDF,True,,
van-ban-tong-hop,ngoai-aa53e886fc.pdf,9,LOP CHU TOT,0.2182,Microsoft: Print To PDF,True,,
van-ban-tong-hop,ngoai-3137e77467.pdf,11,LOP CHU TOT,0.2274,Microsoft® Word for Microsoft 365,False,,
van-ban-tong-hop,ngoai-96a1491b6b.pdf,8,LOP CHU TOT,0.2125,Microsoft® Word 2016,False,,
van-ban-tong-hop,ngoai-a2b15831b6.pdf,17,LOP CHU TOT,0.2147,macOS Version 12.1 (Build 21C52) Quartz PDFContext,True,,
van-ban-tong-hop,ngoai-b9153dae24.pdf,11,LOP CHU TOT,0.2284,Microsoft® Word for Microsoft 365,False,,
van-ban-tong-hop,ngoai-aa3f644e7d.pdf,8,LOP CHU TOT,0.2049,Microsoft® Word for Microsoft 365,False,,
van-ban-tong-hop,ngoai-d9332c087e.pdf,7,LOP CHU TOT,0.2104,Microsoft: Print To PDF,True,,
van-ban-tong-hop,ngoai-d197956d4a.pdf,9,LOP CHU TOT,0.1898,Microsoft: Print To PDF,True,,
van-ban-tong-hop,ngoai-e17a2f079e.pdf,7,LOP CHU TOT,0.1835,Microsoft: Print To PDF,True,,
van-ban-tong-hop,ngoai-81c501ffbc.pdf,12,LOP CHU TOT,0.2192,macOS Version 12.1 (Build 21C52) Quartz PDFContext,True,,
van-ban-tong-hop,ngoai-50759349d2.pdf,5,LOP CHU TOT,0.1971,Microsoft: Print To PDF,True,,
van-ban-tong-hop,ngoai-d21ddcdd94.pdf,7,LOP CHU TOT,0.1864,Microsoft: Print To PDF,True,,
van-ban-tong-hop,ngoai-9d461abc00.pdf,12,LOP CHU TOT,0.2015,Microsoft: Print To PDF,True,,
van-ban-tong-hop,ngoai-aac4506eef.pdf,13,LOP CHU TOT,0.2342,Microsoft® Word for Microsoft 365,False,,
van-ban-tong-hop,ngoai-b55a2cae53.pdf,8,LOP CHU TOT,0.2290,Microsoft® Word for Microsoft 365,False,,
van-ban-tong-hop,ngoai-7b10e8402e.pdf,15,LOP CHU TOT,0.2270,macOS Version 12.1 (Build 21C52) Quartz PDFContext,True,,
van-ban-tong-hop,ngoai-5c3d4c2eca.pdf,10,LOP CHU TOT,0.2132,Microsoft® Word for Microsoft 365,False,,
van-ban-tong-hop,ngoai-3afb64dc44.pdf,9,LOP CHU TOT,0.1741,Foxit PhantomPDF Printer Version 10.0.0.3443,True,,
van-ban-tong-hop,ngoai-2af5689b0e.pdf,11,LOP CHU TOT,0.2131,Microsoft: Print To PDF,True,,
van-ban-tong-hop,ngoai-29963b2cd7.pdf,8,LOP CHU TOT,0.2239,Microsoft: Print To PDF,True,,
van-ban-tong-hop,ngoai-1bd9219e35.pdf,8,LOP CHU TOT,0.2074,Microsoft® Word for Microsoft 365,False,,
van-ban-tong-hop,ngoai-ba11dcc342.pdf,12,LOP CHU TOT,0.1974,Microsoft: Print To PDF,True,,
van-ban-tong-hop,ngoai-8602a1cfd8.pdf,8,LOP CHU TOT,0.2191,Microsoft: Print To PDF,True,,
van-ban-tong-hop,ngoai-fd97bd5a66.pdf,12,LOP CHU TOT,0.2165,Microsoft® Word for Microsoft 365,False,,
van-ban-tong-hop,ngoai-5a51738429.pdf,9,LOP CHU TOT,0.2300,Microsoft® Word for Microsoft 365,False,,
van-ban-tong-hop,ngoai-f9a632c7cb.pdf,8,LOP CHU TOT,0.1933,Microsoft® Word 2010,False,,
van-ban-tong-hop,ngoai-00e4ed0cc1.pdf,10,LOP CHU TOT,0.2135,Microsoft® Word for Microsoft 365,False,,
van-ban-tong-hop,ngoai-71de4f87be.pdf,8,LOP CHU TOT,0.2211,Microsoft® Word for Microsoft 365,False,,
van-ban-tong-hop,ngoai-20a40e7eb2.pdf,8,LOP CHU TOT,0.2090,Microsoft: Print To PDF,True,,
van-ban-tong-hop,ngoai-cb8488c5d5.pdf,11,LOP CHU TOT,0.1978,Microsoft: Print To PDF,True,,
van-ban-tong-hop,ngoai-f2a3670f9d.pdf,9,LOP CHU TOT,0.2342,Microsoft® Word for Microsoft 365,False,,
van-ban-tong-hop,ngoai-2cfafb79a9.pdf,9,LOP CHU TOT,0.2177,Microsoft: Print To PDF,True,,
van-ban-tong-hop,ngoai-c606918433.pdf,11,LOP CHU TOT,0.2186,Microsoft: Print To PDF,True,,
van-ban-tong-hop,ngoai-8c4f188baf.pdf,11,LOP CHU TOT,0.2210,Microsoft® Word for Microsoft 365,False,,
van-ban-tong-hop,ngoai-9f7b55ef42.pdf,8,LOP CHU TOT,0.2001,Microsoft® Word for Microsoft 365,False,,
van-ban-tong-hop,ngoai-db5b5e7bb1.pdf,5,LOP CHU TOT,0.2015,Microsoft® Word for Microsoft 365,False,,
van-ban-tong-hop,ngoai-c42c594e26.pdf,10,LOP CHU TOT,0.2065,Microsoft® Word for Microsoft 365,False,,
van-ban-tong-hop,ngoai-2c681795f2.pdf,6,LOP CHU TOT,0.2203,Microsoft® Word for Microsoft 365,False,,
van-ban-tong-hop,ngoai-be02ae1198.pdf,9,LOP CHU TOT,0.1769,Microsoft: Print To PDF,True,,
van-ban-tong-hop,ngoai-fd8f9eeec9.pdf,7,LOP CHU TOT,0.1911,Microsoft: Print To PDF,True,,
van-ban-tong-hop,ngoai-6f43338ad4.pdf,7,LOP CHU TOT,0.1955,Microsoft: Print To PDF,True,,
van-ban-tong-hop,ngoai-ddd2fb29b2.pdf,6,LOP CHU TOT,0.1964,Foxit PhantomPDF Printer Version 10.0.0.3443,True,,
van-ban-tong-hop,ngoai-c62382756e.pdf,11,LOP CHU TOT,0.2311,Microsoft® Word for Microsoft 365,False,,
van-ban-tong-hop,ngoai-e8bd914716.pdf,7,LOP CHU TOT,0.1869,Microsoft: Print To PDF,True,,
van-ban-tong-hop,ngoai-b4589c1fcc.pdf,9,LOP CHU TOT,0.2163,Microsoft: Print To PDF,True,,
van-ban-tong-hop,ngoai-abcce85e7b.pdf,7,LOP CHU TOT,0.2285,Microsoft® Word for Microsoft 365,False,,
van-ban-tong-hop,ngoai-3fef8b85b6.pdf,7,LOP CHU TOT,0.2099,Microsoft: Print To PDF,True,,
van-ban-tong-hop,ngoai-b7ff02a3a5.pdf,8,LOP CHU TOT,0.2198,Microsoft: Print To PDF,True,,
van-ban-tong-hop,ngoai-c7c238bf0c.pdf,7,LOP CHU TOT,0.2058,Microsoft: Print To PDF,True,,
van-ban-tong-hop,ngoai-d00c7e0335.pdf,7,LOP CHU TOT,0.2225,Microsoft® Word for Microsoft 365,False,,
van-ban-tong-hop,ngoai-210c6f6ae9.pdf,11,LOP CHU TOT,0.2350,Microsoft® Word for Microsoft 365,False,,
van-ban-tong-hop,ngoai-b2806229a2.pdf,11,LOP CHU TOT,0.1781,macOS Version 12.1 (Build 21C52) Quartz PDFContext,True,,
van-ban-tong-hop,ngoai-b1cb87e6ee.pdf,10,LOP CHU TOT,0.2323,Microsoft® Word for Microsoft 365,False,,
van-ban-tong-hop,ngoai-d46657ae3b.pdf,10,LOP CHU TOT,0.2302,Microsoft: Print To PDF,True,,
van-ban-tong-hop,ngoai-78d9e89d4a.pdf,10,LOP CHU TOT,0.2368,Microsoft® Word for Microsoft 365,False,,
van-ban-tong-hop,ngoai-3c827e1752.pdf,8,LOP CHU TOT,0.2216,Microsoft: Print To PDF,True,,
van-ban-tong-hop,ngoai-793d261296.pdf,6,LOP CHU TOT,0.2023,Microsoft: Print To PDF,True,,
van-ban-tong-hop,ngoai-1f6f3d65ac.pdf,9,LOP CHU TOT,0.2264,Microsoft® Word for Microsoft 365,False,,
van-ban-tong-hop,ngoai-35f625904d.pdf,9,LOP CHU TOT,0.2258,Microsoft® Word for Microsoft 365,False,,
van-ban-tong-hop,ngoai-21dcaf3f07.pdf,7,LOP CHU TOT,0.2088,Microsoft® Word for Microsoft 365,False,,
van-ban-tong-hop,ngoai-e8914769dd.pdf,8,LOP CHU TOT,0.2082,Microsoft: Print To PDF,True,,
van-ban-tong-hop,ngoai-ada36ba6ed.pdf,7,LOP CHU TOT,0.2091,Microsoft: Print To PDF,True,,
van-ban-tong-hop,ngoai-4ed4ec2ea1.pdf,6,LOP CHU TOT,0.2107,Microsoft® Word for Microsoft 365,False,,
van-ban-tong-hop,ngoai-af6f1613ff.pdf,10,LOP CHU TOT,0.2132,Microsoft: Print To PDF,True,,
van-ban-tong-hop,ngoai-03d7ebbcb2.pdf,11,LOP CHU TOT,0.2175,Microsoft: Print To PDF,True,,
van-ban-tong-hop,ngoai-debf90a165.pdf,10,LOP CHU TOT,0.2323,Microsoft® Word for Microsoft 365,False,,
van-ban-tong-hop,ngoai-6c9c018a54.pdf,11,LOP CHU TOT,0.2323,Microsoft® Word for Microsoft 365,False,,
van-ban-tong-hop,ngoai-cb3e59e5a9.pdf,8,LOP CHU TOT,0.2232,Microsoft® Word for Microsoft 365,False,,
van-ban-tong-hop,ngoai-d03a3a81a4.pdf,9,LOP CHU TOT,0.1790,Microsoft: Print To PDF,True,,
van-ban-tong-hop,ngoai-6b5336cf37.pdf,10,LOP CHU TOT,0.2238,Microsoft® Word for Microsoft 365,False,,
van-ban-tong-hop,ngoai-d6146fd652.pdf,9,LOP CHU TOT,0.2163,Microsoft: Print To PDF,True,,
van-ban-tong-hop,ngoai-61b510f3a6.pdf,9,LOP CHU TOT,0.2228,Microsoft® Word for Microsoft 365,False,,
van-ban-tong-hop,ngoai-f3f8e8f547.pdf,10,LOP CHU TOT,0.2226,Microsoft® Word for Microsoft 365,False,,
van-ban-tong-hop,ngoai-28931181db.pdf,6,LOP CHU TOT,0.2007,Microsoft: Print To PDF,True,,
van-ban-tong-hop,ngoai-75bb5369c0.pdf,9,LOP CHU TOT,0.2236,Microsoft® Word for Microsoft 365,False,,
van-ban-tong-hop,ngoai-f0814ddd0e.pdf,11,LOP CHU TOT,0.2566,Microsoft® Word for Microsoft 365,False,,
van-ban-tong-hop,ngoai-c3d0b266bc.pdf,6,LOP CHU TOT,0.2007,Microsoft: Print To PDF,True,,
van-ban-tong-hop,ngoai-5587a1ef70.pdf,13,LOP CHU TOT,0.2372,Microsoft® Word for Microsoft 365,False,,
van-ban-tong-hop,ngoai-6e7824ae5a.pdf,7,LOP CHU TOT,0.1756,Microsoft® Word for Microsoft 365,False,,
van-ban-tong-hop,ngoai-7ca921e1d1.pdf,7,LOP CHU TOT,0.2109,Microsoft: Print To PDF,True,,
van-ban-tong-hop,ngoai-c4d79dbf43.pdf,9,LOP CHU TOT,0.2251,Microsoft® Word for Microsoft 365,False,,
van-ban-tong-hop,ngoai-4672cb1162.pdf,10,LOP CHU TOT,0.2372,Microsoft® Word for Microsoft 365,False,,
van-ban-tong-hop,ngoai-8dbc721c88.pdf,10,LOP CHU TOT,0.2149,Microsoft: Print To PDF,True,,
van-ban-tong-hop,ngoai-21e4e1cfed.pdf,9,LOP CHU TOT,0.2301,Microsoft® Word for Microsoft 365,False,,
van-ban-tong-hop,ngoai-86105f8811.pdf,17,LOP CHU TOT,0.2004,Microsoft® Word for Microsoft 365,False,,
van-ban-tong-hop,ngoai-5dedd1d057.pdf,6,LOP CHU TOT,0.1978,macOS Version 12.1 (Build 21C52) Quartz PDFContext,True,,
van-ban-tong-hop,ngoai-3882113917.pdf,7,LOP CHU TOT,0.2147,Microsoft® Word for Microsoft 365,False,,
van-ban-tong-hop,ngoai-d164b0451c.pdf,10,LOP CHU TOT,0.2294,Microsoft® Word for Microsoft 365,False,,
van-ban-tong-hop,ngoai-b22c16b34e.pdf,10,LOP CHU TOT,0.2154,Microsoft® Word for Microsoft 365,False,,
van-ban-tong-hop,ngoai-1ae1753e1e.pdf,11,LOP CHU TOT,0.2412,Microsoft® Word for Microsoft 365,False,,
van-ban-tong-hop,ngoai-6e2bcb2bb8.pdf,11,LOP CHU TOT,0.2428,Microsoft® Word for Microsoft 365,False,,
van-ban-tong-hop,ngoai-feb0c45389.pdf,7,LOP CHU TOT,0.2243,Microsoft® Word for Microsoft 365,False,,
van-ban-tong-hop,ngoai-902113dfe4.pdf,9,LOP CHU TOT,0.2207,Microsoft® Word for Microsoft 365,False,,
van-ban-tong-hop,ngoai-de394250d0.pdf,9,LOP CHU TOT,0.2331,Microsoft® Word for Microsoft 365,False,,
van-ban-tong-hop,ngoai-3aa13e3e75.pdf,12,LOP CHU TOT,0.2223,Microsoft® Word for Microsoft 365,False,,
van-ban-tong-hop,ngoai-a8008acbd3.pdf,96,LOP CHU TOT,0.3554,Microsoft® Word for Microsoft 365,False,,
van-ban-tong-hop,ngoai-874ed8b7fa.pdf,134,LOP CHU TOT,0.3525,Microsoft® Word for Microsoft 365,False,,
van-ban-tong-hop,ngoai-2f0d69ec54.pdf,82,LOP CHU TOT,0.1982,macOS Version 11.6.8 (Build 20G730) Quartz PDFContext,True,,
van-ban-tong-hop,ngoai-8639d93b2e.pdf,78,LOP CHU TOT,0.1924,macOS Version 11.6.8 (Build 20G730) Quartz PDFContext,True,,
van-ban-tong-hop,ngoai-1611c0e4e0.pdf,149,LOP CHU TOT,0.1728,Microsoft: Print To PDF,True,,
van-ban-tong-hop,ngoai-3cd1de1fba.pdf,89,LOP CHU TOT,0.2545,Microsoft® Word for Microsoft 365,False,,
van-ban-tong-hop,ngoai-1c7aaa7297.pdf,140,LOP CHU TOT,0.1732,Microsoft: Print To PDF,True,,
van-ban-tong-hop,ngoai-854001a12a.pdf,94,LOP CHU TOT,0.2545,Microsoft® Word for Microsoft 365,False,,
van-ban-tong-hop,ngoai-cb94890dc4.pdf,106,LOP CHU TOT,0.2831,PDFium,True,,
van-ban-tong-hop,ngoai-ae54f9fd48.pdf,80,LOP CHU TOT,0.2782,Developer Express Inc. DXperience (tm) v21.2.5,True,,
van-ban-tong-hop,ngoai-c909e7406a.pdf,102,LOP CHU TOT,0.2841,Developer Express Inc. DXperience (tm) v21.2.5,True,,
van-ban-tong-hop,ngoai-b7211ff17f.pdf,123,LOP CHU TOT,0.1755,Microsoft® Word 2010,False,,
van-ban-tong-hop,ngoai-4f71db5add.pdf,154,QUET,,,,,
van-ban-tong-hop,ngoai-79307fb5f2.pdf,2,LOP CHU TOT,0.2820,macOS Version 10.15.7 (Build 19H2026) Quartz PDFContext,True,,
van-ban-tong-hop,ngoai-54a9b86610.pdf,3,QUET,,Epson Scan 2,,,
van-ban-tong-hop,ngoai-fa029c633e.pdf,4,QUET,,Epson Scan 2,,,
van-ban-tong-hop,ngoai-eb0ff131af.pdf,5,LOP CHU TOT,0.2670,Developer Express Inc. DXperience (tm) v21.2.5,True,,
van-ban-tong-hop,ngoai-4f210b8a58.pdf,4,LOP CHU TOT,0.2715,Microsoft® Word LTSC,False,,
van-ban-tong-hop,ngoai-01a5c9a2c0.pdf,4,LOP CHU TOT,0.2698,Microsoft® Word LTSC,False,,
van-ban-tong-hop,ngoai-f49cf00e64.pdf,2,LOP CHU TOT,0.2424,macOS Version 11.6.8 (Build 20G730) Quartz PDFContext,True,,
van-ban-tong-hop,ngoai-a81c2ecde2.pdf,5,LOP CHU TOT,0.2809,Microsoft: Print To PDF,True,,
van-ban-tong-hop,ngoai-b1e3917ca2.pdf,5,LOP CHU TOT,0.2839,Microsoft: Print To PDF,True,,
van-ban-tong-hop,ngoai-58fd48d87b.pdf,4,LOP CHU TOT,0.2488,PDFium,True,,
van-ban-tong-hop,ngoai-d2c2144738.pdf,4,LOP CHU TOT,0.2711,Developer Express Inc. DXperience (tm) v21.2.5,True,,
van-ban-tong-hop,ngoai-278614092a.pdf,5,QUET,,iTextSharp 5.1.1 (c) 1T3XT BVBA,,,
van-ban-tong-hop,ngoai-23dbd9b78a.pdf,6,QUET,,iTextSharp 5.1.1 (c) 1T3XT BVBA,,,
van-ban-tong-hop,ngoai-0db6bdcd89.pdf,4,QUET,,iTextSharp 5.1.1 (c) 1T3XT BVBA,,,
van-ban-tong-hop,ngoai-1d45a61235.pdf,4,QUET,,iTextSharp 5.1.1 (c) 1T3XT BVBA,,,
van-ban-tong-hop,ngoai-b475d8adb3.pdf,4,LOP CHU TOT,0.2649,Microsoft® Word 2016,False,,
van-ban-tong-hop,ngoai-a8c9dcc5f4.pdf,4,LOP CHU TOT,0.2848,Microsoft® Word 2016,False,,
van-ban-tong-hop,ngoai-80cfc66bef.pdf,4,LOP CHU TOT,0.2768,macOS Version 11.6.8 (Build 20G730) Quartz PDFContext,True,,
van-ban-tong-hop,ngoai-12de5956ba.pdf,3,LOP CHU TOT,0.2722,Microsoft® Word for Microsoft 365,False,,
van-ban-tong-hop,ngoai-9ce817567a.pdf,5,LOP CHU TOT,0.2740,Microsoft® Word for Microsoft 365,False,,
van-ban-tong-hop,ngoai-16b2563e98.pdf,5,LOP CHU TOT,0.2770,Microsoft® Word for Microsoft 365,False,,
van-ban-tong-hop,ngoai-5a8dcf7a7b.pdf,5,LOP CHU TOT,0.2633,PDFium,False,,
van-ban-tong-hop,ngoai-8f74e608c1.pdf,5,LOP CHU TOT,0.2613,PDFium,False,,
van-ban-tong-hop,ngoai-35f8536ca0.pdf,4,LOP CHU TOT,0.2761,Developer Express Inc. DXperience (tm) v21.2.5,True,,
van-ban-tong-hop,ngoai-b79659504f.pdf,4,LOP CHU TOT,0.2761,Developer Express Inc. DXperience (tm) v21.2.5,True,,
van-ban-tong-hop,ngoai-012031ab7c.pdf,27,LOP CHU TOT,0.1803,Microsoft: Print To PDF,True,,
van-ban-tong-hop,ngoai-23756228bb.pdf,28,LOP CHU TOT,0.1770,Microsoft: Print To PDF,True,,
van-ban-tong-hop,ngoai-ae8874b37d.pdf,16,LOP CHU TOT,0.2759,Developer Express Inc. DXperience (tm) v24.1.3,True,,
van-ban-tong-hop,ngoai-07a7dcc817.pdf,17,LOP CHU TOT,0.2764,Developer Express Inc. DXperience (tm) v21.2.5,True,,
van-ban-tong-hop,ngoai-8d0df5fc43.pdf,21,LOP CHU TOT,0.1768,macOS Version 11.6.8 (Build 20G730) Quartz PDFContext,True,,
van-ban-tong-hop,ngoai-cef3d6e8ae.pdf,20,LOP CHU TOT,0.1754,macOS Version 11.6.8 (Build 20G730) Quartz PDFContext,True,,
van-ban-tong-hop,ngoai-d977639fc1.pdf,19,LOP CHU TOT,0.2768,Developer Express Inc. DXperience (tm) v21.2.5,True,,
van-ban-tong-hop,ngoai-8e606916ab.pdf,41,QUET,,,,,
van-ban-tong-hop,ngoai-055d28ba5e.pdf,18,LOP CHU TOT,0.2716,PDFium,False,,
van-ban-tong-hop,ngoai-045200eb65.pdf,18,LOP CHU TOT,0.2713,PDFium,False,,
van-ban-tong-hop,ngoai-26cfbccbd2.pdf,73,LOP CHU TOT,0.1849,Microsoft® Word 2016,False,,
van-ban-tong-hop,ngoai-c403b5f40d.pdf,29,LOP CHU TOT,0.1782,Microsoft® Word 2016,False,,
van-ban-tong-hop,ngoai-5604447e2f.pdf,19,LOP CHU TOT,0.2720,Developer Express Inc. DXperience (tm) v21.2.5,True,,
van-ban-tong-hop,ngoai-4331e42f03.pdf,70,LOP CHU TOT,0.1831,Microsoft: Print To PDF,True,,
van-ban-tong-hop,ngoai-4d0a5074ca.pdf,71,LOP CHU TOT,0.1795,Microsoft: Print To PDF,True,,
van-ban-tong-hop,ngoai-7491020eb7.pdf,62,LOP CHU TOT,0.2590,PDFium,True,,
van-ban-tong-hop,ngoai-e8316c0c41.pdf,52,LOP CHU TOT,0.2735,Developer Express Inc. DXperience (tm) v21.2.5,True,,
van-ban-tong-hop,ngoai-7ff479da16.pdf,58,LOP CHU TOT,0.2754,Developer Express Inc. DXperience (tm) v21.2.5,True,,
van-ban-tong-hop,ngoai-ad88c11157.pdf,30,LOP CHU TOT,0.1903,macOS Version 11.6.8 (Build 20G730) Quartz PDFContext,True,,
van-ban-tong-hop,ngoai-ed39447b7d.pdf,33,LOP CHU TOT,0.1903,macOS Version 11.6.8 (Build 20G730) Quartz PDFContext,True,,
van-ban-tong-hop,ngoai-259a71a65f.pdf,82,QUET,,,,,
van-ban-tong-hop,ngoai-c483cd1ce9.pdf,59,LOP CHU TOT,0.2659,PDFium,False,,
van-ban-tong-hop,ngoai-3173eed4a4.pdf,59,LOP CHU TOT,0.2660,PDFium,False,,
van-ban-tong-hop,ngoai-8fc34aca4f.pdf,62,LOP CHU TOT,0.1774,Microsoft® Word 2016,False,,
van-ban-tong-hop,ngoai-7bd5b802bc.pdf,57,LOP CHU TOT,0.2689,Developer Express Inc. DXperience (tm) v21.2.5,True,,
van-ban-tong-hop,ngoai-0744c8fda8.pdf,56,LOP CHU TOT,0.2687,Developer Express Inc. DXperience (tm) v21.2.5,True,,
van-ban-tong-hop,ngoai-a820cb343c.pdf,79,LOP CHU TOT,0.1810,Microsoft® Word for Microsoft 365,False,,
van-ban-tong-hop,ngoai-bd8ec894a6.pdf,84,LOP CHU TOT,0.1765,Microsoft® Word for Microsoft 365,False,,
van-ban-tong-hop,ngoai-02e299632d.pdf,30,LOP CHU TOT,0.3482,Microsoft® Word for Microsoft 365,False,,
van-ban-tong-hop,ngoai-2fbc8a95db.pdf,72,LOP CHU TOT,0.3482,Microsoft® Word for Microsoft 365,False,,
van-ban-tong-hop,ngoai-89ebbb6c65.pdf,126,QUET,,Epson Scan 2,,,
van-ban-tong-hop,ngoai-d3e96f57bc.pdf,22,LOP CHU TOT,0.3478,Microsoft® Word for Microsoft 365,False,,
van-ban-tong-hop,ngoai-c7ce826f03.pdf,21,LOP CHU TOT,0.3478,Microsoft® Word for Microsoft 365,False,,
van-ban-tong-hop,ngoai-7bcc284cac.pdf,17,LOP CHU TOT,0.2588,PDFium,True,,
van-ban-tong-hop,ngoai-4153728527.pdf,2,LOP CHU TOT,0.2716,macOS Version 10.15.7 (Build 19H2026) Quartz PDFContext,True,,
van-ban-tong-hop,ngoai-ac48ec4481.pdf,30,LOP CHU TOT,0.1811,Microsoft® Word for Microsoft 365,False,,
van-ban-tong-hop,ngoai-536cfb3606.pdf,32,LOP CHU TOT,0.1704,Microsoft® Word for Microsoft 365,False,,
van-ban-tong-hop,ngoai-6df571f536.pdf,19,LOP CHU TOT,0.2715,Developer Express Inc. DXperience (tm) v24.1.3,True,,
van-ban-tong-hop,ngoai-d0af907d77.pdf,27,QUET,,Epson Scan 2,,,
van-ban-tong-hop,ngoai-2d759c3260.pdf,35,LOP CHU TOT,0.1700,Microsoft® Word for Microsoft 365,False,,
van-ban-tong-hop,ngoai-d6f0a1a3c5.pdf,25,LOP CHU TOT,0.1692,Microsoft® Word for Microsoft 365,False,,
van-ban-tong-hop,ngoai-1a175e5b63.pdf,19,LOP CHU TOT,0.2718,Developer Express Inc. DXperience (tm) v21.2.5,True,,
van-ban-tong-hop,ngoai-419dc10493.pdf,644,QUET,,iLovePDF,,,
van-ban-tong-hop,ngoai-fcbfae5820.pdf,742,QUET,,iLovePDF,,,
van-ban-tong-hop,ngoai-62407a732e.pdf,828,LOP CHU TOT,0.2624,iTextSharp 5.1.1 (c) 1T3XT BVBA,,,
van-ban-tong-hop,ngoai-cd00a25cc2.pdf,1176,LOP CHU TOT,0.2567,iTextSharp 5.1.1 (c) 1T3XT BVBA,,,
van-ban-tong-hop,ngoai-c3e3a2f9d0.pdf,872,LOP CHU TOT,0.2511,Nitro Pro 13,False,,
van-ban-tong-hop,ngoai-bae1f65e53.pdf,1127,LOP CHU TOT,0.2568,Nitro Pro 13,False,,
van-ban-tong-hop,ngoai-ea7c7d8778.pdf,998,LOP CHU TOT,0.2633,PDFium,False,,
van-ban-tong-hop,ngoai-8206db5887.pdf,1026,LOP CHU TOT,0.2565,PDFium,False,,
van-ban-tong-hop,ngoai-79b0145f8b.pdf,893,LOP CHU TOT,0.2605,Developer Express Inc. DXperience (tm) v21.2.5,True,,
van-ban-tong-hop,ngoai-55040a06dd.pdf,883,LOP CHU TOT,0.2011,Foxit PhantomPDF Printer Version 7.1.0.112,False,,
van-ban-tong-hop,ngoai-dfdb3219bc.pdf,1024,LOP CHU TOT,0.2196,Foxit PhantomPDF Printer Version 7.1.0.112,False,,
van-ban-tong-hop,ngoai-90b23b4401.pdf,977,LOP CHU TOT,0.2756,Developer Express Inc. DXperience (tm) v21.2.5,True,,
van-ban-tong-hop,ngoai-7d7a326384.pdf,936,LOP CHU TOT,0.2703,Developer Express Inc. DXperience (tm) v21.2.5,True,,
van-ban-tong-hop,ngoai-92676c1cb7.pdf,342,QUET,,PDFium,,,
van-ban-tong-hop,ngoai-5291801cfc.pdf,1234,LOP CHU TOT,0.2893,Microsoft® Word 2010,False,,
van-ban-tong-hop,ngoai-95a01d8209.pdf,4,LOP CHU TOT,0.2717,Microsoft® Word for Microsoft 365,False,,
van-ban-tong-hop,ngoai-bce8c90b4b.pdf,87,LOP CHU TOT,0.2915,Developer Express Inc. DXperience (tm) v24.1.3,True,,
van-ban-tong-hop,ngoai-e5f8c592cc.pdf,125,LOP CHU TOT,0.2848,PDFium,False,,
van-ban-tong-hop,ngoai-de4b2e5b89.pdf,111,LOP CHU TOT,0.2854,PDFium,False,,
van-ban-tong-hop,ngoai-c80e56e5dc.pdf,112,LOP CHU TOT,0.1670,Microsoft® Word 2016,False,,
van-ban-tong-hop,ngoai-fa1689ad5b.pdf,89,LOP CHU TOT,0.2538,Developer Express Inc. DXperience (tm) v21.2.5,True,,
van-ban-tong-hop,ngoai-4ac069f5bd.pdf,88,LOP CHU TOT,0.2593,Developer Express Inc. DXperience (tm) v21.2.5,True,,
van-ban-tong-hop,ngoai-d91e2f86e3.pdf,274,QUET,,RICOH MP 6054,,,
van-ban-tong-hop,ngoai-9275e03dfa.pdf,248,QUET,,RICOH MP 6054,,,
van-ban-tong-hop,ngoai-19395978b8.pdf,116,QUET,,RICOH MP 6054,,,
van-ban-tong-hop,ngoai-2713af7380.pdf,88,QUET,,RICOH MP 6054,,,
van-ban-tong-hop,ngoai-7bfd3d4d91.pdf,14,QUET,,iLovePDF,,,
van-ban-tong-hop,ngoai-d5094dd148.pdf,12,QUET,,iLovePDF,,,
van-ban-tong-hop,ngoai-b46891e610.pdf,11,QUET,,iLovePDF,,,
van-ban-tong-hop,ngoai-bcd37eacb7.pdf,256,QUET,,RICOH MP 6054,,,
van-ban-tong-hop,ngoai-ef875a6141.pdf,234,QUET,,RICOH MP 6054,,,
van-ban-tong-hop,ngoai-e9ee8bd924.pdf,174,QUET,,RICOH MP 6054,,,
van-ban-tong-hop,ngoai-ef06d772e0.pdf,152,QUET,,RICOH MP 6054,,,
van-ban-tong-hop,ngoai-f287583dba.pdf,5,LOP CHU TOT,0.2911,Microsoft® Word 2013,False,,
van-ban-tong-hop,ngoai-acc41a0d99.pdf,120,LOP CHU TOT,0.1857,macOS Version 12.1 (Build 21C52) Quartz PDFContext,True,,
van-ban-tong-hop,ngoai-5a09fe7438.pdf,5,LOP CHU TOT,0.2648,macOS Version 12.1 (Build 21C52) Quartz PDFContext,True,,
van-ban-tong-hop,ngoai-3c7709d32a.pdf,41,LOP CHU TOT,0.1921,macOS Version 12.1 (Build 21C52) Quartz PDFContext,True,,
van-ban-tong-hop,ngoai-13383e57f9.pdf,23,LOP CHU TOT,0.1760,macOS Version 12.1 (Build 21C52) Quartz PDFContext,True,,
van-ban-tong-hop,ngoai-6a1561b5d2.pdf,4,QUET,,Epson Scan 2,,,
van-ban-tong-hop,ngoai-73c439a535.pdf,1,LOP CHU TOT,0.2775,Microsoft® Word 2019,False,,
van-ban-tong-hop,ngoai-3972943003.pdf,36,LOP CHU TOT,0.1295,Microsoft® Word for Microsoft 365,False,,
van-ban-tong-hop,ngoai-100ccb0165.pdf,47,LOP CHU TOT,0.1415,Microsoft® Word for Microsoft 365,False,,
van-ban-tong-hop,ngoai-81bc14d2ac.pdf,53,LOP CHU TOT,0.3154,Microsoft® Word for Microsoft 365,False,,
van-ban-tong-hop,ngoai-77db1b1496.pdf,28,LOP CHU TOT,0.1365,Microsoft® Word for Microsoft 365,False,,
van-ban-tong-hop,ngoai-3a8386cc39.pdf,25,LOP CHU TOT,0.1373,Microsoft® Word for Microsoft 365,False,,
van-ban-tong-hop,ngoai-0e15f60351.pdf,43,LOP CHU TOT,0.1759,Microsoft® Word for Microsoft 365,False,,
van-ban-tong-hop,ngoai-34984e8833.pdf,51,LOP CHU TOT,0.2029,Microsoft® Word for Microsoft 365,False,,
van-ban-tong-hop,ngoai-7f71bb6564.pdf,33,LOP CHU TOT,0.2045,Microsoft® Word for Microsoft 365,False,,
van-ban-tong-hop,ngoai-debf53e5ac.pdf,5,LOP CHU TOT,0.2822,Microsoft® Word 2013,,,
van-ban-tong-hop,ngoai-bf43f017f9.pdf,17,LOP CHU TOT,0.2869,Microsoft® Word for Microsoft 365,False,,
van-ban-tong-hop,ngoai-e677451629.pdf,12,LOP CHU TOT,0.2791,Microsoft® Word for Microsoft 365,False,,
van-ban-tong-hop,ngoai-3cf3c81b25.pdf,6,QUET,,Haru Free PDF Library 2.3.0RC2,,,
van-ban-tong-hop,ngoai-8e0c81f6cd.pdf,2,LOP CHU TOT,0.2686,Microsoft® Word LTSC,False,,
van-ban-tong-hop,ngoai-1b8858711b.pdf,2,LOP CHU TOT,0.2638,Microsoft® Word LTSC,False,,
van-ban-tong-hop,0131_KH_2021_NA.pdf,5,QUET,,PFU PDF Library 1.4.2,,131,KH
van-ban-tong-hop,0016_UNK_2016_NA.pdf,2,QUET,,,,16,UNK
van-ban-tong-hop,0029_UNK_0000_NA.pdf,1,LOP CHU HONG,0.0000,DPE Build 5656,True,29,UNK
van-ban-tong-hop,ngoai-12131d75e9.pdf,1,LOP CHU HONG,0.0000,DPE Build 5656,True,,
van-ban-tong-hop,ngoai-94354ec81a.pdf,2,QUET,,PFU PDF Library 1.4.2,,,
van-ban-tong-hop,ngoai-92fb535c82.pdf,2,QUET,,,,,
van-ban-tong-hop,ngoai-bb3725e630.pdf,1,LOP CHU TOT,0.2845,Foxit Phantom Printer Version 3.0.3.0804,True,,
van-ban-tong-hop,ngoai-943c188d0e.pdf,2,QUET,,,,,
van-ban-tong-hop,ngoai-9cc4cbd606.pdf,2,QUET,,PFU PDF Library 1.2.1,,,
van-ban-tong-hop,ngoai-33d36378f9.pdf,1,QUET,,,,,
van-ban-tong-hop,ngoai-5e0cd36695.pdf,1,QUET,,,,,
van-ban-tong-hop,ngoai-e9bacc0500.pdf,4,QUET,,,,,
van-ban-tong-hop,ngoai-e56b341c9c.pdf,4,QUET,,,,,
van-ban-tong-hop,ngoai-2d11ba8fb1.pdf,1,LOP CHU TOT,0.3096,Apache FOP Version 1.1,True,,
van-ban-tong-hop,ngoai-f8e9684d2d.pdf,2,QUET,,PFU PDF Library 1.2.1,,,
van-ban-tong-hop,0006_QD_2016_NA.pdf,1,LOP CHU HONG,0.0000,DPE Build 5656,True,6,QD
van-ban-tong-hop,0035_QD_2016_NA.pdf,2,QUET,,,,35,QD
van-ban-tong-hop,0049_QD_0000_DHKT.pdf,14,QUET,,,,49,QD
van-ban-tong-hop,0165_QD_2016_NA.pdf,1,LOP CHU HONG,0.0000,DPE Build 5656,True,165,QD
van-ban-tong-hop,0209_QD_0000_DHKT.pdf,1,LOP CHU HONG,0.0000,DPE Build 5656,True,209,QD
van-ban-tong-hop,0227_QD_0000_DHKT.pdf,2,LOP CHU HONG,0.0000,DPE Build 5656,True,227,QD
van-ban-tong-hop,0249_QD_2017_NA.pdf,2,QUET,,,,249,QD
van-ban-tong-hop,0337_QD_0000_DHKT.pdf,2,QUET,,,,337,QD
van-ban-tong-hop,0338_QD_0000_DHKT.pdf,2,QUET,,,,338,QD
van-ban-tong-hop,0344_QD_0000_DHKT.pdf,2,QUET,,,,344,QD
van-ban-tong-hop,0345_QD_0000_DHKT-2.pdf,2,QUET,,,,345,QD
van-ban-tong-hop,0370_QD_2020_NA.pdf,6,QUET,,PFU PDF Library 1.4.2,,370,QD
van-ban-tong-hop,0433_QD_2014_DHKT_15-07.pdf,1,LOP CHU HONG,0.0000,DPE Build 5656,True,433,QD
van-ban-tong-hop,0434_QD_2021_NA.pdf,1,QUET,,PFU PDF Library 1.4.2,,434,QD
van-ban-tong-hop,0471_QD_0000_DHKT-2.pdf,2,LOP CHU HONG,0.0000,DPE Build 5656,True,471,QD
van-ban-tong-hop,0477_QD_0000_DHKT-3.pdf,1,LOP CHU HONG,0.0000,DPE Build 5656,True,477,QD
van-ban-tong-hop,0503_QD_0000_DHKT.pdf,4,LOP CHU HONG,0.0000,DPE Build 5656,True,503,QD
van-ban-tong-hop,0534_QD_0000_DHKT-2.pdf,1,LOP CHU HONG,0.0000,DPE Build 5656,True,534,QD
van-ban-tong-hop,0576_QD_0000_DHKT-3.pdf,2,LOP CHU HONG,0.0000,DPE Build 5656,True,576,QD
van-ban-tong-hop,0596_QD_0000_DHKT-2.pdf,1,LOP CHU HONG,0.0000,DPE Build 5656,True,596,QD
van-ban-tong-hop,0611_QD_0000_DHKT-2.pdf,3,LOP CHU HONG,0.0000,DPE Build 5656,True,611,QD
van-ban-tong-hop,0683_QD_2023_NA.pdf,2,QUET,,PFU PDF Library 1.4.2,,683,QD
van-ban-tong-hop,0696_QD_0000_DHKT.pdf,2,LOP CHU HONG,0.0000,DPE Build 5656,True,696,QD
van-ban-tong-hop,0755_QD_0000_DHKT.pdf,1,LOP CHU HONG,0.0000,DPE Build 5656,True,755,QD
van-ban-tong-hop,0006_TB_0000_DHKT.pdf,8,LOP CHU HONG,0.0000,DPE Build 5656,True,6,TB
van-ban-tong-hop,0010_TB_2017_NA.pdf,1,QUET,,,,10,TB
van-ban-tong-hop,0039_TB_2014_DHKT_25-07.pdf,4,LOP CHU HONG,0.0000,DPE Build 5656,True,39,TB
van-ban-tong-hop,0042_TB_2021_NA.pdf,1,QUET,,PFU PDF Library 1.4.2,,42,TB
van-ban-tong-hop,0043_TB_0000_DHKT-2.pdf,1,LOP CHU HONG,0.0000,DPE Build 5656,True,43,TB
van-ban-tong-hop,0044_TB_2013_DHKT_24-08.pdf,1,QUET,,,,44,TB
van-ban-tong-hop,0044_TB_2022_NA.pdf,1,QUET,,PFU PDF Library 1.4.2,,44,TB
van-ban-tong-hop,0053_TB_0000_DHKT-3.pdf,5,LOP CHU HONG,0.0000,DPE Build 5656,True,53,TB
van-ban-tong-hop,0059_TB_0000_DHKT-2.pdf,3,QUET,,,,59,TB
van-ban-tong-hop,0061_TB_2021_NA-2.pdf,2,QUET,,PFU PDF Library 1.4.2,,61,TB
van-ban-tong-hop,0064_TB_2021_NA.pdf,1,QUET,,PFU PDF Library 1.4.2,,64,TB
dau-van-ban,ngoai-88e7d804a3-2.pdf,30,LOP CHU TOT,0.2848,Microsoft® Word 2019; modified using iTextSharp™ 5.5.9 ©2000,False,,
dau-van-ban,ngoai-a8cc80b322-2.pdf,14,QUET,,RICOH MP 2555,,,
dau-van-ban,ngoai-a6c6ebbafb-2.pdf,11,LOP CHU HONG,0.0007,PDFium,False,,
dau-van-ban,ngoai-115b2b4a6d-2.pdf,9,QUET,,PDFium,,,
dau-van-ban,ngoai-d24437c6f1-2.pdf,33,LOP CHU TOT,0.2836,Microsoft: Print To PDF,True,,
dau-van-ban,ngoai-1d662e2d23-2.pdf,115,LOP CHU HONG,0.0007,OmniPageCSDK18; modified using iTextSharp™ 5.5.9 ©2000-2016 ,False,,
dau-van-ban,ngoai-3ad20f65f0-2.pdf,32,LOP CHU TOT,0.2977,Adobe PDF Library 21.1.177,True,,
dau-van-ban,ngoai-34c6f42a2a-2.pdf,12,QUET,,RICOH Aficio MP 9002,,,
dau-van-ban,ngoai-dbcfc61f99-2.pdf,20,LOP CHU TOT,0.3115,Mac OS X 10.12.6 Quartz PDFContext,False,,
dau-van-ban,ngoai-b989521a02-2.pdf,21,QUET,,HP Scan Extended Application; modified using iTextSharp™ 5.5,,,
dau-van-ban,ngoai-a202958015-2.pdf,34,LOP CHU TOT,0.1771,PDFium,,,
dau-van-ban,ngoai-3d0cf82244-2.pdf,18,QUET,,Epson Scan 2,,,
dau-van-ban,ngoai-6a7be8418c-2.pdf,10,QUET,,PDFium,,,
dau-van-ban,ngoai-a4d6660308-2.pdf,9,LOP CHU TOT,0.1771,PDFium,,,
dau-van-ban,ngoai-e65b48c127-2.pdf,25,QUET,,PDFium,,,
dau-van-ban,ngoai-fbdec9f0bf-2.pdf,67,LOP CHU TOT,0.1702,PDFium,,,
dau-van-ban,ngoai-d0f7fce686-2.pdf,6,QUET,,PDFScanLib v1.2.2 in Adobe Acrobat 7.0,,,
dau-van-ban,ngoai-11f352ca21-2.pdf,11,LOP CHU TOT,0.1702,PDFium,,,
dau-van-ban,ngoai-fa7ab1a7d1.pdf,5,QUET,,PFU PDF Library 1.4.2,,,
dau-van-ban,ngoai-bf43f017f9-2.pdf,17,LOP CHU TOT,0.2869,Microsoft® Word for Microsoft 365,False,,
dau-van-ban,ngoai-22dea144b3-2.pdf,5,QUET,,macOS Version 10.15.7 (Build 19H15) Quartz PDFContext,,,
dau-van-ban,ngoai-e677451629-2.pdf,12,LOP CHU TOT,0.2791,Microsoft® Word for Microsoft 365,False,,
dau-van-ban,ngoai-3cf3c81b25-2.pdf,6,QUET,,Haru Free PDF Library 2.3.0RC2,,,
dau-van-ban,ngoai-6f0dcf302c.pdf,16,QUET,,PFU PDF Library 1.4.2,,,
dau-van-ban,ngoai-f6b93f9594.pdf,16,QUET,,PFU PDF Library 1.4.2,,,
dau-van-ban,ngoai-e6e7453573.pdf,19,QUET,,PFU PDF Library 2.0.1,,,
dau-van-ban,ngoai-f5effa0d24-2.pdf,6,QUET,,PDFium,,,
dau-van-ban,ngoai-4e7b8b3251.pdf,10,QUET,,PFU PDF Library 1.4.2,,,
dau-van-ban,ngoai-cb2cd4b09b.pdf,4,QUET,,,,,
dau-van-ban,ngoai-0ce35e118b-2.pdf,13,QUET,,Epson Scan 2,,,
dau-van-ban,ngoai-72c787dc0d.pdf,2,QUET,,,,,
dau-van-ban,ngoai-76f0245a36.pdf,3,QUET,,PFUPDF Engine 1.2.0,,,
dau-van-ban,ngoai-3972943003-2.pdf,36,LOP CHU TOT,0.1295,Microsoft® Word for Microsoft 365,False,,
dau-van-ban,ngoai-100ccb0165-2.pdf,47,LOP CHU TOT,0.1415,Microsoft® Word for Microsoft 365,False,,
dau-van-ban,ngoai-81bc14d2ac-2.pdf,53,LOP CHU TOT,0.3154,Microsoft® Word for Microsoft 365,False,,
dau-van-ban,ngoai-77db1b1496-2.pdf,28,LOP CHU TOT,0.1365,Microsoft® Word for Microsoft 365,False,,
dau-van-ban,ngoai-3a8386cc39-2.pdf,25,LOP CHU TOT,0.1373,Microsoft® Word for Microsoft 365,False,,
dau-van-ban,ngoai-0e15f60351-2.pdf,43,LOP CHU TOT,0.1759,Microsoft® Word for Microsoft 365,False,,
dau-van-ban,ngoai-34984e8833-2.pdf,51,LOP CHU TOT,0.2029,Microsoft® Word for Microsoft 365,False,,
dau-van-ban,ngoai-7f71bb6564-2.pdf,33,LOP CHU TOT,0.2045,Microsoft® Word for Microsoft 365,False,,
edu-legal-crawl,ngoai-80632d067d.pdf,,QUET,,,,,
edu-legal-crawl,ngoai-d6c7eb157b.pdf,,QUET,,,,,
edu-legal-crawl,ngoai-00f0039f71.pdf,,QUET,,,,,
edu-legal-crawl,ngoai-78fbb24898.pdf,23,QUET,,Haru Free PDF Library 2.1.0,,,
edu-legal-crawl,ngoai-6ffb91cd00.pdf,19,LOP CHU TOT,0.1702,PDFill: Free PDF Writer and Tools; modified using VGCA.Base ,,,
edu-legal-crawl,ngoai-38860c24fc.pdf,9,LOP CHU TOT,0.1702,PDFill: Free PDF Writer and Tools; modified using VGCA.Base ,,,
edu-legal-crawl,ngoai-a57378f01a.pdf,13,LOP CHU TOT,0.1702,PDFill: Free PDF Writer and Tools; modified using VGCA.Base ,,,
edu-legal-crawl,ngoai-5d22516fc6.pdf,28,LOP CHU TOT,0.1702,PDFill: Free PDF Writer and Tools; modified using VGCA.Base ,,,
edu-legal-crawl,ngoai-9acf858099.pdf,67,LOP CHU TOT,0.1702,Kodak Alaris Inc.     ; modified using VGCA.Base 5.2.1 (c) 1,,,
edu-legal-crawl,ngoai-07418280c3.pdf,24,LOP CHU TOT,0.1702,Kodak Alaris Inc.     ; modified using VGCA.Base 5.2.1 (c) 1,,,
edu-legal-crawl,ngoai-3f2601b6d9.pdf,28,LOP CHU TOT,0.1702,Kodak Alaris Inc.     ; modified using VGCA.Base 5.2.1 (c) 1,,,
edu-legal-crawl,ngoai-cef1974e5b.pdf,22,LOP CHU TOT,0.1702,Kodak Alaris Inc.     ; modified using VGCA.Base 5.2.1 (c) 1,,,
edu-legal-crawl,ngoai-40c08807e6.pdf,6,LOP CHU TOT,0.3070,itext-paulo-155 (itextpdf.sf.net-lowagie.com); modified usin,False,,
edu-legal-crawl,ngoai-c5cc2aa00b.pdf,10,LOP CHU TOT,0.1702,Kodak Alaris Inc.     ; modified using VGCA.Base 5.2.1 (c) 1,,,
edu-legal-crawl,ngoai-0b379f3a13.pdf,22,LOP CHU TOT,0.1771,Kodak Alaris Inc.     ; modified using iTextSharp™ 5.5.5 ©20,,,
edu-legal-crawl,ngoai-c70264507c.pdf,18,LOP CHU TOT,0.1771,Kodak Alaris Inc.     ; modified using iTextSharp™ 5.5.5 ©20,,,
edu-legal-crawl,ngoai-91393eec28.pdf,3,LOP CHU TOT,0.1771,Kodak Alaris Inc.     ; modified using iTextSharp™ 5.5.5 ©20,,,
edu-legal-crawl,ngoai-06733624b2.pdf,60,LOP CHU TOT,0.1771,Kodak Alaris Inc.     ; modified using iTextSharp™ 5.5.5 ©20,,,
edu-legal-crawl,ngoai-179c66f830.pdf,165,LOP CHU TOT,0.1771,Kodak Alaris Inc.     ; modified using iTextSharp™ 5.5.5 ©20,,,
edu-legal-crawl,ngoai-05a3c262ba.pdf,13,LOP CHU TOT,0.2986,Microsoft® Word 2019; modified using iTextSharp™ 5.5.9 ©2000,False,,
edu-legal-crawl,ngoai-cc6467f14c.pdf,44,LOP CHU TOT,0.1771,Kodak Alaris Inc.     ; modified using iTextSharp™ 5.5.5 ©20,,,
edu-legal-crawl,ngoai-a92a196e0f.pdf,9,QUET,,HP Scan Extended Application; modified using iTextSharp™ 5.5,,,
edu-legal-crawl,ngoai-da336edf35.pdf,82,LOP CHU HONG,0.0000,OmniPageCSDK18; modified using iTextSharp™ 5.5.9 ©2000-2016 ,False,,
edu-legal-crawl,ngoai-8fe50b09a9.pdf,115,LOP CHU HONG,0.0007,OmniPageCSDK18; modified using iTextSharp™ 5.5.9 ©2000-2016 ,False,,
edu-legal-crawl,ngoai-8a534c05f0.pdf,10,LOP CHU HONG,0.0002,OmniPageCSDK18; modified using iTextSharp™ 5.5.9 ©2000-2016 ,False,,
edu-legal-crawl,ngoai-202110ec26.pdf,34,LOP CHU TOT,0.1771,Kodak Alaris Inc.     ; modified using iTextSharp™ 5.5.5 ©20,,,
edu-legal-crawl,ngoai-1cdfc5d020.pdf,15,QUET,,HP Scan Extended Application; modified using iText® Core 7.2,,,
edu-legal-crawl,ngoai-dfefc79af4.pdf,4,LOP CHU TOT,0.1771,Kodak Alaris Inc.     ; modified using iTextSharp™ 5.5.5 ©20,,,
edu-legal-crawl,ngoai-6ef1067fc8.pdf,24,LOP CHU TOT,0.1771,Kodak Alaris Inc.     ; modified using iTextSharp™ 5.5.5 ©20,,,
edu-legal-crawl,ngoai-1ddfe07dd8.pdf,88,LOP CHU TOT,0.1771,Kodak Alaris Inc.     ; modified using iTextSharp™ 5.5.5 ©20,,,
edu-legal-crawl,ngoai-986e16b324.pdf,10,LOP CHU TOT,0.1771,Kodak Alaris Inc.     ; modified using iTextSharp™ 5.5.5 ©20,,,
edu-legal-crawl,ngoai-459568361c.pdf,3,QUET,,HP Scan Extended Application; modified using iText® Core 7.2,,,
edu-legal-crawl,ngoai-d8cb59ef21.pdf,19,LOP CHU TOT,0.1771,Kodak Alaris Inc.     ; modified using iTextSharp™ 5.5.5 ©20,,,
edu-legal-crawl,ngoai-70fb20be08.pdf,,QUET,,,,,
edu-legal-crawl,ngoai-d2bd75cb75.pdf,,QUET,,,,,
